text,label,dialect,type
نلتقي أو مانلتقي أنت في حفظ الله وفي قلبي أنا,0,standard,positive
غبي الله يزيد غبائك,0,standard,negative
برافو بغض النظر عن الدين الواحد يحافظ غ على انسانيته دبا بنادم كيدير شي افعال يخوه تستحي الوحوش تفعلها بنظيرتها و اللي هي غ وحوش انعدمت الانسانية بغض النظر عن التوجه الديني الا من رحم ربي,1,dialectal,mixed
نظام الهيما لمكافحة التصحر,0,standard,neutral
فصبر جميل ۖ والله المستعان على ما تصفون,0,standard,neutral
فيديو عظيم تحياتي بهاد الطريقة بامكانك تتخصص في فلسفة العلوم خصوصا فلسفة الرياضيات,0,standard,positive
لاعب لا يستحق كل تلك الاموال,0,standard,negative
جميعهم خريجو المدرسة الملكية,0,standard,neutral
حناجر أساتذة تنادي بإسقاط التعاقد في وزان,0,standard,neutral
قصة الأندلس من القصص لي كتعجبني بزاف خصوصا الفترة ديال عبد الرحمان الداخل,1,dialectal,positive
كلك ذوق شكرا,0,standard,positive
اقلهن مهرا اكثرهن بركة,0,standard,positive
أجاكس يكافئ مزراوي على تألقه بتمديد العقد,0,standard,neutral
أصبت و الله ياليت كل عابر يعتبر,0,standard,neutral
تسلم يا الغالي لكن بعض الناس الله يهديهم يبحثون عن السبب ليجعلو من الحبة قبة,1,dialectal,mixed
لقيتك نور الدنيا ، لقيتك من عجايبها,1,dialectal,positive
ضحكت من اجل انقاذ مستقبلي,0,standard,positive
أتمنى ان لا ينشدك الحنين الى المغرب,0,standard,positive
استغفر الله العظيم واتوب إليه,0,standard,positive
إختلت موازينك ياوطني حتى صارت سماءك تمطر عهرا,0,standard,negative
غتلقاه في منجد غزل للاكتشافات,1,dialectal,neutral
اللهم أغثنا ولا تجعلنا من القانطين اللهم أنت الغني ونحن الفقراء، اللهم انشر علينا رحمتك بالسحاب، سحابا مغيثا هنيئا نافعا غير ضار,0,standard,positive
حتى انت عزيزة عليك القهوة؛,1,dialectal,neutral
جرحوني يوم قالوا لو يحبك ما رحل,0,standard,negative
خط جميل ما شاء الله,0,standard,positive
سيأتي دور أيامك الجميلة وأحلامك الحلوة,0,standard,positive
الحمد لله الحدود مسدودة,0,standard,positive
لا لا ماكاينش داكشي غير كذبو عليك,1,dialectal,neutral
مساء الورد وياسمين يا اخي جمال الله يسعدك في دارين وكل اهل واحباب,0,standard,positive
صباحكم سعيد,0,standard,positive
اطمئن فما ضاقت إلا ليفرجها الله عليك فصبرا,0,standard,positive
الصيف هنا مكاين غي الإحتفالات,1,dialectal,positive
وعدتكم بالابداع فرأينا الامتاع والابداع واجمل كورة,0,standard,positive
غدا ان شاء الله غادي ندخلوا فعام جديد و إن كان بالنسبة ليا عام ولا يرحم على عام التجارة غادي كتنقص التربية غادي و كتفلس البؤس غير متايزيد و حنا غادين و نكبرو المهم الله يكبرنا على طاعة الله و سنة سعيدة و تكون احسن من اللي دازت,1,dialectal,mixed
حشومة عليهم,1,dialectal,negative
اعتقد أنك بحاجة ماسة لزيارة أقرب طبيب نفساني انت حالة نفسية مرضية,0,standard,negative
مرحبا الله يسخر,1,dialectal,positive
شكون بحالك,1,dialectal,positive
ستعيش الامة الاسلامية اسوأ خمس سنوات في تاريخها ستصل الى الحضيض المطلق و تنهار,0,standard,negative
اللهم إني قد سامحت نفسي وسامحت كل من أساء إلي اللهم فاشهد اللهم عوضني عوضا من عندك يرضيني ويقربني منك يا أرحم الراحمين,0,standard,positive
صراحة معمر الوالد فيقني كنت إلى صبحت ناعس نهار واحد كتسمع ديك الجملة الشهيرة فينما ندوز نلقاك ناعس,1,dialectal,neutral
الانكسار من اسوء الاشياء,0,standard,negative
حقيقة مؤلمة السائل ممكن سؤال يا شيخ الشيخ تفضل السائل صف لنا حال السلف مع القرآن الشيخ نفس حالنا مع الجوال خير الكلام ما قل ودل الله المستعان,0,standard,negative
المشكلة ان السوشل ميديا تزيد تشعل و تكبر المشكل و صعيب تطفيه الله يحد البأس,1,dialectal,negative
و السلام الناس تحب تتفرج و تتعجب و تتشفى,1,dialectal,positive
ويل لقاضي الأرض من قاضي السماء,0,standard,negative
تبارك الله عليك عمي حسن محظوظة الاستاذة,0,standard,positive
اللهم ثبتنا على الصلاة حبا وليس فرضا,0,standard,positive
مجتمع منافق,0,standard,negative
اكيد اكيد,0,standard,positive
حقا انتي ملكة في عزتها وشموخها,0,standard,positive
مبادرة طيبة منك و هذا ان دل فهو يدل على لطفك و علو اخلاقك و اختي و صديقتي الغالية اكيد تستاهل كل تغويداتها نيرة و مفيدة و مفعمة بالمعرفة و الثقافة اتمنى لها السعادة و التوفيق,1,dialectal,positive
تعادل اخر بشق الانفس واخر الدقائق مع فريق غير منافس سياسة الترقيع لن تنفع اسي خاريدو,1,dialectal,negative
لااله الاانت سبحانك اني كنت من الظالمين,0,standard,positive
لا يدخل مكان إلا وأفسده و أفشى فيه الفساد,0,standard,negative
إن الله وملائكته يصلون على النبي ۚ يا أيها الذين آمنوا صلوا عليه وسلموا تسليما,0,standard,neutral
مفيش حاجة تقهر اكتر من لفلوس اصلا,1,dialectal,neutral
الله يسامح,0,standard,positive
الله ارحم من رباك,0,standard,positive
رأيي المتواضع عطيتو,1,dialectal,positive
لاعب عادي ولا ويستحق حمل قميص برشلونة,0,standard,negative
عقلية تهميش الشباب هي علة العلل في عدم تقدم الأوطان بمن فيه الشياب و الشباب,0,standard,negative
عزيز عليك الضحك,1,dialectal,positive
هو لم يحبها هي هو أحب جزء منه وضعه الله في اقرب مكان الى قلبه وهو ضلعه,0,standard,positive
الأمل يا أستاذ,0,standard,positive
هادي خلاصة ما داز عليا,1,dialectal,neutral
انا هنا اتكلم عن نفسي,0,standard,neutral
و قل استغفروا ربكم انه كان غفارا استغفر الله العظيم و اتوب اليه,0,standard,positive
راني عرفت كاينة,1,dialectal,neutral
لم أتغير إلا بعد ان تأذيت أكثر مما أستحق,0,standard,negative
ياخسارة العروبة فيك,0,standard,negative
لا يحترم من يكبره سنا ماذا تنتظر منه غير الإنحطاط و التسيب,0,standard,negative
الله يكمل عليها و عليك,1,dialectal,positive
وايلي التعليم فالمغرب يحتدى به,1,dialectal,positive
مدريد دائما بيضاء كبياض الثلج,0,standard,positive
دولة الإهمال أسوأ من دولة الإحتلال,0,standard,negative
سيري أ سعاد الله يفرحك,1,dialectal,positive
اجل وجدتني ك أنني اعرفني منذ وقت طويل,0,standard,neutral
الله اعلم أنا كذلك تساءلت و سميتها طريق الحمام فقط,1,dialectal,neutral
حقا رواية رائعة جدا ليس لها وصف,0,standard,positive
صباح الخير ياعقيد,0,standard,positive
من غير ما تشرحي ليا احبيبة انا عارفة بانك لم تسيئ لهدا الانسان و اعرف انكي لا تعرفينه هو سوء ظن وسوء فهم حصل و لا رد لقضاء الله و الصراحة ليا نصيب في ما حصل و انا اعتدر للجميع,1,dialectal,positive
طبعا طبعا اكيد,0,standard,positive
والله مافهمت واش انا ف اوروبا و مافراسيش,1,dialectal,neutral
رسميا هاشم مستور ينضم الى فريق لاميا اليوناني,0,standard,neutral
خسارتك للبعض عز الربح,0,standard,mixed
صحيح,0,standard,positive
نعم ماذهب، فاتركيه يذهب,0,standard,positive
يخافو من العين الله يوفق الجميع,1,dialectal,mixed
صديق زيارة فلسطين ليست تطبيعا,0,standard,neutral
الأم هي الرحمة التي وهبها الله لنا,0,standard,positive
طقس جد بارد,0,standard,neutral
حمعتكم طيبة لا تنسو قراءة سورة الكهف,0,standard,positive
لقاء ضعيف جدا جدا,0,standard,negative
العثور على جثة في مقابر جماعية بالمكسيك,0,standard,neutral
ليت الشوق اللي وجعنا جمعنا,0,standard,negative
كن لمن يستحقك فقط,0,standard,neutral
شكرا لكم و أسعدكم,0,standard,positive
راك عزيزة وغالية والله,1,dialectal,positive
مؤلم أن تغار على شيء لم يعد ملكك,0,standard,negative
رحمها الله واسكنها فسيح جنانه,0,standard,positive
في موكب قهوتي أنت في صباحي ومسائي ما بين أضلعي تسكنين وما بين سطور كتابتي فأين أهرب منك وأنت كالبحر من أمامي ومن خلفي فهادا يعني أنني أحبك ولا يمكن للعيش من دونك يامن دعلتني أبوح بحبك ليلا ونهارا ومدا أفعل في غيابك يامن جعلتني لا أميز حتي بين الألف والباء أحبك حب جنون وسلام,0,standard,positive
اليقين إن العمر معك ألطف من الورد,0,standard,positive
الله يشافيه او يهون عليه الألم يا رب,1,dialectal,positive
اللهم إنك عفو تحب العفو فأعفو عنا,0,standard,positive
حبيبي أنا حنيت,0,standard,positive
الحمد لله فيها خير,0,standard,positive
عمرك تندم حيت درتي النية,1,dialectal,positive
استغفرالله واتوب اليه,0,standard,neutral
لا تعيش بعيدا عن الله ، وتطلب السعادة,0,standard,neutral
برنامج قديم و تافه,0,standard,negative
تماما و الله احسن,0,standard,positive
تحياتي من المغرب الله يحفظكم,0,standard,positive
تتسلم سيارات للنقل المدرسي,0,standard,neutral
مربوحة إنشاء الله,0,standard,positive
أكترمن رائعة,0,standard,positive
صباحكم عطر و ريحان,0,standard,positive
شكرا لك,0,standard,positive
أسوأ من المنافق ، ناكر المعروف,0,standard,negative
جمعية تحتفي بعاملات نظافة ومتفوقات في وزان,0,standard,neutral
هادشي اللي عطى مولانا,1,dialectal,neutral
للأسف كل شعاراتهم زائفة شتان بين قولهم وفعلهم,0,standard,negative
طبعا أضاعه,0,standard,negative
لا تجعلن رمضان شهر فكاهة تلهيك فيه من القبيح فنونه واعلم بأنك لاتنال قبوله حتى تكون تصومه وتصونه,0,standard,negative
القرآن نور أعظم تنوير للعقول,0,standard,positive
لباس عليك الحميقة ديالي والله ايلا توحشتك بزاف,1,dialectal,positive
هذا القرار الصائب نتمنى من الجامعة ان تستجيب,0,standard,positive
انا في الحب حمامة بيضاء متمردة تلقائية لا شرقية محضة و لا غربية,0,standard,positive
بزااف عليك مكاينش شي كلب قدك,1,dialectal,negative
جميلة في الحقيقة,0,standard,positive
اللهم أسعدنا في أبسط تفاصيل حياتنا وقرب لنا الخير حيث كان,0,standard,positive
فظيعين,0,standard,negative
ماتش ملعوب ف,1,dialectal,neutral
شي حد عارف سميت هاد الخير,1,dialectal,neutral
الرجل لا يحب المراة الضعيفة و لا يحبها قوية و لا يحب المرأة الجاهلة و لا يحبها مثقفة,0,standard,mixed
يحفظك ويسلم راسك ولد بلادي,0,standard,positive
الله ينجينا من هذه الاشكال التي بدات تنتشر كثيرا في مجتمعاتنا العتب على الاعلام الذي يستضيفهم ويجعلهم مشاهدون,0,standard,positive
لا تشغلي بالك راني غ ضاحك باش ما ضرك العين,1,dialectal,positive
فاشلة بشكل دريع و بنهاية مأساوية,0,standard,negative
التهيء النفسي من الاباء و كذلك ان يجدوا استقبالا رحبا من طرف معليمهم و اساتذتهم و ان يهيؤوا لهم ظروف تجعلهم يتأقلمون بسرعة مع اجواء الدراسة نفسيا دور المعلم اكبر بكثير من دور الاباء,0,standard,neutral
الله يفرح قلبك الطيب,0,standard,positive
الفرق بيننا وبينهم هو أننا نملك شيء اسمه سلطة الدين الخطاب الفقهي وهم لا,0,standard,neutral
وجهك الصبح الضحوك وبسمتك ضيه,0,standard,positive
منزلك في وسط قلبي ولا حولك أحد,0,standard,positive
رائعون من يهتمون ب صدق وما ٱقلهم,0,standard,positive
هداكشي تعياي ما تخممي فيه لكن دون جدوى الله يصبرنا و صافي,1,dialectal,negative
عن أبي موسى رضي الله عنه قال «خسفت الشمس فقام النبي صلى الله عليه وسلم فزعا يخشى أن تكون الساعة، فأتى المسجد فصلى بأطول قيام وركوع وسجود ما رأيته قط يفعله، وقال هذه الآيات التي يرسل الله لا تكون لموت أحد ولا لحياته، ولكن يخوف الله بها عباده،,0,standard,neutral
هو فصراحة صعيب تكوني مرا وتعيشي فديك لبلاد,1,dialectal,neutral
في نهاية الأمر الجميع سيخذلك فلا تتأمل بهم طويلا,0,standard,negative
حسابها جميل جدا,0,standard,positive
استودعناه الله,0,standard,positive
أجوبة قيمة جدا استفدت كثيرا والله مغسي كثير,1,dialectal,positive
الواحد هو لي يطلبها كبيرة,1,dialectal,neutral
هو كذالك أخي,0,standard,positive
لا نقول الا ما يرضي ربنا حسبنا الله و نعم الوكيل,0,standard,negative
لو أن الإنسان استغفر ربه اكثر مما يشتكي لوجد راحته قبل ان يشتكي,0,standard,neutral
وتلك الأماني التي خبأتها بقلبي وارتفعت إلى السماء أعلم أنك يا إلهي ستجعلها واقعا محققا يفرحني يوما,0,standard,positive
ماذا تتوقعين من بلادنا,0,standard,neutral
أول مرة كيموت لي واحد الإنسان كنعرفو غا من خلال النت إنسان عرفتو و عرفناه بالتغريدات و الرسائل ديالو إحساس مرون و مخربق و جديد عليا أنا شخصيا نتمناو ليه الرحمة و كنتمناو الصبر للعائلة ديالو الحياة قصيرة عيشوها فرحانين بالبساطة لي فيها و بزاف ديال الحب,1,dialectal,positive
تشبه الورد مثل ما يجمل الورد المكان أنت بضحكتك تجمل العمر الحزين,0,standard,positive
شموخي في مغربيتي و أصالتي في عروبتي و أمازغيتي في قوميتي و عزتي في اسلاميتي لا أ تطلع لغير هذا و لا أريد قناعات عنها لن أحيد ثوابت في أعماقي راسخة,0,standard,positive
ديرها ديرها اللهم بارك,1,dialectal,positive
في خدها قمر و في عينها ليل,0,standard,positive
صافي المسامحة,1,dialectal,positive
وأصبحت مغرم عيون وأمسيت وقلبي طريح,0,standard,positive
فعلا صدقت راحة وأمان,0,standard,positive
الخارجون من جيب تنظيم داعش الإرهابي سيل بشري لا ينتهي,0,standard,neutral
قهرتنا غير ببلاغات,1,dialectal,negative
وانتي من اهل الخير,0,standard,positive
هل عندك شك,0,standard,neutral
كلية بنمسيك تفتتح أول ماستر دولي متخصص في السياسات الثقافية والإدارة الثقافية,0,standard,neutral
المال لا يعني السعادة المال لا يعني راحة البال المال في جوهره هو ذلك القياس لخيارات المرء,0,standard,neutral
اللون الأصفر، يزيد من جمال الحياة,0,standard,positive
هدأت المساجد، وقلت الصفوف، ورجعت المصاحف إلى الرفوف، وبقيت هناك ثلة خفية نقية جعلت حياتها رمضانا دائما، مصاحفهم لا تعرف الغبار والهجران، خطاهم إلى المساجد لم تفتر، زادهم رمضان قوة فوق قوتهم أولئك الذين هدى الله فبهداهم اقتده,0,standard,neutral
وعايشة كأنها في جنة وكل الدنيا ملكاها,0,standard,positive
فكريني فاش تسالي قرايتك نعاود نسولك الله يوفق,1,dialectal,positive
الاتحاد الاشتراكي يرأس آيت بوبيدمان بالحاجب,0,standard,neutral
فعلا السبب الاول و الاخير فرنسا عرفتي كاينين شي دول افريقية هربت علينا من كل النواحي تفاجئت مؤخرا بتنزانيا اثيوبيا رواندا و شفت شي صور من الصومال اللي يقولو عنها ما عرفت اشنو و الله الى الناس كيخدمو,1,dialectal,neutral
ربي يبارك فيك ويسعدك ختي الكريمة,1,dialectal,positive
مثل القمر وجهك مع الليل وضاح سبحان من صور جمالك وتمه,0,standard,positive
كنحترم الرأي ديالك,1,dialectal,positive
القبيسي تزور ضريحي الملكين الراحلين بالرباط,0,standard,neutral
القادم اجمل حكاية تعانقنا بالامل,0,standard,positive
التخلف يزحف على كل القطاعات,0,standard,negative
لعل الله يجلب بعد هذا البعد قربا دائما,0,standard,positive
عقاب الله شديد وويلا من حسابا اقترب,0,standard,negative
الله ينتقم منه,0,standard,negative
واحد السؤال وما تديروهاش مني قلة الصواب واش بنكيران هو اللي زاد في ضريبة السيارات,1,dialectal,neutral
طالما أنك تتوجه إلي الله عز وجل بإستمرار فلسوف يفتح عليك أكثر مما تتخيل د إبراهيم الفقي رحمه الله,0,standard,positive
إذهب حيث تشعر بأنك على قيد الحياة,0,standard,positive
لا اعتقد انها مقصودة,0,standard,neutral
من أنتم فوق هذه الكرة الأرضية كل واحد وكيدير داكشي لي كيرتاح فيه,1,dialectal,neutral
ما اروعك,0,standard,positive
اللهم ما أصبح بي من نعمة أو باحد من خلقك فمنك وحدك لا شريك لك فلك الحمد ولك الشكر,0,standard,positive
قال أحدهم تضع علي وجا رطلا من مساحيق التجميل وتريد رجلا صادقا كوني صادقة مع وجهك أولا,0,standard,negative
شكرا لك بفضل توجيهاتك نسير على دربك,0,standard,positive
عيب والله اسم المقطع,0,standard,negative
النذرة هي لي كاتعطي قيمة للحاجة,1,dialectal,positive
كل منا له فقيد علمه معنى الرحيل,0,standard,negative
منظمة تدين استيلاء إسرائيل على أراض فلسطينية,0,standard,neutral
خاصم من شئت لكن لا تهين أبدا,0,standard,positive
اللهم ردني اليك ردا جميلا,0,standard,positive
جمعية تحذر من مساس التوترات بالحق في التعليم,0,standard,neutral
الحمد لله دازت بخير مبغينا نسمعوا عليك غير لخبار الزينة صديقي,1,dialectal,positive
أتق شر الصابر إذا هجر,0,standard,negative
نهاركم مبروك واش غدا العيد الحباب ابن جرير,1,dialectal,positive
العفو أخي وإن شاء الله أقدم الفائدة ولو بقليل,0,standard,positive
لا تهمك شمسنا أنت الصباح,0,standard,positive
أشخاصنا اللطفاء لم تعد تصرفاتهم لطيفة للأسف,0,standard,negative
نت واعر بزاف سامو قدوتي,1,dialectal,positive
جودة غير مقبولة بتاتا,0,standard,negative
تريدين توريطي رأيك و يحترم انا قلت لو تم دمجهم كان أحسن عموما لقد تم اقرار المشروع و سنتعود على الاسماء لأنهم من هويتنا الاسلامية كما قلت,0,standard,neutral
سيدنا موسى عليه السلام تربى في قصر فرعون,0,standard,neutral
تصبحون على غد أفضل اعتنوا بأنفسكم وبأوطانكم فليس في الحياة شيء أهم من الأمن والأمان والصحة والعافية,0,standard,positive
جائزة احس لاعب في العالم اصبحت بلا طعم تغلب عليها العاطفة ل اعرف كيف يقيمون اللاعبا فرديا ام جماعيا ام ماديا,0,standard,negative
بسبب القرار الخاطئ تراجع مستواه,0,standard,negative
السي أنس هذا ما نريد تجاوزه أن نكون مغاربة فقط أن نعترف باختلافنا وأن يحترم كل منا خصوصية الأخر وأن يحل الوطن محل العرق أو او الأمازيغي على راسنا والعربي على راسنا في إطار أننا نشكل شعب واحد,1,dialectal,neutral
لا اخلاق ولا حياء,0,standard,negative
والصداع من الفوق حتى الليل حتى تبان ليهم الهضرة او مايسكتوش,1,dialectal,negative
صباحك ابرك احسن آية ف العالم,0,standard,positive
الله لا اله الا هو الرحمان الرحيم,0,standard,positive
إصنع لنفسك يوما جميلا رغم كل الظروف المحيطة بك,0,standard,positive
لم انتبه انك كنت تعانين كان كل شيء يبدو عاديا,0,standard,mixed
تكلم كي أرى من أنت,0,standard,neutral
اللهم إني أحمدك حمدا كثيرا وأشكرك شكرا كثيرا يليق بجلال وجهك وعظيم سلطانك,0,standard,positive
ستاغلو وقتكم فحوايج زوينين باش تكونو فرحانين,1,dialectal,positive
هذا شرع الله ومن لم يحكم بما أنزل الله فقد ظلم نسفه إن غضب الله لقريب,0,standard,negative
الجملتين الأخيرتين أفضل تعريف للزواج,0,standard,positive
الله المعين و الله ييسر الامور لكل واحد,1,dialectal,positive
والله كذب,0,standard,negative
ألف مبروك سوف تعيش لحظات نحسدك عليها إستمتع تستحق يا عمار,0,standard,positive
سمحو لينا و صافي,1,dialectal,positive
هو بصراحة قال الحق,1,dialectal,positive
سؤال في محله,0,standard,positive
هكذا مكتوبين و هكذا قريتهم خويا,1,dialectal,neutral
حزينة بزاف وصلت الحد الاقصى,1,dialectal,negative
الحمد لله يدي تستجيب للعلاج بسرعة اشكرك يارب,0,standard,positive
ومن ينسى تلك البطولة,0,standard,positive
ايوا نرجعوا الشك يقين,1,dialectal,neutral
أسعد الله صباحكم احبتي في الله,0,standard,positive
قلت نخليهم حتى يفوت هاد شهر الغفران,1,dialectal,neutral
صحيح الف تحية له,0,standard,positive
حتى انا دكالي,1,dialectal,neutral
اوا الله يجيب الخير,1,dialectal,positive
بالتوفيق ل قطر,0,standard,positive
وانا احبك يا انسة,0,standard,positive
قصدك من سفاهته و ليس ابداعاته,0,standard,negative
هل شعر يوما أنك كنت غبي لأنك كنت بمنتهي الصراحة,0,standard,mixed
من يخذلك مرة سيخذلك ألف مرة,0,standard,negative
عزة النفس ينتهي عندها ألف صديق و حبيب,0,standard,negative
اقول اولا انه تمت رواية تقول ان المعراج كان من مكة على البراق اما عن كونه من القدس لتبيين المسافة و لكي لا يشك المشركين في القصة و الله اعلم,0,standard,neutral
مضاهرة عمال سنطرال والوزير الداودي امام البرلمان مسرحية,0,standard,negative
فواحد الوقت حيث لا ينفع الندم,1,dialectal,negative
ممكن استشارة,0,standard,positive
المسألة فيها وجهيات رغم ذلك التعامل بالمثل ليس حلا,0,standard,neutral
و جمعتك طيبة اخي الكريم,0,standard,positive
حسب رأي أن حلول ريال مدريد أصبحت تتعلق بي المايسترو لوكا مودريتش,0,standard,positive
فيديو معبر و ان كان عاد عاقوا و فاقوا,1,dialectal,mixed
جعل من يقرا التغريده للجنه يارب,0,standard,positive
ضاع لك النص فحياتك,1,dialectal,negative
طالما لم تؤذي أحدا دع الجميع يتحدث وأفعل ما تشاء,0,standard,positive
متحف الفضاء والجمال الذي لا ينتهي,0,standard,positive
غمورتونا بطيبكم و ذوقكم الرفيع انتم منبع الكرم و المعدن الصافي حماكم الله و نصركم على من عاداكم و ايدكم بنصره و عزته,1,dialectal,positive
انا مسامح ليها,1,dialectal,positive
‌ اه ‌ ه,0,standard,neutral
بعكس نحن نحترم,0,standard,positive
ليست الطيبة غباء انما الطيبة نعمة فقدها الاغبياء,0,standard,mixed
اللي يطيح برغبته صعب يرقى,1,dialectal,negative
بالضبط,0,standard,positive
الى شفنا الجوهر د هاد الشروط غ نلقاوها كلها تهم و في مصلحة المنتخب و الاستمرارية كتبغي الهدوء و التركيز على العمل و اي واحد غ يخلق البلبلة الباب وسع من كتافو ما فينا اللي يبدا عاود من جديد ارا مدرب قلب على اللاعبين,1,dialectal,neutral
هذا من طيب اصلك يا ابن الاصول وباذن الواحد الاحد منصورين,0,standard,positive
تبقا السر بين قلبي و مكاتيبي يقرونك سطر و أنت بداخلي دنيا,0,standard,positive
نفس الملاحظة,0,standard,neutral
لصوص مصر يسجنون شرفاء مصر,0,standard,negative
شخص اختاره قلبك صعب تنساه,0,standard,positive
على هاد السلبية خاصك العصا بصح نيت,1,dialectal,negative
ياسلام على اخلاقك يافخر المغرب,0,standard,positive
اسخط كما تشاء,0,standard,negative
المخزن يسير بالوطن الى الهاوية,0,standard,negative
شاهد هدف الرجاء,0,standard,neutral
مايكون عندك باس,1,dialectal,positive
وسط ميدان ريال يلعب بشكل جيد جدا,0,standard,positive
تحياتي لك ونرجو لك الشفاء العاجل أكيد,0,standard,positive
مساء التوفيق,0,standard,positive
انتظر وقت الصلاة,0,standard,neutral
يا قريب ويا بعيد فيك أمسي و حاضري,0,standard,mixed
ها الرد المناسب من البداية,0,standard,positive
من المؤسف حقا أن تبحث عن الصدق في عصر الخيانة وتبحث عن الحب في قلوب جبانة,0,standard,negative
عيد أضحى مبارك ابن جرير,1,dialectal,positive
وإني مثل شجرة تم نقلها إلى مكان جديد,0,standard,neutral
اش وااقع,1,dialectal,neutral
جزاك الله خيرا وحفظك الله,0,standard,positive
تحذيرات من انهيار اتفاق السلام بجنوب السودان,0,standard,neutral
اللهم يا شافي يا معافي اشفيها واغرس في نبضاتها راحة وفي جسدها عافية لاتفارقها ابدا,0,standard,positive
نبنيوهم بتبرعات المحسنيين بحال جوامع الناس المحسنين كتار الحمد لله,1,dialectal,positive
اليوم غادي تسمعو واحد الكوڤر مفاجأة وجوه الخير شكون بغا يسمع ابن جرير,1,dialectal,positive
صعبة جد معقدة,0,standard,negative
لكن سلطة الشعب ستنتفض عما قريب,0,standard,positive
من اروع خلق الله,0,standard,positive
الزواج نصف الدين,0,standard,neutral
رائع برافو,1,dialectal,positive
الحياة أقصر من أن نضيعها بالإصغاء إلى ما يقوله الآخرين عنا,0,standard,neutral
بالصحة و الراحة الباك ما بقا كما كان كنت الى خديتي الباك ب عندو قيمة اما دبا النقط طلعو و المستوى عادي,1,dialectal,mixed
هاد الناس واعرين و بزاف,1,dialectal,positive
نصيحة من القلب إلى القلب إلى كانت عندك شحاجة فقلبك وبغيتي تقولها متخبيهاش الصراحة راحة,1,dialectal,positive
راه ماشي سهل باش يخاف منك بنادم,1,dialectal,neutral
لا عليك احيانا نحتاج ان نطلع اوجاعنا دموع و نخفف على ما بداخلنا من الم و حنين,0,standard,neutral
رؤساء ومنتخبون يفضلون متعة المونديال على مشاكل السكان,0,standard,neutral
أخي معتز نريد منك أن تسلط الضوء على معاناة,0,standard,neutral
لقد انتصر الشيطان يا سادة,0,standard,negative
سول فيك الخير,1,dialectal,positive
الصلاة على رسولنا عليه ازكى الصلاة و السلام ان الله و ملائكته يصلون على النبي ياأيها الذين آمنو صلو عليه و سلمو تسليما,0,standard,neutral
لو سمحت ممكن من وقتك سنين,0,standard,positive
هذه ليست مروءة الجاهلية بل همجية اكلي البشر,0,standard,negative
نسأل الله له الشفاء يا رب تشافيه,0,standard,positive
اختي سومية الغالية,0,standard,positive
ياغريب صرت من نفسي قريب عشت في دنيا هواك احلى عذاب,0,standard,mixed
اللهم أجعل حبك نورا لقلبي يا الله,0,standard,positive
يا جمالك,0,standard,positive
يغسلون كليته مرة خلال شهرين ويكاد يجن من الألم والمعافي تغسل كليته طبيعيا مرة يوميا دون أن يشعر الحمد لله على نعمة الصحة و العافية,0,standard,positive
الكل شاهد الفيديو الدي يظهر فيه رجل شرطةو هو يسب ويشتم المواطن الضعيف المقهور بكلمات مخلة بالاخلاق رغم توسل الاخير من تقبيل في اليد والحداء لكن الشرطي لم يبالي بدلك بل واصل السب رغم تدخل الحموشي كما قيل هل رايتم او سمعتم قدوم لجنة لمنزل المواطن لاجبار خاطره كما فعل مع التلميذة,0,standard,negative
أغرقتم الدول العربية بالديون,0,standard,negative
حطمت كل احلامي البريئه,0,standard,negative
تبا لما يمتلك وجهين لا تعرف أيهما القناع الحقيقي,0,standard,negative
في امان الله,0,standard,positive
و الله لن اسامحه على ظلمه لي دون وجه حق و في محكمة الله ساخد حقي منه و عند الله يجتمع الخصوم,0,standard,negative
تقرير أكثر من رائع بعنوان,0,standard,positive
اساءة البشر لا مثيل لها و لا يوجد في العالم وحشية بقدر وحشية البشر,0,standard,negative
بالشفاء ان شاء الله,0,standard,positive
اول ما اكتشفت في المجتمع العربي هو غياب العدالة الاجتماعية وهذا يعني غياب المبدأ الاساسي الذي يعتمد عليه الناس مما يؤدي الى الفوضى الرجل العربي له قيمتان واحدة في البيت واخرى في الحياة العامة الرجل العربي في البيت يلح على تعظيم نفسه ورفع قيمتها,0,standard,neutral
لا بصح نيت كاين اللي يستاهلو,1,dialectal,positive
السجدة التي يحضر فيها قلبك لا ترفع رأسك منها حتى تسد جوع روحك,0,standard,positive
اللهم آمنا في وأدم الأمن و في بلادنا وبلاد المسلمين يارب واحفظ مغربنا ومالكنا,0,standard,positive
تبقى في عيني لو انك بعيد,0,standard,mixed
الأشخاص الذين يعشقون البحر الشتاء القهوة الكتب العزلة الهدوء الموسيقى و الحيوانات الأليفة هم نفسهم الذين تطلق عليهم صفات الإنطوائيين الغامضين و يمكن حتى المعقدين أم أنني مخطئ,0,standard,neutral
ربي يدير تاويل دلخير,1,dialectal,positive
حدائق القشلة متنفس عراقي لاستقبال المثقفين,0,standard,neutral
هادشي ولامنتشر بكثرة,1,dialectal,neutral
معاك الليل لو طول ياحلوه,0,standard,positive
على راسي وعيني في أي وقت مرحبا,1,dialectal,positive
مرحبا بالجميع,0,standard,positive
اللهم صل وسلم وبارك على اشرف خلقك سيدنا محمد,0,standard,positive
جميل جدا أحسنت,0,standard,positive
بعيونك شفت العمر و بعيونك حبيت الحياة,0,standard,positive
كاينة,1,dialectal,positive
صباح يعزف املا بكل خير صباح التوكل على الله,0,standard,positive
راني مزال كنتهلا فيه,1,dialectal,neutral
حذاء إلكتروني يمنحك سرعة النعامة,0,standard,neutral
الله يكون فالعون,1,dialectal,positive
فى زمن الانقلاب قتل المسلم الملتحى فى مصر ليس ارهابا هى الحرب على الاسلام,0,standard,negative
جريمة غير مقبولة دماء هؤلاء الشهداء تستدعى موقفا جادا حفاظا على كرامتنا كمسلمين,0,standard,negative
رفيق شهيدة الهجرة يطالب الدولة بتعويض عن رصاص البحرية,0,standard,neutral
الله يحفظك و يحفظ بلادك,0,standard,positive
كيعجبهم البلدي,1,dialectal,neutral
طبعا لا توصي حريص,1,dialectal,positive
حاولي توصلي الميساج للطرف الاخر بلا ما تخسري له خاطروا,0,standard,neutral
ممتن لك شكرا,0,standard,positive
استغفر الله اختاه,0,standard,positive
صباح الأزقة القديمة في الرباط الجميلة صباح السعادة والقهوة والشوكولاتة,0,standard,positive
أتجاهل سيئاتك حبا لا غباء,0,standard,positive
لا داعي للإعتذار أخي سعر معقول بالنسبة لتركيز العطر ألف شكر,0,standard,positive
من المستحسن تحدد الموقع في كل تغريدة,0,standard,positive
خدمة الفساد,0,standard,negative
الجمال يكمن في الخلق و الروح و الاخلاق فعن اي جمال تتحدث,0,standard,positive
و ما يحزن اكثر من هادشي كامل انك تجد الفيس فضاء لنشر الفضائح و الطعن في اعراض الناس و سرعة انتشار الفضيحة مقارنة مع الاشياء المفيدة اين نحن من الاسلام,0,standard,negative
من المؤسف ان هذا حالنا اللذي نعيشه الان,0,standard,negative
تقبل الله منا ومنكم صالح الأعمال مبارك عليكم الشهر,0,standard,positive
كبار الدائنين يجربون محاولات أخيرة لإعادة تشغيل بقايا سامير,0,standard,neutral
نعم هذا ما أقصده من يقولون ان الإحتجاج فتنة هم من ساهموا في طحن محسن نهم لم يدعموا الإنسان يوما,0,standard,negative
اوا حتى انت صبرت راسي,1,dialectal,neutral
تعابير رائعة و أسلوب أروع,0,standard,positive
تراودني فكره البعد عن كل حاجه,0,standard,neutral
المغرب يتأهل لكأس افريقيا بعد خسارة الملاوي امام جزر القمر,0,standard,mixed
يعيش الطبيب على ضعف البشر يعيش المحامي على شر البشر و يعيش رجل الدين على غباء البشر,0,standard,negative
الله يصلح احوال الامة,0,standard,positive
ممثل المغرب في دوري أبطال أفريقيا,0,standard,neutral
هدف الاول في مرمى الاتحاد السكندي كاس زايد للاندية الابطال,0,standard,neutral
مساء الخير والرضى,0,standard,positive
إن الهوى جرحه عذاب وأجمل أيامه غياب,0,standard,negative
اللهم كما رفعت السماء بلا عمد ارفع السرطان من كل جسد,0,standard,positive
لا اعتقد,0,standard,neutral
الله الله قمة في الابداع تسلم الانامل اختي وشكرا بزاف على روحك الطيبة والاصيلة,0,standard,positive
أنا جاهل في العتاب أنا عتابي غياب,0,standard,negative
باقي ساعة وحدة فقط,1,dialectal,neutral
أنا كرهت هده البلاد من كثرة الظلم و التمييز,0,standard,negative
يرحلون ويأتي أجمل منهم فلا تخشى فراق احد,0,standard,positive
بعض المرات يكون الهاتف سبب بعض المشاكل لهذا الى ما وصلك منو تا حاجة كتهنى,1,dialectal,neutral
الإصابات تهدد لعب مزراوي وزياش في أجاكس,0,standard,negative
رونار يكشف أسرارا في تركيبة الأسود,0,standard,neutral
حتى هذي ماعرفتش كيدارو ليها,1,dialectal,neutral
لاغاب صوتك ، غابت عني أفراحي,1,dialectal,negative
الله يكبر بيك وݣول آمين,0,standard,positive
مال سورة التوبة كتقول شد وحدة اغتصبحا حيت نتا حيوان و باش تخفي جريمتك قتلها وقطعها,1,dialectal,negative
فليس الحلم ماتراه في نومك ، انما الحلم ما يمنعك من النوم,0,standard,neutral
هادي احسن,1,dialectal,positive
هادي زوينة,1,dialectal,positive
مصر خسرت أرواح أبنائها التي لا تعوض بمال,0,standard,negative
معولين على ميسي و لا لاعب ارجنتيني تفوق ف شي ثنائية على الكروات من غير گويرو لي كان مقاتل شوي اما الباقي ف مجرد فشلة,1,dialectal,mixed
انت وزهرك,1,dialectal,neutral
عندهم واحدة الجمجمة ديال الإنسان القديم,1,dialectal,neutral
كاس من الماء الفاتر مضاف له عصير ليمونة و ملعقة كبيرة من العسل الحر,0,standard,neutral
استمرار للقمع وانتهاك لحقوق الإنسان,0,standard,negative
ليس لدي ما أقوله سوى أبدعت كالعادة,0,standard,positive
موحالش واش باقي تدوز من حدايا,1,dialectal,neutral
ممكن تسامح الغريب بسهولة ولكن القريب اصعب بكثير,0,standard,mixed
بعيد,0,standard,neutral
الله يغفر لنا و صافي,0,standard,positive
الحياة هي التجارب هي المغامرات هي أن تصعد في جبل كله شوك و صخر حاد و تستغرق ساعات للوصول للقمة و الأمطار ترافقك من الخطوة الأولى حتى النهاية و تصبح أكثر عرضة للمخاطر الأكثر من ذلك هو أن تركبه ليلا,0,standard,neutral
دقة الملاحظة تتعرفوا بعضياتكم,1,dialectal,positive
الصبر الذي تتحمله قلوبنا لن يضيع عند الله,0,standard,positive
المزيد من النجاح حبيبي,0,standard,positive
ما أعظم أن يستطيع الإنسان أن يخفي مشاعره حتى عندما تنازعه نفسه لتفجيرها بعيون دامعة إنكسارا لأجل صمت أنيق,0,standard,positive
كيف نقبل هذه المسرحية الرديئة,0,standard,negative
المغاربة عزيز عليهم التبرگيگ اما الأمراض و الفيروسات ف أهل الاختصاص هوما العشابة و فتيحة الشوافة,1,dialectal,negative
ان شاء الله ياربي,1,dialectal,negative
تستحق الوصول لهذا,0,standard,positive
امين الهي يسعدك و يفرح قلبك يا غالية,1,dialectal,positive
والشرف لهاد البلاد الكريمة يكون فيها شباب مخلصين بحالك ربي يرفع مقامك اكثر واكثر,1,dialectal,positive
ما عرفتش إنا واحد نختار,1,dialectal,neutral
تماما فالكلمة الطيبة و الابتسامة مفاتيح لولوج القلوب,0,standard,positive
ولد الحرام,1,dialectal,negative
هذا ليس اطراء هذا جزء من واقع,0,standard,positive
هادشي لي بانليا مع الاسف,1,dialectal,negative
بلد يديرها اغبياء و حراميه,0,standard,negative
قرار انسحاب البرادعي خاطىء وتوقيته خاطىء,0,standard,negative
اتحاد طنجة يتلقى أنباء سارة بخصوص غريب,0,standard,neutral
كلامي كان بتعبير مجازي و الغباءة قصدت بها غطاء النوايا و ليس الثوب و اسفة اني لست مسؤولة عن عدم فهمك تحياتي,0,standard,mixed
تسلم يا الغالي و الله هذا المقصود من النشر اللغة لها اهلها و اغلب من يتقلدون المناصب لا تهمهم لهذا نرى الكوارث عندما يتكلمون,0,standard,mixed
الأمل مجرد وهم,0,standard,negative
هذه أقوى المواجهات بين أسود الأطلس ومنتخبات أمريكا الجنوبية,0,standard,neutral
لو لا الألم ماعرفنا معنا السعاده ولو لا الجفا ماعرفنا قيمة اللوصال,0,standard,mixed
أنت تملك وغيرك يفتقد انت بخير وهناك من يتألم انت بصحة جيدة وهناك مرضى لم يشفوا أنت سعيد وغيرك يمزقه الحزن,0,standard,mixed
تبا لكل من كان سببا في دمار البلاد و العباد,0,standard,negative
امين يارب العالمين ويرحم أموات المسلمين اجمعين,0,standard,positive
اعلام العار يبدأ حملته قبل أن يظهر أو يعتمد أو يعرفه أحد,0,standard,negative
شكرا لك على مساعدتي في الوصول إلى متابعا من تظن أيضا أنه ينبغي له متابعتي,0,standard,positive
قلبك للي غزال حبيبة ربي ينورك يا غالية,1,dialectal,positive
أخشى أن أعاملك كما تعاملني فأوجعك,0,standard,negative
أحبها حب الاولين,0,standard,positive
يكرهونك بشدة ويراقبونك بكل دقة,0,standard,negative
اللهم اجعلني ممن لا يفعل إلا خير ولا يقول إلا خير ولا يذكر إلا بالخير,0,standard,positive
لن يقاسمك الوجع أحدا انتبه لنفسك جيدا,0,standard,mixed
أستغفر الله العظيم الذي لا إله إلا هو الحي القيوم وأتوب إليه,0,standard,positive
كذبتان لم اصدقهما حتى في المنام,0,standard,negative
تمسك بالذين يجعلون منك شخصا رائعا الذين يحفزونك على الأجمل يشعلون طموحك ويحيون قلبك وابتسامتك,0,standard,positive
الله يصلح حالنا يااا رب,0,standard,positive
صدقوني اجواء اكثر من رائعة بملعب ادرار,0,standard,positive
صباح النور آشرقت يا غالية,0,standard,positive
شعب لا يحركه هذا الظلم التعدي على كرامته هو شعب لا يستحق الحياة,0,standard,negative
غباء في غباء لان نفس الحركه صارت مجرد تقليد أعمى,0,standard,negative
دعواتنا لهم بالفرج,0,standard,positive
مرض ما عندو علاج,1,dialectal,negative
وإنك لعلى خلق عظيم,0,standard,positive
وفي خطوط تجاعيدك قصص من الكفاح,0,standard,positive
كاتخليو عندكم فلي كونطاكط نوامر ديال الناس لي مابقيتوش اون كونطاكط معاهم,1,dialectal,neutral
براءة في وسط ماء نقاء في نقاء,0,standard,positive
يوم أقبلت عم السكوت وأجتمع في ضيها كل النظر,1,dialectal,positive
هذه اللبؤة من ذاك الأسد وكم من رأس اتمنى ان اقطع رقابهم,0,standard,negative
يمارس جريمته معتمدا على غباء جمهوره,0,standard,negative
اللهم آمين وانت داعى ولك المثل واكثر يارب العالمين,1,dialectal,positive
سلام على ارض خلقت للسلام و لم ترى يوما سلاما و الله نحزن لحزنكم,0,standard,negative
عليك بالبصلة و العسل الحر شفاء من كل داء,1,dialectal,neutral
إنسان أيا إنسان ما أجهلك ما اتفهك,0,standard,negative
ما موضوع هذا الكتاب,0,standard,neutral
االقلب ينبض من جديد,0,standard,positive
السعادة قرار لا تنسى ان تتخذه كل صباح,0,standard,positive
الأخت نعمة من الله فهي الام الثانية أدامها الله نعمة علينا و عليكم,0,standard,positive
دامت ايامكم بالافراح والاعياد,0,standard,positive
انمي فاشل من ناحية الرسم تحس كأنه طفولي,0,standard,negative
ينصر دينك,0,standard,positive
في هذا المساء آعددت قهوةمرة، لحديث يطول عن الغائبين,0,standard,negative
الله اذكرك بالخير,1,dialectal,positive
تعلموا الاخلاق من اليابانيين,0,standard,positive
تنقصنا المعرفة في شتى المجالات الناس تطلق احكاما ظاهرية غير مبالية بما ستسببه من ضرر نفسي للمريض تزيد تعقدو كما نقولو و ضرر نفسي لعائلته,1,dialectal,negative
حتى توصلي لمرحلة اليقين متخفيش,1,dialectal,neutral
الصينيون يعبدون الرئيس و الحزب الشيوعي آسيا الشرقية مختلفة عن العالم ككل,0,standard,neutral
أحسن ديربي تفرجت فيه لن انظر إلى النتيجة نقطة سوداء البطاقتين الحمراوين برافو الرجاء برافو الوداد عامين متفرجت في الديربي لكن هاد المرة تفرجت و عجبني الحال للمعلومة مباراة اليوم أفضل مباراة السيتي و ليفربول,1,dialectal,positive
ولو إني أملك قلب اخر لأحببت به صوتك,0,standard,positive
كما قلت قبل قليل,0,standard,neutral
كنظن صعيب يوافق,1,dialectal,neutral
صباح السلم والسلام والصفاءالروحي,0,standard,positive
اكلتي المفضلة الشواء,0,standard,neutral
الشعب مقهور والتعليم رجع اللور,1,dialectal,negative
تماما الله يحفظكم أجمعين,0,standard,positive
لاللتطبيع,0,standard,negative
اللهم رب الناس اذهب البأس واشف انت الشافي لا شفاء الا شفاؤك شفاء لا يغادره سقما,0,standard,positive
لا تكسر قلب يتيم حتى لا يكسر الله قلبك,0,standard,neutral
طهورا إن شاء الله,0,standard,positive
اللهم إحفظ الأمة الإسلامية جمعاء,0,standard,positive
ارفع راسك فوقوحاول تسترد شرفك المفقود,0,standard,mixed
كان لقاء البارحة جميلا باذخا ظفرنا فيه بجمع من الإخوة المغردين تشكرات معالي القائد الأعلى,0,standard,positive
انا من صنعت لحروفه الكلمات و القصيدة والقصة,0,standard,neutral
كاين زياش فيه لبراكة,1,dialectal,positive
أسعد الله أوقاتكم بكل خير,0,standard,positive
دابا حنا بالمركز,1,dialectal,neutral
ضروري هادي هي الحياة امل,1,dialectal,positive
وهبي صلاحية الملك تتجاوز الفصل والعثماني مجرد موظف,0,standard,neutral
ما أحوجنا لامثالك في هذا الزمن اخي الفاضل كثر الله امثالكم و بارك في مسعاكم,0,standard,positive
فليبعدوا آجسادنا قدر ما استطاعوا، دامت آرواحنا متصلة، آكتب فقط لآنك تقرإين كل ما آكتب,0,standard,mixed
قاتل شعبه المجرم بشار,0,standard,negative
هذا الشرط الاساسي,0,standard,neutral
اسمع ثم ابتسم ثم تجاهل,0,standard,positive
كان رجل مزيان الله يصبرها وصافي,1,dialectal,positive
عمر دقتها ولكن غير من تصاور تتبان تتشهي,1,dialectal,positive
احترم آرائك لكني لست مع التعميم هذه القاعدة ليست دائما صحيحة,0,standard,mixed
اللهم اني اسالك العفو والعافيه لي ولأحبتي,0,standard,positive
محمد صلاح قام بإغلاق جميع حساباته على مواقع التواصل الاجتماعي,1,dialectal,neutral
مهندسو وأطباء الغد يرفضون الاستعمار الثقافي,0,standard,neutral
ماعندهم ذمه ولا عندهم ذوق,0,standard,negative
هناك محفزات تدفع المكسكيين للقتال,0,standard,neutral
ان شاء الله داكشي لي خاصني ندير,1,dialectal,positive
للاسف هذا هو الوضع الله يصلح حالنا,1,dialectal,negative
الهجوم الإرهابي على مسجدين بنيوزيلندا يفجر غضب العالم الإسلامي,0,standard,negative
أمة التراحم و التكافل الى أين,0,standard,positive
لا تحاول البحث عن حلم خذلك,0,standard,negative
أحبابي هذا أنا فاش كنت صغير كلشي على اللبسة والوقفة والشوفة,1,dialectal,positive
ما تديش علي راني اثرت علي هاد المقاطعة وليت نفيق على المقاطعة و ننعس بها,1,dialectal,negative
نعاونك نقدرو نحققو اي انجاز الا انك تغيري لهاد المخلوقة رايها مستحيييييييييل,1,dialectal,negative
شكرا لك على الثقة و على الاحترام مع تمنياتنا بدوام التوفيق,0,standard,positive
يارب ارحم كل ميت انقطع عمله وبات وحيدا تحت التراب,0,standard,positive
غيابك علم الدنيا تغيب وتذبل وتحتار,0,standard,negative
سطر متابع ألف شكر لكم ، جميعا على دعمكم,0,standard,positive
الرحيل المفاجئ,0,standard,neutral
استقالة أويحيى من منصبه,0,standard,neutral
ماشي مشكل مقبولة على راسي,1,dialectal,positive
الفتح الرباطي يستقبل الوداد الرياضي بملعب مولاي عبدالله بدلا من ملعب مولاي الحسن,0,standard,neutral
اللهم لاتدع لنا في يوم الجمعه ذنبا إلا غفرته ولا مريضا إلا شفيته ولا ميتا إلا رحمته ولا دعاء إلا استجبته ولا تائبا إلا قبلته وأكثرو من الصلاة على النبي,0,standard,positive
حفظك الله,0,standard,positive
هدي هي المشكلة مشكلة افكار الناس خداو الدين غ اللي يعجبهم فيه,1,dialectal,negative
اتفق معك حاولي اختي تقنعيها,1,dialectal,positive
الجامعة و أيام الدورة التدريبية في المعهد الوطني للتجارة و الصناعة,0,standard,positive
خاوة خاوة نعيشو ديما في سلام الجار يخاف على جارو كملووها,1,dialectal,positive
لن يبقى لك إلا حضن أمك ، عندما يخذلك الجميع,0,standard,mixed
باش يرجعوه للميدان الفني,1,dialectal,neutral
تم الوداد ولا شيء غير الوداد حب لا ينقطع,0,standard,positive
ان شاء الله الله يعزك,0,standard,positive
فطومتي الغالية راني ضاحكة و صافي,1,dialectal,positive
حسبنا الله و نعم الوكيل في اناس همهم تجويع الشعب,0,standard,negative
بارك الله فيك فهد,0,standard,positive
بث مباشر لمباراة اليوم,0,standard,neutral
لن يتم ذالك لاتوجد إرادة سياسية بالمغرب واللوبي الفرنسي سيضغط من أجل فشل الحملة,0,standard,negative
رب اشرح لي صدري و يسر لي أمري و احلل عقدة من لساني يفقه قولي,0,standard,neutral
اللهم إنا نسألك حبك وحب من يحبك وحب عمل يقربنا إلى حبك,0,standard,positive
الخير بالصبح لو يكون صوتك بدايته,0,standard,positive
من اجمل الاماكن صراحة,0,standard,positive
معتبر نفسك صاحب حق و أنت غارق في جهلك,1,dialectal,negative
معظم الأدوية تتسبب في أضرار جانبية,0,standard,negative
خدم عليها تولي فلحقيقة علاش لا,1,dialectal,neutral
لا يوجد احد له الحق لتخوين احد او منحه الوطنية كلنا سواسية ولا احدا فوق احد فالوطن ليس حكرا لأحد على أحد,0,standard,neutral
غير مقبول حزنك,0,standard,negative
معمرهم غايفهموا هادشي مادام كاينة فئة كتعتبر راسها حسن من الكل,1,dialectal,negative
أختي الصغيرة تقول لكم فطور شهي,0,standard,positive
لن تنجح إذا استمر قمع الاقلية المسلمة,0,standard,negative
جمعة مباركة إن شاء الله ابن جرير,0,standard,positive
بالصحة لي غا ياكلها,1,dialectal,positive
أنا نفس الشيء أصبحت اليوم لم تعمل عندي أي قناة بين سبورت لا مفتوحة ولا إخبارية لكن مسحت كل شيء ودخلت تردد جديد ودخلت,1,dialectal,neutral
صباح الورد غاليتي,0,standard,positive
اسعد الله يومك اخي أنس,0,standard,positive
في أعماقنا رعد وبرق وعواصف وأمطار لا تشير إليها الأرصاد الجوية أبدا,0,standard,negative
انسان بلا مبادئ,0,standard,negative
الله ينورك دنيا وآخرة يا رب,1,dialectal,positive
صافي ان شاء الله,1,dialectal,positive
ليت اللقاء ما ينتهي يوم اشوفك,0,standard,positive
ما هو آخر فلم شاهدته و الذي كان بالفعل رائعا,0,standard,positive
إنا لله وإنا إليه راجعون للهم أسكنه فسيح جناتك,0,standard,positive
فارق اللي تحبه بس لا تكسره,0,standard,negative
الأب حياة ، و الأم نفس,0,standard,positive
الله يرحم الحسن الثاني و كافة الملوك المغاربة المسلمين و بارك لنا في ملك محمد السادس,0,standard,positive
على قدر نية الانسان يرزق اللي مشا للزواج بنية الاستقرار و طاعة الله و تكوين اسرة و راحة البال فالله سيرزقه دلك واللي مشا بغرض اخر للترفيه و و و و فله ما راد,1,dialectal,neutral
حتى ذلك الحين لا تنسينا من صالح دعائكم دمت بخير,0,standard,positive
شكرا لك هذا من اصلك اخي الكريم و مصر لا تقل محبة و كرم تحياتي,0,standard,positive
أحس تعبير ممكن تنهي بيه أي جدال,1,dialectal,positive
صباح الورد ختي,1,dialectal,positive
لا تسامح من تعمد كسرك,0,standard,negative
نسأل الله أن يضع لنا القبول في الارض و في السماء,0,standard,positive
ولاد وبنات بلادي توحشتكوم موعدنا يوم الأحد أبريل في إختتام مهرجان السينما بإبن جرير,1,dialectal,positive
في غادي نفرحوا بيها ان شاء الله,1,dialectal,positive
ضبط شحنة مهربة بقيمة مليون دولار بميناء,0,standard,neutral
توحشك الجنة و نعيمها حنونة,1,dialectal,positive
قمة الجهل للأسف,0,standard,negative
اللهم أعز الإسلام والمسلمين,0,standard,positive
اللهم اني اعوذ بك من سوء الخاتمة,0,standard,positive
لا لا راه بدلت رايي شحال هادي اكتر من شخص حدرني ومن الرجوع للمغرب عالاقل تكون عندي خبرة ديال خمسة اعوام عاد نرجع للمغرب ونلقى خدمة مزيانة الا رجعت دابا غنبيع عصير فراس الدرب والقرار جا من بعد دراسة للوضع في المغرب وبرغبة مشتركة,1,dialectal,neutral
نعم السند الله يعمر له الدار,1,dialectal,positive
من مراتب الغباء إطالة الندم على شيء إنتهى,0,standard,negative
اللهم متع هذي الوجوه بنعمتين نعمة الدين ونعمة الصحة وجملهم بحلتين قلب رحيم وعقل حكيم ولا تحرمهم لذتين لذة مناجاتك ولذة رؤية وجهك الكريم واجمعني بهم بمكانين منابر من نور وفردوسك العظيم اسعد الله يومكم,0,standard,positive
سلمكي الله من كل سوء حبيبتي الغالية,0,standard,positive
إليك أحلى نغمة صامتة مغربية رقصة الأطلس,0,standard,positive
الله لا يخلف عليهم و لا يكثر خيرهم شعب مسكين و رفع الاسعار,0,standard,negative
خيالك يرسم البسمه على شفاهي,0,standard,positive
هادوك مراض و صافي,1,dialectal,negative
توقعات الأرصاد الجوية لطقس اليوم الجمعة,0,standard,neutral
عيونك بلاد مالي عن سماها رحيل,0,standard,positive
الله يكبر بيك بحال درتيه,1,dialectal,positive
و الله يلاقينا مع احسن منا,0,standard,positive
راه يرشحوهم للفوز باللقب و لكن عندهم البرازيل فالدور القادم تما يبينو لينا حنة اديهم,1,dialectal,neutral
قانون الطبيعة يقول لكل بداية نهاية الحياة,0,standard,neutral
ايام لن تعود أبدا,0,standard,neutral
أستغفر الله العظيم الذي لا اله الا هو الحي القيوم و اتوب اليه,0,standard,positive
الدين كله خلق ، فمن فاقك في الخلق ، فاقك في الدين,0,standard,neutral
اتساءل كثيرا عن جدوى المسيرات و المظاهرات و الاحتجاجات و الوقفات النظام المخزني لا يردعه شىء,0,standard,negative
التعليق ديال العثماني زايدو واحد الشاب ماشي أصلي ولكن جا معاه,1,dialectal,neutral
ديما موجود,1,dialectal,neutral
سمحوا لينا وصافي الى موليناش قد لمقام,1,dialectal,neutral
الله يعزك و ينورك و يحقق كل امانيك غاليتي,0,standard,positive
نتا ماشي رجل من كلام باينة كاع مامربي,1,dialectal,negative
من حقك لك كل المحبة,0,standard,positive
الله يكتبها فمزان حسناتك ويرزقك لخير,1,dialectal,positive
السعودية شراو الماتش,1,dialectal,neutral
في وجودك لو يغيب الكل ما أفقد أحد,0,standard,positive
مذكرات طافر مغربي,0,standard,positive
القضاء يحقق في مشاريع دونالد ترامب بنيويورك,0,standard,neutral
اصبحت أرى في أعين الناس عيناه,0,standard,neutral
الله يرحمه ويوسع عليه,1,dialectal,positive
رحم الله جدي البطل المناظل المجاهد في سبيل الله,0,standard,positive
لا يأخذ الله منك شيئا ألا ليعوضك بأفضل منه,0,standard,positive
اللهم إني أعوذ بك من ذنوب ترد دعائي,0,standard,positive
امين يارب و للجميع,0,standard,neutral
مرورك اجمل,0,standard,positive
من بعد ما شفت الوجه الثاني لبعض العرب الجهلاء المنافقين الخبيثين كنت أتمنى لو كانت الصورة حقيقية ويضربو راسهم مع أقرب حيط يلاااااه,1,dialectal,negative
وجهك حفيد القمر وضي عيني,0,standard,positive
تبا لهم جميعا بدون استثناء فأنا لا أحترم أحدا منهم,0,standard,negative
علاش الاسلام كاين غير فالمغرب,1,dialectal,neutral
الحمد لله أختي أحلام نجحات خدات الباكالوريا ديالها,1,dialectal,positive
لا فرنسا ستلعب مع الاوروغواي و روسيا مع الفائز في مباراة الليلة بين الكروات و الفايكينغز,0,standard,neutral
اللهم لا تحرمني وأنا أدعوك ، ولا تخيبني وأنا أرجوك,0,standard,positive
صافي مسكينة غدي تعقد فحياتها,1,dialectal,negative
أكيد لن يخذلوك لأنك تتكلم عن جماهير لديها حلم عمره سنة و تفقد الأمل و لن نفقده,0,standard,positive
التغيير ديال زياش مفهمتوش,1,dialectal,neutral
كلنا على نفس الخطى قريبا,0,standard,neutral
أشعر بالتعبمن نفسي و تفكيري من الذين حولي و البعيدين,0,standard,negative
قطر علمتكم السياسة و الاخلاق والرقي وكرة القدم,0,standard,positive
جيبو يغني لينا في العرس,1,dialectal,neutral
لا بان عادي,1,dialectal,neutral
إلا بغاو ليك الخير يامرحبا ونتا تأكد تاخذ منهم الحاجة الزويينة,1,dialectal,positive
خاص يرفع عليهم دعوى تعويض على الاضرار,1,dialectal,negative
حتى الملوك تسقط,0,standard,neutral
يا ربي آمين أنا وياك خويا,1,dialectal,positive
الله يسخر فيه و يحفضو,1,dialectal,positive
آنت من آهل الخير,0,standard,positive
التطبيع مع العدو خيانة بكل حذافرها والخائن لا يؤتمن عليه لا للتطبيع,0,standard,negative
في كلام المزاح كثير من الحقائق,0,standard,neutral
الله يسلمك ياولدي,1,dialectal,positive
تمنوا و آبتسموا وتوكلوا ف ربنا رب كريم يعطي و يعطي و يعطي,0,standard,positive
شكون غايخدم معكم المراسلين من المغرب حيت كلشي غايشدوه لتجنيد الإخباري عفوا الإجباري,1,dialectal,neutral
ما اسخفك,0,standard,negative
لا تستسلم مهما كانت الظروف,0,standard,positive
لا هي صاحبه ولا هي حبيبه، هي أجمل من الثنتين خذت جمال الصحبه وحب الحبيب,0,standard,positive
الله يداوم المحبة,1,dialectal,positive
لاتتحدث بقوتك أمام ضعيف ولا بسعادتك أمام حزين ولا بحريتك أمام سجين ولا بمالك أمام فقير زن كلامك وراع شعور الآخرين,0,standard,positive
الخير فيما اختاره الله لك تحسس الدين و الخلق اولا و اعلم انني انا و انت في نفس الحالة الله يلاقينا مع من احسن منا,1,dialectal,positive
الحمد لله كان الحال بخير أو لم يكن,0,standard,positive
اتحاد طنجة يتغلب بميدانه,0,standard,neutral
الله على ليلة قلت لي فيها أحبك,0,standard,positive
حتى عيوني بالنظر لا تخونك,0,standard,positive
لللاسف هاد الماتش لي كان غادي نتاهلو للدور المقبل,1,dialectal,negative
فقيدتي النائمة طويلا سلام على روحك البيضاء و جعل الله قبرك نور و ريحان ربي أنر قبرها كما كانت لحياتنا نورا,0,standard,positive
و نعم بالله أخاي يونس,1,dialectal,positive
عندما يخونك أحد من الناس قف رافعا رأسك ولا تنحني لأنك أنت من فزت بالوفاء,0,standard,mixed
واضح انه سهى تعاني من الارق كذلك,1,dialectal,neutral
قالت تبا للبحر هو المسؤول عن شبابنا,0,standard,neutral
اسخف لجنة تحكيم شفتها بحياتي,0,standard,negative
يجب على الحكومة الجاهلة العودة بالتوقيت الى الساعة الثالثة,0,standard,negative
مرحبا بكم بصراحتكم,0,standard,positive
عيد ميلاد سعيد بالصحة و السلامة و كل ماكتمنى ان شاء الله,0,standard,positive
احسنتي النشر حبيبتي الغالية بارك الله فيكي وجزاكي الله خيرا,0,standard,positive
الطفل السوري البطل,0,standard,positive
لا عليك المرة الجاية إن شاء الله,0,standard,positive
عشاق الفن السابع أقوى فيلم منتظر لسنة,0,standard,positive
شهادة اعتز بها من غالية و عزيزة و كلامك وسام على صدري يا حفيدة الخطابي و فخامة الاسم تكفي,0,standard,positive
عندنا بالمغرب و الجهل عار و ليس ظلام,1,dialectal,negative
عالم دين مغربي,0,standard,neutral
الله لو كان قلبك يشبه أوصافك,0,standard,negative
مساء الورد وياسمين يا اخي احمد,0,standard,positive
لم يأتي نصيبك بعد,0,standard,neutral
امين ؤ يسهل على الجميع,0,standard,positive
يشاركون في اجتماع التحالف العالمي,0,standard,neutral
العفو مرحبا,0,standard,positive
كل الحروف بوصف حسنك حايرة,0,standard,positive
من المهم أن نسلط الضوء على أولئك الذين يخاطرون بحياتهم من أجل مساعدة الآخرين,0,standard,neutral
زوينة عندك هادي,1,dialectal,positive
اعتزل متابعته طريقة مملة للغاية,0,standard,negative
صوت يعدل المزاج,0,standard,positive
رحمه الله وجعل مثواه الجنة,0,standard,positive
عود نفسك على التجاهل ، ليس كل ما يقال يستحق الرد,0,standard,neutral
هاد المسافة اللي ضربتي يوصي بها الاطباء يوميا لهذا لا خوف عليك,0,standard,positive
مهما تعددت الخيارات إختر نفسك دائما,0,standard,positive
صباح الخير الله يحفظك,0,standard,positive
كلامك صحيح كن ابن من شئت واكتسب أدبا الادب يكتسبه المرء ليرتقي به و لا يتوارث,0,standard,positive
متافق معاك ولكن احنا دابا امام حالات,0,standard,positive
امين لينا و لكم و لسائر امة محمد اجمعين,0,standard,positive
بالتوفيق و ان شاء الله تحدو حدو مواطنك أزارو تهلاو لينا فيه يا شعب الزمالك,1,dialectal,positive
اختطاف نهب قتل حرق اذا لم يكن كل هذا سعيا في الأرض بالفساد فماهو اذا,0,standard,negative
حسبي الله لا إله إلا هو عليه توكلت وهو رب العرش العظيم,0,standard,positive
تقبل الله منا ومنكم عيدكم مبارك سعيد,0,standard,positive
شي دعوة مع جدي الله يشافيه,1,dialectal,positive
السلام عليكم ورحمة الله وبركاته محطة القطار طنجة المدينة,0,standard,neutral
هذا ما يعجبني فاللاتينوس لا يهابون احدا,0,standard,positive
أطيلي النظر بعيناي أبتسمي كعادتك,0,standard,positive
هو غايتي بالامس واليوم والغد ونفسي على غيره بخيله,0,standard,positive
اترك بصمة في الحياة حتى لا تكون مجرد أثر,0,standard,positive
كل خير اخي الفاضل,0,standard,positive
قاعدة حياتية كل ما زادت رغبتك بالشيء يبتعد عنك,0,standard,neutral
اه عذرا ما انتبهت,0,standard,neutral
زينب عبيد تفوز كالعادة,0,standard,positive
سامح أعدائك لكن لا تنسى أسماءهم,0,standard,mixed
البعض لا يؤمن بالاحترام حتى يذوق شيء من الاهانه,0,standard,neutral
مواد منزلية لتخفيف ألم الأسنان,0,standard,neutral
ثم إنك رحلت ولم تخبريني عن الخطة البديلة للتعامل مع الحياة دونك أنت الذي علمتني كيف أعبر طرق الحياة بخفة الغيم دون أن يلحظ أحد حزني الآن أنا أخفي حزني لكنه يظهر في صوتي ووجهي وارتجاف أصابعي وأعبر الحياة بثقل الجبال,0,standard,negative
مع الاسف غباء الاخوان يتكرر في كل حين,0,standard,negative
اعلام العار يعترف بالحقيقة ويعلنها,0,standard,negative
اسعد الله مساءكم,0,standard,positive
كلشي ديال الله,1,dialectal,neutral
لازم اضراب جميع موظفي الدوائر الحكوميه و الخاصه لمدة اسبوع,0,standard,negative
تعلم كيف ترفع معنوياتك بنفسك,0,standard,positive
عندما تجد الأب فقيرا ويربي ابنائه احسن تربية فإنه يستحق ان نفتخر به كل الاحترام و التقدير,0,standard,positive
لما يضعف شخص لك ويتنازل عن كبريائه ويحكي لك ما بقلبه لا تخليه يندم,0,standard,neutral
ياودي لي زين زين,1,dialectal,positive
يخرج بتعادل ايجابي من ارض اكادير بداية جيدة للنسور الخضر,0,standard,positive
أكثروا من الإستغفآر فكم من إستغفار كان سببا فى تحويل محنة إلى منحة,0,standard,positive
فكرة جميلة,0,standard,positive
ناموا ولا تستيقظوا فما فاز إلا النوام أستاذ الله يجازيه بألف خير,0,standard,positive
جديدة بالشوارع المغربية,0,standard,neutral
دابا فهمني حاجة وحدة اش بغيت تݣول,1,dialectal,neutral
عندما يتحدث الابداع,0,standard,positive
ربي يخليك شكرا,1,dialectal,positive
نتمنى من الله العلي القدير ان يشفيه شفاء تاما ويلبسه ثوب الصحة والقوة ولا يريكم فيه مكروها باذن الله,0,standard,positive
و أنت الذي لم يعد فيك شئ ملتئم اي صبر هذا أبقاك مبتسم,0,standard,mixed
اللهم اني اسئلك علم نافعا ورزق طيبا وعملا متقبلا,0,standard,positive
جميل أن تلتقي صدفة بأنسانة جميلة كنت تعرفها فقط عبر الفيسبوك سررت بلقائك لولو,0,standard,positive
تحفيظ القرآن الكريم بأحد الكتاتيب,0,standard,neutral
جميل جدا كل ماقلته ارجو لك السعادة صديقي حسن فخر لي ان تكون صديقي,0,standard,positive
مسخرة,0,standard,negative
لن تنجو من ظنون الناس السيئة,0,standard,negative
شكرا لك اخ,0,standard,positive
حق مشروع,0,standard,positive
القمر ضحكة شفاتك و النجوم أزمامك,0,standard,positive
و هذا من علامات تأثير الصلاة عليه الصلاة تأمرنا بان نتحلى باخلاق رفيعة و نتحلى بالاحترام و كف الأذى و الا فانها مجرد عادة اكتسبها المرء,0,standard,positive
واخا شكرا,1,dialectal,positive
أسبوع حاسم للأندية المغربية في المسابقات الإفريقية,0,standard,neutral
كلشي ممكن,1,dialectal,neutral
اذا أردت ان تعرف مستوى الرقي لدى المرأة أنظر الى مظهر زوجها,0,standard,neutral
لا يكتمل الجمال إلا ب نقاء القلب,0,standard,positive
والله الى بصح,1,dialectal,neutral
لقد اصبحت الوحيد,0,standard,neutral
ان شاء الله يا رب,0,standard,positive
عليك مواصلة محاولاتك و ستلقى النجاح حليفك في الأخير,0,standard,positive
تصبحون على خير,0,standard,positive
لا استخدم غيره اصلا,0,standard,neutral
حقا كل شيء يجري حولي يكسرني,0,standard,negative
رائعة دائما,0,standard,positive
جميل بالخير و البركة,0,standard,positive
غير وضحت الصورة لا أكثر,1,dialectal,neutral
داكشي انا كاندير خير البر عاجلة,1,dialectal,positive
رضيت باقدارك يارب,0,standard,positive
الحب الحقيقي لا يحتاج عيد,0,standard,positive
كل واحد منا عنده اخطاء وعيوب وعنده مميزات فنحن بشر والكمال لله وحده,0,standard,positive
لا إله إلا الله واستغفر الله لذنبي وللمؤمنين والمؤمنات والمسلمين والمسلمات الأحياء منهم والأموات,0,standard,positive
والله هلكتونا بتعلمكم من اول الموسم وانتم تقولون نفس الكلام,1,dialectal,negative
مسائكم خير,0,standard,positive
بيضة إنستغرام الأشهر في العالم، تفقس أخيرا,0,standard,neutral
فاقد اللي كنت خايف أفقده,1,dialectal,negative
الله عليك و على وطنيتك,0,standard,positive
و الله شيء تدمع له العين,0,standard,negative
لا تنحني لأحد لا تعتذر عما فعلت إلا لأمك سواء كانت على قيد الحياة أو غادر جسدها وبقيت روحها ترفرف عليك,0,standard,positive
حملة لتنظيف شاطئ الصويرة,0,standard,neutral
سورة البقرة,0,standard,neutral
الله يحفظك اخويا شكرا,1,dialectal,positive
بطريقة أو بأخرى هذا الشيء عندنا في المغرب أيضا أنت لست مغربي إذا لم تتأخر على موعدك,0,standard,neutral
دقيقة صمت حبايبي,1,dialectal,positive
يسعدك ربي و يفرح قلبك يا غالية,0,standard,positive
ان الله مع الصابرين,0,standard,positive
أمين أ خويا,1,dialectal,positive
مراكش عطاتني بزاف عوضاتني على بزاف كنت ضيعتهم مراكش وقتما تنجي ليها تنحس براسي فمدينتي,1,dialectal,positive
صوتك أنا ما أسمعه أستمتعه,0,standard,positive
رسالة للحاقدين والكذابين والحاسدين والمنافقين والأعداء وكل إنسان,0,standard,negative
المذاق المغربي مختلف بكل المعاني وله جماله الخاص,0,standard,positive
تسلم أخوي أشكرك من القلب,0,standard,positive
التنقيب عن كنوز يورط أشخاص نواحي سطات,0,standard,negative
كيف تتعلم لغة جديدة في ساعة واحدة يوميا,0,standard,neutral
اليوم الثاني من مهرجان مراكش السينمائي,0,standard,neutral
صاحبة الركبة خاطرت بحياتها و حياة من معها و صاحب العربة لم يكثرت لكن في بعض المناطق يخاطرون بحياتهم في سبيل قضاء اغراضهم لغياب وسائل النقل,0,standard,negative
للطلب يرجى التواصل,0,standard,neutral
دائما المغرب تيقصف ولاد فرنسا,1,dialectal,negative
صافي غ نتقدمو على هاد الحساب,1,dialectal,positive
الله يجازيك هادشي ف الواقع المعاش ماشي هنا,1,dialectal,neutral
اجيو واحد التازية فيناهيا,1,dialectal,neutral
حتى الراجا لاعبة اليوم,1,dialectal,neutral
اصبحت اياديهم ملطخة بدماء الأبرياء,0,standard,negative
انا مكتئب جدا لكن لارغبة لدي بالبكاء إطلاقا,0,standard,negative
كلمات الموسيقى الشعبية,0,standard,neutral
يا رب اميين,0,standard,neutral
انا ماقاصدة حد لي بغا يتقلا يتقلا شغلو هاداك,1,dialectal,neutral
مشيت لأحسن شاطئ فالمغرب,1,dialectal,positive
واش انت مكتشجعش المنتخب,1,dialectal,neutral
حثاله على حثاله والحثاله انظف منهم,0,standard,negative
هذا الفديو مريح جدا,0,standard,positive
بحال دابا نيت ماكرهتش نهرس شي حد,1,dialectal,negative
مالك جاتك الدوخة,1,dialectal,neutral
سابقة خطيرة أمريكا تدرس اعتماد السيادة الإسرائيلية على القدس في أوراقها الرسمية,0,standard,negative
الحرية لمن طلب بحقه,0,standard,positive
اللهم من أرادنا وبلادنا وقيادتنا بسوء فأشغله بنفسه ورد كيده في نحره,0,standard,positive
الحب أكثر شعور ندمت عليه في حياتي,0,standard,negative
غيكتسبها مع الوقت,1,dialectal,neutral
مؤلم جدا أن تنتظر غائبا لا يريدك,0,standard,negative
الميول دبا عاد عرفت علاش كيخوني التعبير,1,dialectal,negative
لدي القوة الكافية لأتجاوز الجميع,0,standard,positive
الصوت المنعش,0,standard,positive
بقيتو كاتهدرو على ال قلت نمشي نسمع دعيتكم الله,1,dialectal,negative
مؤلم أن ترى أحدا يتغير عليك ويعاملك ب قسوة ل يبعدك عنه,0,standard,negative
فليشهد الله آني لم آيآس قط، آعترف آني فقدت الآمل في لحظات ضعف ولكن كان هناك صوت في داخلي يردد دائما بآن من تمسك بالله فلن يخيب ظنه آبدا,0,standard,mixed
الايمان بالله و بالقدر خيره و شره,0,standard,neutral
زيدو مرحبا بيكم بصحة غداكم طياب لميمة الله يخليها ليا,1,dialectal,positive
كن من الله قريبا تبسط الحياة لك نعيمها,0,standard,positive
النفاق فالحياة ديالنا والكذوب ولينا كنعيشوه يوميا حتى ولينا كنشكو ومكنتيقوش,1,dialectal,negative
ان دفن جثث بعض الشهداء دون فحص اسباب الوفاة يعتبر مشاركة في جريمة قتلهم,0,standard,negative
للاسف كاين بزاف د الاعتقادات خاطئة و لكن الله غالب على امره الامور الدنيوية يفلحون في الاهتمام بها و مسائل الاخرة لا مبالاة,1,dialectal,negative
وإني ضعيف إذا صرت وحدي وإني قوي ب رب السماء,0,standard,mixed
لم تنقرض الخيول بل انعدم الفرسان,0,standard,negative
امثال هؤلاء لن ينجبو الا امثالهم او اكثر,0,standard,negative
خالق الزين ابدعك,0,standard,positive
اللهم أعنا على ذكرك و شكرك و حسن عبادتك,0,standard,positive
ولو أحب أثنين ، أحبك أنت و عيونك,0,standard,positive
حتى هذا نظر,1,dialectal,neutral
اتفق معك تقريبا اغلبنا يسيء استخدام مواقع التواصل الاجتماعي توجد تحزبات وشخص بالف حساب يصنف الناس كما يحب ومجموعات تهاجم ناس وتتهمهم بتهم ليست فيهم هذا من غير الذباب الالكتروني والمؤامرات كثيرا ما افكر بالانسحاب من هذا الفضاء الافتراضي,0,standard,neutral
ايامنا الجميلة,0,standard,positive
معك حق و الله يشجع المشاغبين من المتعلمين على التمرد على معلميهم,0,standard,negative
مافيها باس مافيها باس,1,dialectal,positive
سبحانك ما اعظمك يالله,0,standard,positive
و الله من بين الاماكن الجميلة و التي تستحق العناية و الاهتمام ناسها بسطاء لكن يعانون التهميش هم أولى بمخطط و مناطق أخرى لكن,0,standard,positive
امين جمال المرأة في حياءها و سترها,0,standard,positive
تعلم الصبر,0,standard,positive
القناة التانية ونهجها لإفساد المجتمع المغربي,0,standard,negative
كاينين تحركات عسكرية الدبابات و الشاحنات اللي موجوديين في أكادير كيتاجهو للصحراء أيام هادي,0,standard,neutral
حان وقت غلق حسابك على الفيسبوك,0,standard,neutral
صافي عييت و الله لا طاقة لي عليه,1,dialectal,negative
اللي يضرو راسو اش يعمل,1,dialectal,neutral
ان شاء الله يا ربي هي داخلة للتجارة و التسيير,1,dialectal,positive
النتائج ديال البطولة اليوم كلها مزيانة للطاس,1,dialectal,positive
الكفار منذ الأزل حربهم ضد المسلمين مقدسة,0,standard,negative
زمر تفو علاش ديما كايوقع ليا نفس الحاجة,1,dialectal,negative
لاحول ولاقوة إلا بالله,0,standard,neutral
قلتها لعبدو قاليا مرحبا بيها و بطريق للي تجيبها,1,dialectal,positive
للاسف خويا حتى انا تعرضت لهادا الموقف من جروب كاين هنا في تويتر وقالو انفصالي وخائن وماشي مغربي وكل نهار كنشوف نفس الجروب كيتجمعو على حساب معين وكيهاجموه بنفس الطريقة وهوما نفسهم كيلحسو الكابة لشي ناس اخريين وكيقولو هادا على ود الوطن,1,dialectal,negative
إنهم خشب مسندة قبح الله وجوم وقبح الله حامليها,0,standard,negative
امين أخي الكريم الله يحفظك و يحفظ كل غالي و عزيز لقلبك,0,standard,positive
خدا معاك بزاف دلوقت هادشي,1,dialectal,neutral
ياربي ترحمها وتجعل مثواها الجنة,0,standard,positive
غادي طيح وتنوض ولاكن متشوفش وراك شوف قدامك وفكر إيجابي الطريق مازال طويلة سييييير,1,dialectal,positive
بعض الأشياء يكفينا الله منها كي لا يمسنا ضر,0,standard,neutral
إذا أردت الحق والراحة الدائمة فعليك بتلاوة القرآن والإستماع لآياته وتدبرها بالسراء والضراء ولا تكن من الغافلين عنه,0,standard,positive
البلد اصبح مدجج بالمافيات و العصابات و السبب في كل هذا غياب المحاسبة,0,standard,negative
ناري ناري سمح لينا عيد ميلاد سعيد باشما تمنيتي ان شاء الله,1,dialectal,positive
قصص مروعة تعكس همجية ، همجية لا يمكن حصرها في كلمات العزاء الوحيد لهؤلاء الضحايا,0,standard,neutral
الله يسعدك سعادة لا شقاء بعدها في دنيا واخيرة الله يرزقكي اكثر مما تتمنينه,0,standard,positive
إن تبني فابني الرجولة قل من يبنيها,0,standard,neutral
المغرب يشارك في المناورات البحرية متعددة الجنسيات,0,standard,neutral
انتم السابقون و نحن اللاحقون بلا ميداليات,1,dialectal,neutral
النفاق في أبهى صوره,0,standard,negative
كانبقا نكحب حتى كانحس بالروح غادي تخرج المسامحة ا الخوت,1,dialectal,negative
اتشرف بالجميع,0,standard,positive
برافو عليك الله يوفقك ويسسر الامور,1,dialectal,positive
وعليكم السلام ورحمة الله وبركاتة,0,standard,positive
اللهم امين,0,standard,positive
غير حيث كنتفائلو به بلا سوء النية الله يجازيكم,1,dialectal,positive
اللهم ازقنا قلوب تتجلى بخشيتك و نعما تدوم بفضلك ، و أرواحا تهوى طاعتك و لسانا لا يمل من ذكرك,0,standard,positive
صافي مابغيتش الصداق انا گاع,1,dialectal,neutral
ترحب بك الجنة ونعيمها شكرا لك,0,standard,positive
آميييين بارك الله و فيك,0,standard,positive
و امثالها كثر زحف بني آدم يحرق الاخضر و اليابس,0,standard,negative
نهاركم مبروك الإستمتاع بالوقت مع عائلتي الجميلة منابع أم الربيع,1,dialectal,positive
أكيد ان شاء الله يا ربي,0,standard,positive
الله يرفع عنها الضرر والباس ويلبسها ثوب الصحة والقوة ان شاء الله كلشي غيدوز على خير,1,dialectal,positive
من اعماق فؤادي انتما عنوان للمحبة الطاهرة اخي الكريم مودتي لكما,0,standard,positive
مواطن مغربي يروي اللحظات التي عاشها في مسجدي نيوزيلندا,0,standard,neutral
سأزورك قريبا,0,standard,neutral
هو زوين اكون شوية داللعب المتعة كاين تما,1,dialectal,positive
لكن ما هكذا يروى العطش,0,standard,neutral
ضحكتني الله امسخك,1,dialectal,positive
لا أخلاق ولا مبادئ يتشمتون ويضحكون على الفقراء,0,standard,negative
معجبونيش لكلمات,1,dialectal,negative
احتمال محطوط على الطاولة والله,1,dialectal,neutral
صافي ماكاين والو,1,dialectal,neutral
جدتي من أمي وقع أخي في أزمة مالية كبيرة هذه الأيام وكان من المفروض علي دفع كل ذلك المبلغ بحكم أنني أخوه الأكبر وليس هناك شخص سيتحمل هذه المشكلة وعندما سمعت جدتي أنني مخنوق جدا واقترض المال كان المرحوم جدي قد ترك لها قطعة من الأرض فباعتها وقدمت لي مالها شكرا,0,standard,mixed
الحمد لله على كل الأحوال,0,standard,neutral
الله يستر هادي صدقت هي اللي قوامة على زوجها,1,dialectal,negative
وجاءت سكرة الموت بالحق ذلك ما كنت منه تحيد ونفخ في الصور ۚ ذلك يوم الوعيد وجاءت كل نفس معها سائق وشهيد لقد كنت في غفلة من هذا فكشفنا ع,0,standard,neutral
في هذا الوقت,0,standard,negative
سياسة العناد الفاشلة,0,standard,negative
صباح الخير صباح التوكل على الله,0,standard,positive
أقراها ثلاث وكأنك ختمت القرآن,0,standard,neutral
كاينين امثالها القناعة شعارهم,1,dialectal,positive
حدثني عن الله رحيم، حاشاه أن يرى خاطر عبده منكسرا ولا يجبره أسعد الله أوقاتكم من على سطح كوكب الأرض,0,standard,positive
كلام على الهواء فقط,0,standard,neutral
إنت الهوى ، وإنت الهنا وأغلى البشر,0,standard,positive
أحبك ويشهد لي خافق ما عشق غيرك,0,standard,positive
الله يرحمك ميمتي حبيبتي يا قطعة من قلبي توحشتك بزاف اللهم اجعلها من سيدات أهل الجنة,1,dialectal,mixed
هذا يسمى احترام عادات وتقاليد البلد المستضيف وليس فيه شيئ غريب,0,standard,positive
الزمن ماياخذ الا الغالي النأدر,0,standard,negative
صباحكم معطر بذكر الرحمان,0,standard,positive
كيا تقدم سيارة كهربائية بتنقية الشحن اللاسلكي,0,standard,neutral
مرحبا بكم انتم في بلد الحضارة وكرم الضيافة,0,standard,positive
الباهي مكروه والمنافق محبوب,0,standard,negative
سأل رجل أحد السلف كم نقرأ من القران قال ابن تيمية على قدر السعادة التي تريدها,0,standard,neutral
حنا فينا غير لسان للي خفيف شي حاجة اخرى تكونو ثقال بحال الطنك,1,dialectal,negative
اهم حاجة الوالدين ما يفرطو و ما يستسلمو لانهم اساس تربية الابناء و الله كنشوف شي نمادج كيفرحو و الله كنقول مع راسي غ اللي ما بغا يربي و لادو و صافي,1,dialectal,positive
محبتكن بعد الله تقويني و تعطني دفئ و طمئنينة,0,standard,positive
عيونه أجمل قصيده,0,standard,positive
و لله الحمد,0,standard,positive
ألطف صداقة بين طفله يابانية وكلبها,0,standard,positive
الله يطول فالعمور,1,dialectal,positive
ربي، يرجعوا لكم بسلامة وتشوفوه كيف تمنيتوا,1,dialectal,positive
أشهر الأفلام التي تسعى للتمرد على الواقع,0,standard,neutral
بالرضى بما قسم الله و قدر,0,standard,positive
ماقلتي خمس اسابيع ماقلتي خمس يام,1,dialectal,neutral
الله يخلف,1,dialectal,positive
كن بخير,0,standard,positive
صباح الخير أكادير,0,standard,positive
المشكلة كأس آسيا وقالك حتى هو ممنقولش مجانا عشنا وشفنا الهند ضد قرغيزسستان حصريا,1,dialectal,neutral
اللهم امين وانت داعى ولك بالمثل واكثر يارب اسعد الله مساءك بحبه ورضاه والغناء عمن سواك والفوز عند لقياه,0,standard,positive
ألم أقل لكم إنها ممارسة فاضحة و غير مقبولة,0,standard,negative
انا كينفعني الندم باش مرة اخرى منكررهاش ومنندمش,1,dialectal,positive
لطالما اعتنيت بكلماذا كسرتني بهاذا الشكل,0,standard,mixed
يا رب توفيقك,0,standard,positive
كله على رأس المواطن ما يثير السخرية رفع اسعار المشتقات النفطية المستخدمة في الصناعة,0,standard,negative
للأسف أصبحنا لا نريد شيئا سوى النوم بسلام دون ذنب يتقلنا مع الله,0,standard,negative
ان لمحتك وانت تضحك ، يادمار العالمين علموا الوجه المليح ضحكته تسوى وطن,0,standard,positive
كل الجمال في التفاصيل,0,standard,positive
أغمض عينيك وسترى حقيقة الحياة,0,standard,neutral
الساعة لله فرتوتة شوية و يمشي الوجع و ترجع الابتسامة,1,dialectal,positive
بموضوعية من فضلكم اكثر فريقا استفادة من التحكيم في العالم,0,standard,neutral
رساله صباحية لن يهدم حلما، كان صاحبه يظن بالله خيرا,0,standard,positive
القلب و ما يريد,0,standard,neutral
العز اخويا شكرا,1,dialectal,positive
هل الفيديو المتداول صحيح أي نوع من البشر اولئك,0,standard,negative
حلقة الليلة الجزء الثاني على هامش الرئاسة,0,standard,neutral
العفو هذا واجب,0,standard,positive
ويبقى الحال على ماهو,0,standard,neutral
ماوجد الإنسان إلا ليعيش حياة سعيدة,0,standard,positive
عيونك ليل وانا احب اسهر لياليها,0,standard,positive
أسلوب رائع,0,standard,positive
جمال الخط العربي,0,standard,positive
صباحكم ثقة في الله وتوفيق منه,0,standard,positive
منطقي مؤلم,0,standard,negative
لا يشوه سمعتك ، إلا من تمنى أن يكون مثلك وفشل,0,standard,negative
رسالة قصيرة لا تراقب حبيبا لم يعد لك,0,standard,neutral
كمية الغل والحقد والشتم في التعليقات كأننا لسنا أمة إسلامية واحدة,0,standard,negative
صباح الخير الفياق بكري قد يكون احيانا جيد واخا ماشي ديما,1,dialectal,positive
صحيح التفرقة و ربما تهدد حتى المسار التربوي و الدراسي ديال الاولاد الى كان اباءهم في غفلة عن ما يقع و هذا بحد ذاته تهديد و افساد للمجتمع,0,standard,negative
لا توصيني على نفسي وهي معك,0,standard,positive
بداية أسبوع موفقة كنبغيكم,1,dialectal,positive
القوارب الإسبانية تشتكي تباطؤ المغرب في تفعيل اتفاق الصيد,0,standard,negative
سلام على كل من يفيضون حبا و خيرا و عطاءا على من حولهم,0,standard,positive
و هل الإنجاب و الإعتناء بالأطفال شيء سهل,0,standard,neutral
افضل حارس على مر العصور,0,standard,positive
والله كلامك صحيح لازال المنتخبون يسيرونها بعقلية التسعينيات,0,standard,positive
ربي يبارك فيكم,0,standard,positive
لم تخيب ظني بتاتا,0,standard,positive
قمة التخلف البشري,0,standard,negative
لا شقاء لمن أستغفر الله العظيم الذي لا إله إلا هو الحي القيوم وأتوب إليه,0,standard,positive
شكون هادي,1,dialectal,neutral
عنوان بليد,0,standard,negative
معمرني شفت العنصرية في المغرب بسباب اللون,1,dialectal,positive
حتى نتا عيد ميلاد سعيد واخا جات معطلة,1,dialectal,positive
ظالم ولكن فالقلب مازال هواه,0,standard,mixed
الكويت تصفي ألفي طائر,0,standard,neutral
الله يسلمك دكتور,1,dialectal,positive
رمضان اللهم إنا نسألك حسن الصيام وحسن القيام ولاتجعلنا من الخاسرين في رمضان,0,standard,positive
ممكن اخي,0,standard,positive
واش غايدوزوا الكتابي و الشفوي,1,dialectal,neutral
قمة السعادة هي عندما تضع رأسك على الوسادة و تتذكر انك صليت جميع الصلوات تصبحون على واقع اجمل,0,standard,positive
الا مشيتي نتي خلاص,1,dialectal,neutral
فيلم الليلة,0,standard,neutral
كن ك زيت ف محيط لم تعتزل الاخرين ولم تختلط بهم,0,standard,neutral
أختي توحشتك وتوحشت ايام زمان,1,dialectal,positive
نصائح من شخصيات بارزة تشجعك على القراءة يوميا,0,standard,neutral
الله يرحمو ويصبركم على مابتلاكم وإنا لله وإنا اليه راجعون,1,dialectal,positive
شعب يحتقر بعضه البعض، شعب يؤمن بالمحسوبية والزبونية والمنفعة الخاصة، شعب غارق في غياهب الجهل والخرافة والتقاليد والشعوذة والمنفعية، شعب قابل لبيع صوته وانتخاب من يدفع أكثر، شعب أبان على أنه لا يؤمن بالصالح العام،,0,standard,negative
ناري تلاحي صافي الله يمسخك حشمت,1,dialectal,positive
ينعل بوها كرة فهاد البلاد,1,dialectal,negative
سالات المقاطعة ديال يوم وغتبدا المقاطعة ديال عام نافذة,1,dialectal,neutral
المغرب فوق كل اعتبار,0,standard,positive
والله عيب بهدلتم حالكم,0,standard,negative
اللهم اجعلنا ممن تدركهم الرحمة ثم المغفرة ثم العتق من النار في هذا الشهر الفضيل,0,standard,positive
دمت، برعاية الله وحفضه في، آمان الله,0,standard,positive
معقولة,0,standard,positive
تويت ديالك درت بيه سكرين بكتر ما عجبني,1,dialectal,positive
الله يحفظ و صافي,1,dialectal,positive
يا ربي هذا مستحيل يكون كائن بشري مجرم,0,standard,negative
إذا ملأت عقلك بصغائر الأمور فلن يبقى مكان لكبارها، فالعقل كالحقل إن لم تتعاهده بالنباتات الجيده نمت فيه حشائش ضاره,0,standard,neutral
رمضان اللهم إني أسألك من فضلك ورحمتك، فإنه لا يملكها إلا أنت,0,standard,positive
مع الفنانة الجميلة المتواضعة,0,standard,positive
الله يرحمه و يوسع عليه,1,dialectal,positive
الخيبات تهذبني وبقدر ماتؤذيني وتذكرني دائما لاتنتظري أحد,0,standard,negative
ما زرعوه لأطفال سوريا سيحصدونه اطفالهم,0,standard,neutral
الله يعطينا وجهك,1,dialectal,neutral
ع انا لا اهين احد و لست من ذاك النوع قصدي كان انا الفتيات يكون لهن عدد المتابعين كثر حتى وان كانو يغردون بمواضيع فاشلة راك عارفة قصدي,1,dialectal,mixed
لله يجيب لي يقول الحق,1,dialectal,positive
اللهم أمين الله يرحموا ويوسع,1,dialectal,positive
بمعنى مكان خديجة محمد و مكان محمد خديجة لكن في كلتا الحالتين الهدف هو جعل الاثنين قدوة للذكر و الانثى لتحسين الاخلاق و الاهتمام,0,standard,positive
إسرائيل تضغط علي السعودية للاعتراف بها وإقامة علاقات دبلوماسية معها علنا او الضغط علي اترامب لإتهام ولي العهد محمد بن سلمان بقتل خاشقجي,1,dialectal,neutral
إبداع,0,standard,positive
مكنعرفش نرسم,1,dialectal,neutral
والله هاد المسألة بالضبط شحال من مرة كنطرق لها مع الاصدقاء علاش بالضبط القانون على شي على حساب شي لماذا,1,dialectal,negative
انهيار مدرسة يطمر مائة طفل في الأنقاض بنيجيريا,0,standard,negative
اللبسة الجديدة للامن,1,dialectal,neutral
الخيانة هي آن تستولي على ماء يخرج من الآرض، تملآه في قنينات من بلاستيك ثم توزعه على الناس بآغلى الآثمنة فتجني آنت الآرباح وتطالب الشعب بتحمل الغلاء باسم الوطنية والوطن الخيانة هي آن ينزل ثمن برميل البترول في جميع آنحاء العالم وتبقي آنت ثمن البيع كما هو فلا الشعب يستفيد,0,standard,negative
الشرطة تحجز شاحنة مخدرات بين أكادير والداخلة,0,standard,neutral
مصاصو الدماء أنا الاسبوع الفائت ديت لمرا لطبيبة خمسة دقايق ب المنكر بعينه,1,dialectal,negative
و الباقي تفاهات,0,standard,negative
على سلامتها و الله يحفظها لامها و عائلتها,1,dialectal,positive
المقاطعة تبدأ من البيوت,0,standard,neutral
واش هادي محاضرة ولا خطبة,1,dialectal,negative
اذا أردت للشيء أن يدوم لا تتحدث عنه,0,standard,neutral
لو كان لي آلف قلب سآحبك وحدك آلف مرة,0,standard,positive
نحن لا نعبد البشر ولكن نعرف قيمة وقيم وقامة الرجال الرجال,0,standard,positive
عندما يبدع الفنان,0,standard,positive
هذا الصباح توصلنا من السيد مشكور جدا على مجهوداته الخاصة شخص رفقة مجموعة من الاشخاص عرفناهم هنا معروفون بنكران الذات تحية لهم جميعا وغبرهم شكرا للجميع لكل من ساهم في انجاح هذه الفكرة المشروع شكرا وشكرا وصولا للتقدير والاحترام,0,standard,positive
لا تقنطو من رحمة الله الله غيجمع لك كلشي لواحد نهار و قول ديك لهبيلة قالتها ليا,1,dialectal,positive
و انتي تشبهين الشمس تنيرين الكون بضياءك,0,standard,positive
لي مبغاش يتفهم ليا هو علاش بنادم كيضرب طريق ديال بالصح باش يوصل أوروبا و في اللخر يبدأ يسرق و يبيع في داك شي و في آخر يرجعوه البلاد و يقول ليك ظلموني,1,dialectal,negative
إنشاء الله خير خويا القايد,1,dialectal,positive
عيونك يا حبيبي نور وصوتك موطن بالغربة,1,dialectal,positive
عاتبوا بليد الشعور,0,standard,negative
هاهو عشائي اليوم,0,standard,neutral
ما الذي يجب أن تحتويه وجبة الفطور,0,standard,neutral
إذا قطعت علاقتك بشخص ، أقطع لسانك عنه,0,standard,neutral
رجاء اليوم الفوز ديالكم من دون شك تواضع كبير منك هذا,1,dialectal,positive
لواحد يمشي على رجلو حسن,1,dialectal,neutral
لا شكر على واجب,0,standard,positive
المراة ليست ملزمة بخدمة زوجها و اولادها في البيت كاينا شي فتنة كبر من هاادي,1,dialectal,negative
سياسة ترهيب العدو,1,dialectal,positive
واخيراا الاعلام قالها زينه,1,dialectal,positive
تصبحي على خير,1,dialectal,positive
خاصك تحمدي الله انك باقي عندك ضمير كيأنبك على فعايك اما راه كاينين شي نوع ف بني البشر تديرها قد جبل طوبقال و ما مسوقا,1,dialectal,positive
لا تحدثني عن حبك ، دعني أراه,0,standard,neutral
لي عريز عليه يدعي معايا بالشفاء,1,dialectal,positive
علموا الوجه المليح بسمتك تسوى وطن,0,standard,positive
وحتى آنت ياربي يرزقك بولد الناس يصونك يحطك تاج فوق راسوا ويحلف يخليك لالة البنات,1,dialectal,positive
الرجاء غادية مزيان لكن الاستهتار لي قاتلني علاش حاسين براسهم,1,dialectal,mixed
اللهم أرشدني بحكمتك لا بحكمتي ودلني على ما تشاء لا على ما أشاء,0,standard,positive
احتراماتي لبحال هاد الرجالة الكبار,1,dialectal,positive
إطلاق مبادرة لعزل النفايات من المنبع في طنجة,0,standard,neutral
الكبرياء أن تقضي ساعات وأنت تكتب رسالة عتاب ثم تمحوها في ثواني,0,standard,negative
قلب الوطن مجروح,0,standard,negative
في الغالب هو للراحة و النوم,0,standard,neutral
الله ارحمو ووسع عليه,1,dialectal,positive
إسم على مسمى,0,standard,positive
تغريدة للإطمئنان هل أنتم بخير,0,standard,positive
مابقا فيه ميتشاف,1,dialectal,negative
إختر راحة بالك مهما كلف الأمر,0,standard,positive
واو صراحة شيء جديد أرفع لك القبعة,1,dialectal,positive
ياحبيبي لي الشرف,0,standard,positive
الفيديو الذي يبحث عنه الجميع,0,standard,neutral
درر العظماء تبقى للعظماء,0,standard,positive
انا اللي محظوظة بأخت نقية الروح مثلك الله يديم تواصلنا ومحبتنا يا العزيزة,0,standard,positive
الى كل اصدقاء المحترمين,0,standard,positive
من باب العدل و الامانة و الله انه حرام ثم الف حرام,0,standard,mixed
صفحاتكم للأسف هي من تنشر هذه الاخبار,0,standard,negative
أحقر الرجال من يسرق أجمل سنين الأنثى ، ثم يقذفها لجحيم الحياة,0,standard,negative
باذن الله تعالى,0,standard,neutral
في حسنها تشهد لها حتى السماء و من ضحكها مال الثقيل المتزن,0,standard,positive
الله يفرحك بيها,1,dialectal,positive
و نعم بالله و خليك معانا على وجه الله آوجه الله,1,dialectal,positive
الخيبة الأولى موجعة أما البقية فهي دروس تقوية لا أكثر,0,standard,mixed
أي إستثمارات لم نرى شيئا أغلبية الإستثمارات أوروبية,1,dialectal,neutral
مسرحية الحروب بينكم و بين إيران نحن ندركها جيدا هدفكم الوحيد قتل العرب صوارخكم و صوارخ ايران وجهان لاجرام واحد على فكرة يا كوهين كلما شفت اسمك اتذكر كلبي ايدي,0,standard,negative
هذا فعلكم تحت غطاء الخونه,0,standard,negative
و الله احسن له ما يروح للقهوة يتفرج مرتاح فدارو,1,dialectal,positive
اااه الشوارع و الازقة التابعة لحي القدس وجهة نظري كانت ترمي الى اشراك بعضى اسماء ابناء المنطقة اللي كان لهم الفضل في ازدهار المنطقة هذا كل ما في الامر و عليكم السلام ورحمة الله,0,standard,neutral
اعتراف من نقابة الصحفيين الفاسدة,0,standard,negative
لانك اصيل ابن اولاد اصول,0,standard,positive
تحياتي تقبل الله صيامكم,0,standard,positive
شكل ترتيبهم مختلف,0,standard,neutral
من عيوب وسائل التواصل,0,standard,negative
الله يكرمك ويفتح لك أبواب الخير وأبواب الجنة يا رب,0,standard,positive
اللحظات الجميلة ليست في أين تكون ، بل مع من تكون,0,standard,positive
نتي معندكش امل كاااع,1,dialectal,negative
يجب دائما وضع منظومة القيم القديمة موضع تساؤل من أجل نقدها وتجاوزها,0,standard,neutral
الانقلابيون فعلوا ما لم يفعله كفار قريش,0,standard,negative
ما أجمل القلوب التي تتمنى الخير لبعضها,0,standard,positive
في الحياة دائما تذهب أشياء جميلة ويعوضنا الله بالأجمل فلك الحمد يا الله دائما وأبدا,0,standard,positive
هل تعتبرهم اعلاميين هؤلاء مجرد مرتزقة للسيسي و تركي ال الشيخ و اسيادهم السعوديين و الاماراتيين,0,standard,negative
اللهم إجعلنا ممن يقال لهم هذه الجنة التي كنتم بها توعدون,0,standard,positive
الوطن ممزق,0,standard,negative
مخيمات رملية تخرج سكانا للاحتجاج بمرزوكة,0,standard,neutral
رحمتك يا الله,0,standard,positive
فاشلة إذن تغير,0,standard,negative
الهم اجعلنا من عبادك الصالحين,0,standard,positive
تابتون على مواقفنا و يلعن روحك يا حافز و يلعن روحك يا بشار,0,standard,negative
انا موجود,0,standard,neutral
صباح الخير عليكم يا اهل بلادى,0,standard,positive
اغلاق كل الساحات والميادين الكبرى لمنع صلاة العيد وصمة عار على الانقلاب وحسابهم فى الاخرة عسير,0,standard,negative
الواحد يحصن راسو مزيان بالاذكار و الله يحفظ كل مسلم من كل مكروه,1,dialectal,positive
العمر ، والأحلام ، والغالين أشياء ما ترجع إذا راحت,0,standard,negative
سآبيت في العراء ولن آساوم سآحكي قصتي للقطط والكلاب الوفية المشردة مثلي، سآجعل من الكتب التي آحملها وسادة ولن آساوم سآبيت في العراء اليوم وغدا سآكتب كالشعراء قصيدة عن دفئ الآزقة وإخلاص الكلاب سآكتب فآنا وقلمي مشردون كالحبر في الورقة البيضاء,0,standard,negative
اقدم جامعه فى العالم جامعه القرويين فى مدينه فاس,0,standard,neutral
كأس الكاف كيف تعقدت أمور الرجاء للحفاظ على لقبه,0,standard,neutral
نجحت بامتياز ربي يوفقها من نجاح لنجاح,0,standard,positive
الله يصلح الحال تصبحين على واقع اجمل في امان الله,0,standard,positive
اسوأ تسويق للسياحة,0,standard,negative
اكثر بني ادم يعاني في الحياه هو المغترب بين الاردن والسعوديه للأسف,0,standard,negative
ياحبي المر العذب,0,standard,positive
شائعات لنشر الفتنة والفرقة اكثر واكثر لكن في هذه المرة فشل من يعشق الفتن ولم تصيبوا الهدف فالعلاقة متينة بين البلدين ولا يوجد مايعكر صفوها وتحياتي للشعب اللبناني العظيم,0,standard,positive
خسئت يا واطي,0,standard,negative
الله يشفيه ويقومه بالسلامه,0,standard,positive
فهموني الا فهمتوا شي حاجة,1,dialectal,neutral
هل توجد طرق بسيطة لوضع كلمة مرور آمنة,0,standard,neutral
من ترك شي لله عوضه الله بخير,0,standard,positive
اما في الحياة العامة فهو يتصرف وفق قدراته وميزاته ونوع عمله وهذان الوجهان المتناقضان غالبا ينتج عنهما اشكال لا حصر لها من الرياء والخداع و القمع على العرب أن يفهموا التجربة اليابانية، فسيطرة العسكر على الشعب هي سبب دخول البلاد في حروب مجنونة,0,standard,neutral
طائرات الاحتلال الإسرائيلي تشن عدوانا جديدا على قطاع غزة,0,standard,negative
يمكنني التراجع,0,standard,neutral
واقيلة الاسهل هو نعرفو لي ماشي ولد الناس ديك الساعة غانستنتجو تعريف ولد الناس نديرو داكشي ديال الماط,1,dialectal,positive
لا حنا معاهم ف السراء و الضراء لكن الانتقاد يزيد ف النتائج و همنا هو مصلحة العامة,1,dialectal,mixed
يحبك الخير ابنتي العزيزة,1,dialectal,positive
منتزه الرميلات الجميل,0,standard,positive
الغزواني يغادر الحكومة صوب رئاسة موريتانيا,0,standard,neutral
الاعتداء على التظاهرات السلمية مسؤلية من بيده السلطة,0,standard,negative
بمناسبة حلول الموسم الدراسي عبارة مكتوبة في جامعة هارفارد تقول ألم الدراسة لحظة وتنتهي لكن إهمالها ألم يستمر مدى الحياة وقال قبلهم الامام الشافعي من لم يذق مر التعلم ساعة، تجرع ذل الجهل طول حياته بالعلم تعلوا الأمم,0,standard,neutral
اللهم اجعلنا ممن يتركون آثارا طيبة في حياة وقلوب الآخرين لا تمحى أبدا,0,standard,positive
صور من جولة مع الأصدقاء,0,standard,neutral
قصة ألهمت الفتيات عبر الأجيال على مدى عاما,0,standard,neutral
برلمان السودان يقلص حالة الطوارئ إلى أشهر,0,standard,neutral
منظر جميل جدا وطبيعي,0,standard,positive
عندك الصح,1,dialectal,positive
جاء إضراب الحوانت في الرباط وسلا وجاب معاه الشتاء يا سلام الرواح غادي يمشي,1,dialectal,neutral
يحرضون شعوبهم على كراهية الإسلام والمسلمين، بعدها يعربون عن حزنهم ألا لعنة الله على الكاذبين المنافقين,0,standard,negative
واقعنا للآسف,0,standard,negative
ماعليك سوى الصبر وآقول لك رمضان مبارك سعيد كل عام وآنتم بخير آسآل الله آن يذخل عليكم هذا الشهر الفضيل بالصحة والهناء ويطول عمر والديك ويرونك كيف ما تمناو يارب,0,standard,positive
نتمنى السلامة للجميع,0,standard,positive
لربما يعوضك الله بشيء ، أحب إليك مما فقدت,0,standard,positive
الظاهر عقلك تافه من اصحاب العقول المقفلة,0,standard,negative
أكثر الناس عفوا وصفحا أشدهم تقوى لله,0,standard,positive
دائم مبدع اخوي محمد,0,standard,positive
وان وصفتك بالقليل المختصر أنت اجمل شي في الدنيا احبه,0,standard,positive
لا بالعكس عندهم منفعتهم و هدا جيد,0,standard,positive
شكرا بزاف ختي صراحة روعة كلامك لاتوصف ومتابعتك لنا شرف كبير وردك فعلا يدخل السرور والفرح على القلب,1,dialectal,positive
اميين,0,standard,neutral
دمتم الى الرحمان اقرب,0,standard,positive
تابعت هذا الجوال من بداية صدوره وقبل اقترابه للعالم العربي فعلا يستحق كل هذه الاهمية,0,standard,negative
عطينا النقاط الاساسية,1,dialectal,neutral
الله ياخد فيهم الحق,1,dialectal,negative
قمع الثورة في البحرين بطريقة همجية جريمة,0,standard,negative
بالصحة و الراحة الحليب درتو حيت ماعنديش لاكخيم فخيش,1,dialectal,positive
مافهمتش انا علاش,1,dialectal,neutral
اخيرا رجعت كيما كنت,1,dialectal,neutral
انا من النوع للي ماتنبغي حتى حاجة تنقص من بلادي او تهينها عتبرني معاقة عقليا و لكن هذه حقيقتي بلادي زوينة و فيها من الخير الكثير,1,dialectal,positive
أحتاج لك حاجة غريب للأوطان,0,standard,mixed
لعنة الله عليه هذا الإرهابي,0,standard,negative
البعض يحتاج كوكب اخر غير كوكب الارض ليعيش بسلام,0,standard,neutral
ريال مدريد يحطم الارقام القياسية أسرع فريق,0,standard,positive
وباقي العناصر جزااكم الله خيرا جد فرحة وانا اتابع رحلتكم الهادفة لتدفئة أطفال منطقة أغبار وادخال الفرحة على قلوبهم,0,standard,positive
مواقع التواصل الاجتماع قلصت من حريتنا الاحتماعية و غيرت مردودنا الاجتماعي نحو عائلاتنا و اصدقائنا سلبت منا الهوس الاجتماعي اللي الانسان معروف عليه,0,standard,negative
خبر حزين لمشجعين برشلونة للأسف فالفيردي باقي و يتمدد,0,standard,mixed
راني كنبغيك,1,dialectal,positive
محبته تبقى لو انه ما بقى,0,standard,positive
حدراف كيسالي معايا في التصاريح ديالو,1,dialectal,neutral
اللهم امين يارب و لكم بالمثل ان شاء الله و جزاكم الله خيرا,0,standard,positive
مقابلة مع قناة تطرقت فيها إلى قضايا عدة,0,standard,neutral
راحة دائمة إن شاء الله,0,standard,positive
مساء الخير ياعقيد,0,standard,positive
غير صحيح يا كاذب,0,standard,negative
اغبياء,0,standard,negative
طلب نادي الرجاء من النادي الأهلي السعودي منحه مليوني يورو للتخلي عن لاعب بدر بانون,0,standard,neutral
مصادر تؤكد بأن شوهة تيفي استعملت بت مباشر قديم لعام لتوهم متابعيها هذا والله اعلم المتهم بريء حتى تتبت ادانته,1,dialectal,neutral
السرقة مع سبق الاصرار و الترصد,0,standard,negative
البعض جميل ، لكن من بعيد فقط,0,standard,mixed
كن كالنمر المقنع يرونك فاشلا لكنك تملك الكثير من المؤهلات خلف قناعك الذي سيظهر يوما ما حقيقتك لهم,0,standard,positive
يا حقير,0,standard,negative
ليرتفع منك المعنى لا الصوت فإن مايجعل الزهر ينبت ويتفتح هو المطر لا الرعد,0,standard,neutral
لماذا يعامل البخاري كأنه مصدر موثوق,0,standard,neutral
صحيح الله يرحم من قراك,1,dialectal,positive
حين غفل المسلمون عن الاسلام سلط الله عليهم عدوهم ولن ينتصروا عليه قبل أن يرجعوا إلى الإسلام,0,standard,negative
من شكى همه للناس زاد °°° و من شكى همه لله زال يحتاجها كل من وجد الغدر والخيانة بدلا من الوفاء بالعقود والعهود، ويحتاجها كل مستضعف عاجز يتصارع أهل الطغيان أيهم يضربه أولا، وأيهم يسحقه سحقا كافيا ويحتاجها كل داع إلى الله وجد الآذان قد صمت ويحتاجها كل محب للخير,0,standard,neutral
أغنية مغربية جميلة جدا,0,standard,positive
يكشف حقيقة اقتطاع في المائة من أجور الموظفين,0,standard,neutral
الصيف صيف تحياتي ليكم حبابي ابن جرير,1,dialectal,positive
الراجل ده بيقول كلام زي الفل غالبا معندوش,1,dialectal,positive
عن الزبير بن العوام رضي الله عنه ان رسول الله قال لأن يأخذ أحدكم حبله ، فيأتي بحزمة الحطب على ظهره فيبيعها ، فيكف الله بها وجهه ، خير له من أن يسأل الناس ، أعطوه أو منعوه صحيح البخاري,0,standard,neutral
ويسعدك يارب انت شخص عزيز كثير وانت عارف,1,dialectal,positive
الأحكام التي صدرت في حق المعتقلين تحتقر الشعب في الحقيقه,0,standard,negative
إطلاق خط جوي مباشر جديد يربط الدار البيضاء وبوسطن,0,standard,neutral
الصورة تشرح كل شيئ,0,standard,neutral
تخاصمت معه انا و هنيت راسي من لعذاب,1,dialectal,mixed
الحياة لاتعطي دروس مجانية لأحد فعندما اقول علمتني الحياة تأكدو أنني دفعت الثمن,0,standard,neutral
شوفوني احافظ على العلاقات الاخوية الحمد لله,1,dialectal,positive
غامضة الى ابعد وضوح و واضحة الى ابعد غموض,0,standard,mixed
ما أجمل تلك الصداقة التي تدوم ولا تنتهي,0,standard,positive
انا عجبتني خدمتوا ولكن سروال معجبنيش,1,dialectal,mixed
الحمد لله عليها نعمة لمن كنت غانبقا نتشكا منهم كون ماكنتوش,1,dialectal,positive
هدم واحراق المساجد والمنازل وحشية لم يفعلها الاحتلال الغاشم,0,standard,negative
اللهم اجعله خير و بركة غاليتي,0,standard,positive
الناس للناس لكن انت لي وحدي,1,dialectal,positive
في شهر فبراير دائما يبدأ العهر والفساد التحكيمي لصالح الريال,0,standard,negative
كفيت و وفيت و ما قصرت اخي الكريم و هذا من نبلك و علو اخلاقك حفظك الله و رعاك,0,standard,positive
ربي يديم المحبة والاخوة بينكم ياررب,0,standard,positive
ليس طبيعي كذب,0,standard,negative
الأول على اليسار,0,standard,neutral
بلا مجاملة و الله و لكن راه وصلنا لمرحلة اننا عزيز علينا نشوفو بنات بلادنا يتعرضو للفضائح و الاغتصابات وووو ولينا نتلذذو بالفضيحة على حساب بنات مجتمعنا خاصنا نحيو شوي الغيرة ف شبابنا,1,dialectal,negative
قال الامام الفقيه محمد بن صالح العثيمين رحمه الله وأما صيام الست من شوال فلا ينال ثوابها إلا إذا أتم صيام رمضان، وذلك لأن الست تابعة لرمضان؛ لقول النبي صلى الله عليه وعلى آله وسلم من صام رمضان ثم أتبعه ستا من شوال فكأنما صام الدهر المرجع لقاء الباب المفتوح,0,standard,neutral
أحسن رفيسة عمية بطريقة لالة زهرة,1,dialectal,positive
هل يشارك المغرب في الإدارة الدينية للقدس ما بعد صفقة القرن,0,standard,neutral
للأسف جميع من علق لك لم يفهم ما ترنوا إليه,0,standard,negative
نصابون برخصة حكومية,0,standard,negative
الى كانو الانظار متجهة لك فاعلم انك في الطريق الصحيح,1,dialectal,positive
فبلادي ظلموني أغنية واعرة,1,dialectal,mixed
الاخت ستترجم لك,0,standard,neutral
الكبر أساس كل بلية ورأس كل مصيبة,0,standard,negative
كنفرح لفرحتكم,1,dialectal,positive
لا أتفق معك الطريقة التي اعتمدوها ليست مناسبة لجلب انتباه المشاهدين,0,standard,negative
المغرب لا يباع ولا يشترى يا وضيع المغرب حر في سيادته وسياسته الخارجية,0,standard,negative
مخاطر القروض غير المستردة تهدد مستقبل توازن مصارف مغربية,0,standard,negative
احساس وشعور رائع وانت امام خالق الكون تستعين به و تترجى الفرج والخير,0,standard,positive
بعض البشر مثل الأشجار الصناعيه مهما سقيته من المعروف لا يثمر,0,standard,negative
جواب ناقص و غير مقبول,0,standard,negative
اللهم بلغني هواء مكة و سكينة مكة يارب ارزقني عمرة قريبه,0,standard,positive
ناس فرحانة الله يعمرها دار,1,dialectal,positive
هذا اجراء عادي,0,standard,neutral
بغيت نشوفك بهادي الله يفرح قلبك اختي الغالية,1,dialectal,positive
مصدومة بجد ومش بنطق ولا عارفة ارد,0,standard,negative
كلامي يمثلني وفهمك يمثلك,0,standard,neutral
قدح عرضي و طعن شرفي فاستبدل سيئاتي بحسناته و وفر عليا مشقة العبادات,0,standard,mixed
بدلتي لحساب ولا كيفاش,1,dialectal,neutral
الله يعطيك الصحة و الخير,1,dialectal,positive
أكيد هذه الأحكام ستتم مراجعتها في الاستئناف,0,standard,neutral
إن عشقت آعشق بصدق، لنا حياة واحدة، فرصة واحدة، قلب واحد، تمرد وآترك الإبتسامات، وعندما تمر من مكان إزرع فيه البذور، فبعد رحيلك ستنبث الزهور,0,standard,positive
رفع الله قدركم,0,standard,positive
بث مباشر ما هي توقعاتكم,0,standard,neutral
رسمة احببتها وأنا ارسمها,0,standard,positive
بصحتو تبرع مع راسك,1,dialectal,positive
اشاعةمن اشاعات الفيسبوك,0,standard,negative
صباحك سعادة,0,standard,positive
ملكنا دائمآ يقف شامخا امام الاعداء ومحمد السادس نصره الله هو حامي المغرب والامن والامان الدي نعيشه يرجع له الفضل اللهم انصر المغرب والمغاربة وجميع المسلمين,0,standard,positive
عملية أمنية تفكك خلية إرهابية ب مدن مغربية,0,standard,neutral
كرة القدم اصبحت مصالح,0,standard,negative
رايك احترمه,0,standard,positive
بين عام مغادر وعام جديد يغير الله الأحوال من حال إلى حال فيا رب فرج هم اهلنا بالشام واجعل لهم نهاية لكل ألم وظلم,0,standard,positive
عاونوا هاد البنت الله يجازيك بخير,1,dialectal,positive
جاور من يؤمنون بوجودك ويعطونك قيمتك ويرفعون من قدرك ويختلقون ألف سبب للحديث معك من يغزلون خيوط الود من أجلك ويفتحون في روحك نوافذ من نور من يقولون لك أنت تستطيع وأن في وسعك أن تضيء‌ العالم يكفي أن يؤمن بنورك شخص واحد حتى تسطع كالشمس,0,standard,positive
ضحكتيني,1,dialectal,positive
نهاركم مبروك جمعة مباركة واجدين ليوما باش تسمعوا الأغنية الجديدة,1,dialectal,positive
والله نتعاونوا المساوات فكلشي فحال الراجل فحال المرآة,1,dialectal,positive
ايه عائلتي و عائلتك غير هو للي مصبرهم,1,dialectal,neutral
السلام عليكم اخواني اخواتي انا جديد معكم هل من ترحيب,0,standard,positive
قراران لمجلس الشيوخ الأمريكي هذه الليلة إدانة ولي العهد محمد بن سلمان واعتباره مسؤولا عن جريمة وقف الدعم الامريكي للسعودية في حرب اليمن,0,standard,negative
هذا ما يسمى زرع الخير اينما حليت و ارتحلت,0,standard,positive
اتبع قلبك ولكن خذ عقلك معك,0,standard,positive
أنا قلت معمرني ماشي منقدرش,1,dialectal,neutral
اللي نساك انساه لو كان غالي,1,dialectal,mixed
لسان العاقل وراء قلبه وقلب الأحمق وراء لسانه,0,standard,neutral
كلها جميلة,0,standard,positive
على السلامة,0,standard,positive
شفت واحد الفيديو ما عجبني و المشكلة ينتشر بسرعة البرق الناس ما بقات تستر اخوانها الله المستعان,1,dialectal,negative
ركود اقتصادي في تركيا للمرة الأولى منذ,0,standard,neutral
اللهم اميين,0,standard,neutral
لا تهمل شيئا تغار أن تراه بيد غيرك,0,standard,neutral
الله يحفظكم جميعا,0,standard,positive
تستاهلي كل خير عندي يفرح قلبك يا رب,1,dialectal,positive
الله يحفظك ليا صافي تقت,1,dialectal,positive
ديما جمهور ردجا كدير كوارث,1,dialectal,negative
هموم المصاريف قتلت الصغير قبل الكبير الله ياخذ حقنا منكم و لا يباركلكم,0,standard,negative
البحر اختصر كل معاني الجمال,0,standard,positive
آمين و جزااك على سلامتك,0,standard,positive
الله نعم الوكيل,0,standard,positive
الواحد هو اللي يسافر و يتبرع و يبدل الجو,1,dialectal,positive
انسانة طيبة جدا,0,standard,positive
تجاهل مبارك للفقراء لم يكن نابعا عن إهمال فقط وإنما فلسفة تقوم على احتقار الفقراء لأنهم فشلوا فى الثراء,0,standard,negative
تعذبني ولاتدري بعذابي عذاب الحب يذبح من يصيبه,0,standard,negative
اودي كاين لي واخد افكار اخرى غير خلينا ساكتين الله يحفظك,1,dialectal,negative
اضحك في صمت هناك من يتألم,0,standard,mixed
عار من الصحة تماما، ينبغي إيقاف حملة الإفك والتشويه فورا,0,standard,negative
قبح الله الفقر و لو ماشي عذر,1,dialectal,negative
كتاب رياض الصالحين,0,standard,neutral
اللهم اميييين ولك مثله واكثر يارب ربي يبارك فيك يارب ه المهم انك شاركتيني الفرحة وهذا شرف كبير ليا,1,dialectal,positive
تا حد مابقا يحشم هنا,1,dialectal,negative
العفو اخي الكريم,0,standard,positive
من تعود على الخطأ صار قاسي القلب,0,standard,negative
كايسحابلي نقارضتو لي كاتجيبو الورد الله يكمل بيخير,1,dialectal,positive
جربت التعايش مع المجتمع إلى أن أيقنت بأن الوحدة ليس سيئة كما وصفوها,0,standard,neutral
مقرف جدا هذا الشخص,0,standard,negative
المفاعل النووي فوق طاقتنا صعب علينا الثقة معدومة,0,standard,negative
هداك حال الناس ديما مع الادارة و الاداريين انا بعد و لله الحمد فاش نبغي نقضي شي غرض فالادارة ماعمرني واجهت شي مشكل بحال هذا معمرني رشيت شي حد على قبل شي غرض الحمد لله,1,dialectal,positive
معشوقتي السمراء,0,standard,positive
للاسف المنشار على كل من ينجح,1,dialectal,negative
نحب اشخاص لا يهتمون بنا و يحبنا اشخاص لا نهتم بهم,0,standard,negative
عند الامتحان يعز المرء او يهان يارب توفيقك لتلاميذنا و تلميذاتنا ، اللهم افتح عليهم فتح العارفين و سدد اجاباتهم يارب العالمين امين,0,standard,positive
إذا تعلمت التجاهل، فقد إجتزت نصف مشاكل الحياة,0,standard,positive
الحالات التي لا ينصح فيها استخدام الحجامة,0,standard,neutral
من كثر ما أحبه وأدور له الخير صرت أتقاسم معه دعوة صلاتي,1,dialectal,positive
و انا اولي اهتماما اكبر للعقل,0,standard,positive
عيد ميلاد سعيد ختيتوا الصغيرة,1,dialectal,positive
تحياتي,0,standard,positive
لهذا وجب عدم التبرير لمثل هذه الامور والتعامل معها كانه الامر العادي,1,dialectal,neutral
كلما كانت الفتاة عظيمة تأكد أن وراءها أب أعظم,0,standard,positive
مغامر يحلق مع صقره في السماء,0,standard,neutral
متضررون من التزوير العقاري يقاسون استعادة أملاكهم في المغرب,0,standard,negative
عزيزي الرجل العربي هاذي المعانات سببها نوم الرجل الى ساعة الظهر و انقراض معنى الرجولة,0,standard,negative
الظلم الاجتماعي,0,standard,negative
باركة من تبركيك اياسين,1,dialectal,positive
شكون قال ليك هادوك مختلين عقليا و منحكموش على حالة واحدة و راه وقعوا حالات هما في المساجد من بنات صغار ولاد صغار عيالات الرجالة فهمتي,1,dialectal,neutral
تم التصويت,0,standard,neutral
الله اكبر اذان المغرب حسب التوقيت المحلي لمدينة مراكش,0,standard,neutral
راه نتوما اللي ما بقيتو تحشمو و لا نتوما عندكم الحصانة الله يعطينا وجهكم,1,dialectal,negative
بنادم اضحك فكلشي حتى الموت والتلاعب في المشاعر ديال الناس,1,dialectal,negative
سنك سنك و لله الحمد,1,dialectal,positive
الله يكبر بيك الغالية الحنينة اطيب الناس,0,standard,positive
سنثمر بكل ما اتينا من قوة,0,standard,positive
قريت هاد الاحرار جاتني بحال الى ك تدافعي على الاحرار الحزب ضد المقاطعين,1,dialectal,neutral
ما تموت المشاعر لو وصالك قليل,0,standard,mixed
اللهم آمين دائما تبكيني دعواتك فرحا الحمد لله أن رزقني صديقة وأختا مثلك ندى يا قلبي الله يرزقنا التسامح والعفو ما حيينا يا رب,0,standard,positive
اللهم لك الحمد حمدا كثيرا طيبا مبارك فيه,0,standard,positive
انت تعرف ماذا تريد تحب الجدال و الفكر العميق احلامك لا تتحقق إلا بعد وقت طويل و جهد كبير تحب المرح رغم انك تظهر رصين,0,standard,mixed
اذا أردت أن تعرف مستوى أخلاقيات أمة انظر الى ملاعبها بعد نهاية المبارات,0,standard,neutral
لإنه النووي ضرره علينا اكتر بكتير من فوائده,0,standard,negative
جالس جميل الروح تصيبك عدوى جماله,0,standard,positive
لا اطلاقا صديقي لن استفز بالعكس الجزايريين خوتنا وحبايبنا وخاوا,1,dialectal,positive
صباح الورد,0,standard,positive
انا غير مسؤولة عن عدم فهمك لقصدي,0,standard,neutral
قبل عقد قراني بيوم,0,standard,neutral
بإذن الله حبيبة باقي الاماتة ديال العمرة تتسناك,1,dialectal,positive
كانحس براسي تبدلت من داك العام لهاد العام سعاد ديال ماشي هي ديال نهائيا ان شاء الله احسن و احسن,1,dialectal,positive
شوفو جمال الحب ربي يحفظها,1,dialectal,positive
نعيش في زمن الغفلة غير الله يرأف بنا و صافي,1,dialectal,negative
مبادرة تؤنث أسماء شوارع مغربية لرفض التمييز والهيمنة الذكورية,0,standard,neutral
شكرا على تصحيح المعلومة اخي الفاضل,0,standard,positive
الصورة من اين,0,standard,neutral
غدا ستنطلق أول رحلة ل التيجيفي بالمغرب ومفاجأة بخصوص أسعار التذاكر,0,standard,neutral
لا هو على غرار هاد المقولة كيطعن ف بزاف د المسائل اللي ما خاصو يناقشها بالمرة و انا من معارضيه,1,dialectal,negative
تماما و الله خاصها تطبق حتى ف البيوت لان التكنولوجيا اصبحت سلبياتها تهدد مجتمعنا,1,dialectal,neutral
خبر اليوم تفاصيل تأجيل أشغال محاكمة البرلماني,0,standard,neutral
التحفة,0,standard,positive
المشكل هو أنه قانونيا لا يمكن,0,standard,negative
هدية بسيطة مني لكم,0,standard,positive
آلله يكون منه و يشافيه و يقعد وسادها بالصحة والعافية و السلامة يا رب العالمين,1,dialectal,positive
وجا بشع و تريد إيهام نفسها أنها جميلة,0,standard,negative
زيدوهو زيدوهم هادشي ما يكفيهم,1,dialectal,positive
ان شاء الله دمت طيبة,0,standard,positive
شعب مختل عقليا,0,standard,negative
يخليلي انا الغاليبن على قلبي,1,dialectal,positive
عقدين من الزمن و لازالت ضربتها تؤلم,0,standard,negative
عن عبدالله بن مسعود رضي الله عنه ان رسول الله قال ما من مسلم يصيبه أذى، مرض فما سواه، إلا حط الله له سيئآته، كما تحط الشجرة ورقها صحيح البخاري صحيح مسلم,0,standard,neutral
فيها براءة اطفال ما اقصد شيء,0,standard,positive
الواحد يرد البال خصوصا ف هاد الوقت اللي الكل باغي غير الفضيحة لخوه هاد التكنولوجيا الى طاحت فأيدي ضعاف النفوس ستخرب المجتمع الله يحد البأس,1,dialectal,negative
كانت أيام زوينة,1,dialectal,positive
عين المتحدث ، أصدق من لسانه,0,standard,neutral
انا احبك,0,standard,positive
انتصر الحق وزهق الباطل ان الباطل كان زهوقا,0,standard,neutral
احسن كتاب,0,standard,positive
مع الاسف نعم,0,standard,negative
صباحك طمئنينة و رضى من رب العالمين,0,standard,positive
الأم كالعمر لا تتكرر مرتين,0,standard,positive
زيارة الأمير هاري وزوجته للمغرب تروج لمناطق سياحية في المملكة,0,standard,neutral
ماكاينش لي تسوق ليا ماكاين باس تهلاو,1,dialectal,mixed
إبليس بريء منك,0,standard,negative
صدقيني قلبي يحكي لك حقيقه صدقيني ما ارى غيرك ملاك,0,standard,positive
أثناء مشاركتنا في عمل جمعوي في الحي المحمدي بالدار البيضاء الحي المحمدي,1,dialectal,neutral
واذكر ربك إذا نسيت,0,standard,neutral
أحبك و همي كيف قلبك اهنيه,0,standard,positive
مزال متيقت,1,dialectal,neutral
روعة اللهم صل وسلم وبارك على الحبيب,0,standard,positive
ربي أخرج من قلبي مايؤلمني فقد خاب الظن بالكثير,0,standard,mixed
واقع مرير يعاش بهذا البلد,0,standard,negative
حتي أسوأ المواقف قد تتحول إلى لحظه فرح إذا كنت مع الشخص المناسب,0,standard,positive
الله يقبل,1,dialectal,positive
تباهي ب حسنك الفتان من قدك مادامك أجمل من أجمل شي بالدنيا,0,standard,positive
مرحبا ياكما كاين باس,1,dialectal,neutral
خطأ إداري,0,standard,neutral
تألمت كثيرا حتى التهب قلبي وقطع جزء منه,0,standard,negative
و هو على كل شيء قدير,0,standard,neutral
هجومك يا أخي على حسن طارق تبرهيش و قلة عقل ودليل انعدام غرام ديال المنطق,1,dialectal,negative
الحمد لله على سلامتكم,0,standard,positive
احسن حاجة درتيها حيتاش الضو ديال الشاشات قاسح على العينين خصوصا بالليل,1,dialectal,positive
صدق الله غفرانك ربنا الذي جعلت الحب شفاء من كل داء,0,standard,positive
صحيح الحمدلله,0,standard,positive
ممكن اذا كان كذلك رب يشافيها,0,standard,positive
ان شاء الله تولد بحاله,1,dialectal,positive
ع و يحترم,0,standard,positive
الحقد ليس له حدود عاشت قطر,0,standard,mixed
سبحان الله كل منطقة و باش معروفة,1,dialectal,neutral
الحب ينتزع ولا يعطى,0,standard,neutral
احتاج إلى أحد يخبرني الآن بأنه يحبني,0,standard,positive
ذهب الى روسيا من اجل الحصول على ضمانات جديدة,0,standard,neutral
هاد لقضية تستاهلي عليها تحية الله يسهل عليك,1,dialectal,positive
توصية بتعديل ظهير للحريات العامة,0,standard,neutral
الشعب هو سبب الأزمة المالية,0,standard,negative
يبدو أن الشركة أصبحت تعد أيامها الاخيرة بسبب تراجع الإقبال عن هواتفها وفقدانها لعدد مهم من زبنائها,0,standard,neutral
لن يدخل أي مواطن مغربي إلى جهنم ن الإنسان لايدخل إلى جهنم مرتين,0,standard,negative
لجنة تقارب سبل إيواء النساء والأطفال بورزازات,0,standard,neutral
انت الوحيد الي عيوني تحبه,0,standard,positive
عش عفويتك واترك للناس الظنون,0,standard,positive
ليت ربي خلق لصافي النية علامة,0,standard,neutral
من يقول ذلك الكلام فهو يحاول تبرير العنف والإرهاب والعنف والإرهاب لا يمكن تبريره,0,standard,negative
اه حان اجله عزاؤك و عزاؤنا واحد,0,standard,negative
الحق بين و الخطأ بين عمي الوزير,0,standard,neutral
عندما تسمو الركاكة,0,standard,negative
خيالك يرسم البسمه على شفاهي وياخذني الى آخر مدى في الكون وطن عمري,0,standard,positive
مواطن مغربي واعي و حر و كامل المواطنة,0,standard,positive
أيامنا هذه هى أيام اختلال مفزع لمعايير الحكم على الأمور فى المجال,0,standard,negative
مبارك عليكم الشهر الفضيل تقبل الله منا ومنكم صالح الأعمال,0,standard,positive
على الاقل كاينين شي بوادر باللي الناس بدات تفهم الوضعية كيف دايرة و هناك من بدأ ينصح بالتعامل مع الاطباء النفسانيين لمثل هكذا حالات واخا هاد الاطباء قلال,1,dialectal,mixed
الله يشافي المرضى,1,dialectal,positive
مردودية الاستثمارات والنفقات العمومية ترفعان المديونية العامة للمملكة,0,standard,neutral
الاستسلام يطرق آخر مسمار في نعش داعش,0,standard,neutral
تحياتي للآسود والله برافو المحاربين,1,dialectal,positive
سيري لتغريدة الاخيرة,1,dialectal,neutral
نسيت ماقلت ليك عيد ميلاد سعيد البارح قلتها نهار قبل و نقولها ليك تاني نهار من بعد جمعهم و قسم على جوج تعطيك النهار بالضبط عيد ميلاد سعيد,1,dialectal,positive
معرض الكتاب,0,standard,neutral
مبرووك للمنتخب البلجيكي كيستحقوا الفوز,1,dialectal,positive
الحمد لله كلشي داز مزيان فرحنا هادوك الوليدات والبنيات الصغار الله معاهم,1,dialectal,positive
أسوء من الوجع من يسيء الظن بك و هو لآ يعلم ما الذي فعلته من أجله,0,standard,negative
لا مفر منك الا اليك,0,standard,neutral
ممممم مظلومات و ما خفي اعظم,0,standard,negative
مبرووك والله يوفقك,0,standard,positive
المشكلة حطيت تغريدة منقولة ليس فيها اساءة له و لا لاهله و لا لبلده و ليس عنده سبب أو مبرر لهجومه عليا و دخل يغلط لله في لله حتى مافهمت علاش,1,dialectal,negative
واحد السؤال يتبادر الى الادهان الان الى خرجت اعلى سلطة في البلاد تطالب الشعب بوقف المقاطعة فما سيكون قراركم يا شعب المداويخ شاركونا ارائكم,1,dialectal,neutral
لقد قضيت حياتي كلها أقاوم الرغبة في إنهائها,0,standard,neutral
كلنا غ نمشيو غير شكون اللي سابق,1,dialectal,neutral
ربنا آتنا في الدنيا حسنة وفي الاخرة حسنة وقنا عذاب النار,0,standard,positive
شوف أش كيكولك إحساسك ماشي بالضروري تبع الجماعة,1,dialectal,neutral
اللهم في يوم الجمعة ان تشفي كل مريض وان تسعد كل حزين وان تفرج هم كل مهموم,0,standard,positive
الذين وصلوا إلى القمة لم يهبطوا من السماء حاول أنت كما حاولوا,0,standard,positive
واخا ا سيدي,1,dialectal,positive
دعم القيادات النسائية من أجل السلام يجمع فاعلين دوليين بالرباط,0,standard,neutral
متفق معاك لكن هناك من حج مرات عديدة و من جيرانه اللي ما عندو حتى عشاه,1,dialectal,positive
حسبنا الله و نعم الوكيل,0,standard,negative
نتائج مشرفة لتلاميذ الثانوية في البطولة الجهوية,0,standard,positive
الكلام يخدع لدرجة ممكن يوهمك إنك كل شيء وفجأه إنت ولا شيء للمرة المليون ركز ع الأفعال,0,standard,neutral
طيبة القلب جميلة المظهر رجاوية قحة الله يرزقها شي حاجة خضراء,0,standard,positive
القلم لسان اليد,0,standard,neutral
لاعب جيد وبالتوفيق له,0,standard,positive
أسوأ شعور عندما يكون هناك شيء يقتلك في الداخل وعليك أن تتصرف وكأنك لا تهتم,0,standard,negative
الله ينورك كيما نورتيني,1,dialectal,positive
دائما انا اخر من يعلم في هاد تويتر,0,standard,neutral
المغني الوحيد لي اغانيه مكتموتش وكل مرة كتسمع ليه اغنية كانها اول مرة سمعتيها هو,1,dialectal,positive
نحن عندما نفكر في مجتمع لايفكر نحكم على أنفسنا بالعزلة,0,standard,neutral
للوالدين لا بد أن توقظوا حس النكبة في أنفسكم متى ما تيقظ هذا الحس تنبهتم لخطورة الزمن جالسوا أفلاذ الأكباد تعرفوا على أفكارهم ناقشوهم برودكم تجام وتجاهلكم لهم وإهمالكم لهم سيورثكم ما ستندمون عليه طيلة عمركم وتذكروا دائما جسامة المسؤولية التاريخية,0,standard,negative
استخفف التحكيم ظلم و انحياز,0,standard,negative
يبقى الالمان هم الالمان لا مثيل لهم,0,standard,positive
استخلاص مصاريف الحج دفعة واحدة,0,standard,neutral
فن الرد,0,standard,positive
رحمهم الله وغفر لهم وجعل مثواهم الجنة والهم ذويهم الصبر والسلوان,0,standard,positive
أنت أجمل أشيائي التي اخبئها بداخلي,0,standard,positive
اختي فاطمة طال غيابك يارب تكونين بخير طمنينا عنك,0,standard,neutral
و الله العظيم معك حق يا مدريديستا,0,standard,positive
الجزيرة التي غيرت طريقة سفرنا حول العالم,0,standard,neutral
الوقت مايرخص قدر غالي الناس بأفعالها تخسر قدرها,0,standard,negative
مع الاسف هؤلاء المجرمين هم من يتحكمون بالبلاد,0,standard,negative
صباح النور الحمد لله مكاينش,1,dialectal,positive
ان شاء الله اللهم زدنا علما و نورا,0,standard,positive
ماتديش عليا راه كان حلمي في الطفولة ان اكون طبيب نفسي كبرت وتحقق نصف حلمي اصبحت مريض نفسي,1,dialectal,mixed
تقبل الله منا و منكم,0,standard,positive
لكن في أرض النفاق كالعادة يكسب الكذاب,0,standard,negative
الصبر ليس القدرة على الانتظار بل ماذا تفعل حين تنتظر,0,standard,neutral
فهمتي غلط,1,dialectal,negative
مشيت نقاد البوطة لقيت التعادل,1,dialectal,neutral
و لك في رمضان خير دليل هل نحن ملزمون بالمحافظة على الصلاة و الفرائض في رمضان فقط,0,standard,neutral
شوف وتمعن و تعلم تتكلم,1,dialectal,neutral
عليك ان تتقبل حقيقة استمرارية الحياة نحو الامام,0,standard,neutral
المعاناة يا اختي,0,standard,negative
كلبة من أتباع العلمانية الإستعمارية,0,standard,negative
الرجل الذي يضرب زوجته هو ذاك الذي يعلم يقينا ان الزوجة ليس لها مكان تأوي اليه غير بيته يعني باختصار لا يضرب الزوجة الا نذل يستقوي على ضعف امرأة,0,standard,negative
الله يجبر بخاطرك,0,standard,positive
كثير اللي يلفت العين لكن نادر اللي يلفت القلب,0,standard,positive
استغفرالله استغفرالله استغفرالله,0,standard,positive
ديال جودة هاديك ياحسرتاه,1,dialectal,negative
وا النعاس مانفيقش الصباح هدا هي الراحة,1,dialectal,positive
مناسبة جدا للموقف,0,standard,neutral
سمحولينا يزين يامك,1,dialectal,positive
صباح الخير و نهاركم مبروك,0,standard,positive
تغريدة من ذهب,0,standard,positive
صباح الخير ياعقيد كيف الحال والأحوال,0,standard,positive
من خاف الله فلا خوف عليه ولا منه,0,standard,positive
فهمت وجهة نظرك,0,standard,positive
حين أصاب السهم قلبي لم أمت ولكني مت حين رأيت من رماه,0,standard,negative
كلنا واحد كلنا ضد السرطان,0,standard,positive
بالضبط هادا لي قصدت الله يصلح الحال,1,dialectal,positive
أنا البطل الذي يموت في الصفحة الأولي كلاوديو بوتساني,0,standard,neutral
واعرة هاديك,1,dialectal,positive
مع انتشار الوقاحة أصبح الأدب ملفتا للنظر,0,standard,negative
كاميرا خفية في الانحطاط الاخلاقي,0,standard,negative
الصادقون انقرضو,0,standard,negative
جميل جدا لوكان حقيقي واضح انو فوتوشوب,0,standard,mixed
داكشي اللي بغينا,1,dialectal,positive
نريد الرسالة من فضلك,0,standard,neutral
موت عزيز ولا حياة المذلة,0,standard,mixed
ان شاء الله تفوز,0,standard,positive
صمت المشاعر في بعض الاحيان يذبح,0,standard,negative
الله عطاك الحظ,0,standard,positive
شحال فكرت فيها باش نعرفها و اليوم جات قدامي صدفة,1,dialectal,neutral
البطولة الوطنية مسواها ضعيف و ممل للغاية,1,dialectal,negative
أنتم عائلتنا وهذه نصيحته للشباب,0,standard,neutral
ونعم بالله العلي العظيم,0,standard,positive
عندك زهر,1,dialectal,positive
هاد الغياب اللي تقصدي ف الواقع المعاش او ف هاد العالم الافتراضي,1,dialectal,neutral
الله ينصر سيدنا على ظلام الأمة,0,standard,positive
حاربو هيئة النهي عن المنكر و استبدلوها بلجنة الترفيه,0,standard,negative
توقعات الأرصاد الجوية لطقس اليوم الثلاثاء,0,standard,neutral
وزارتنا بحاجة لتبرير اختباراتها ضعنا و الله,0,standard,negative
يسخر منكم,0,standard,negative
سبحانك يا جليل,0,standard,positive
أشهد أن لا إله إلإ الله و أشهد ان محمد رسول الله سبحان الله وبحمده عدد خلقه ورضى نفسه وزنة عرشه ومداد كلماته,0,standard,neutral
قتيلا على الأقل في هجوم انتحاري جديد,0,standard,negative
التسامح والصفح يجعلنا أقوى وأكثر حكمة ويجعلنا أكبر من المخطئ الذي سامحناه,0,standard,positive
صدقت أخي كل الاحترام له,0,standard,positive
يحكى أن في أخر لحظات ديسمبر قلوبا قررت أن تحمل معها أمنياتها الجميلة وتترك وراؤهاعاما مضى بما له وماعليه,0,standard,positive
فليتهنئو بعروبتهم و لن احب كرة القدم,0,standard,mixed
يسلم عليك الخير والربح,1,dialectal,positive
الشعب الجزائري بنفسه اسلامي,0,standard,neutral
إن كان ودك بالوصل لا تراجع ما زلت أحبك واعشقك واتمناك,0,standard,positive
هناك الصالح و الطالح ف كل تخصص و لكن هاد الفئة ما خاص يكون فيها المتهاون لانه سيفشي الداء ف البقية,1,dialectal,mixed
الله يرحمها و يرحم جميع موتى المسلمين,1,dialectal,positive
بكثرة الوالد ما كان تيعاود لي على هاد المدينة حبيتها قبل ما نعيش فيها شاءت الاقدار و جيت ليها و انا فقمة الانهيار,1,dialectal,mixed
اصبت اخي الكريم فيه شفاء لكم,0,standard,positive
و نعم الرأي,0,standard,positive
توحشتها والله,1,dialectal,positive
ألا ي وجه البدر ألا يا أجمل أحساس عشته,0,standard,positive
بوركت سيدي محمد,0,standard,positive
الثقافة السياسية وتسطح الدبلوماسية,0,standard,neutral
المشكلة انهم ما بغاو يهبطو للارض و يناقشو الحلول مع الشعب شادين الزكير معا شعب عزيز عليه الزكير,1,dialectal,negative
يا له من عالم مزري و خادع,0,standard,negative
مهما وثقت بالناس أترك أسرارك لنفسك,0,standard,neutral
الملك محمد السادس يشيد بالروابط مع الفاتيكان,0,standard,neutral
صباحك فرح,0,standard,positive
دانون سونطرال بدأت تواصلها مع المغاربة بنعتهم الخونة وأنهته بنقص دريال والنشطاء يشيدون بحكمة الشركة,1,dialectal,negative
الله يلعن بوها شهية,1,dialectal,negative
ربي يوفقك ويسعد آيامك كلها,0,standard,positive
مابقى لا احترام لاوالو,1,dialectal,negative
أستاذ دوز عمرو فالتدريس وتربية ديال التلاميذ وتخرجو على يدو الأطباء والمهندسين والأساتذة واليوم تجي مشاغبة تضربو بالطباشر في رمضان و فاش يربيها رغم تحفضنا على طريقته يخرج الإعلام والوزير والنائب والنيابة و وكل من له عداوة مع المدرسة والمدرس للزج به في السجن كل التضامن,1,dialectal,mixed
شوف الكاس مزيان ماشي بحال بحال,1,dialectal,neutral
صحيح هذا ما تحدث عنه تقرير منظمة الصحة العالمية,0,standard,positive
لكن كتقال بالضحك فحال بزاف ديال الحوايج,1,dialectal,positive
إني أراكم من بعيد,0,standard,neutral
ماتفقصنيش,1,dialectal,negative
لاعبين و ما خايفين,1,dialectal,positive
حال الكيران هاد الايام,1,dialectal,neutral
ولغيرك قلبي مايميل هذا وعد,0,standard,positive
حسبنا الله,0,standard,neutral
لاتوجد اي مشكلة وتشرفت بك,0,standard,positive
أداء باهت للمنتخب الأرجنتيني,0,standard,negative
قمة الأخلاق أن تعفو وأنت قادر على الإنتقام,0,standard,positive
إنهم يخافون النقد يا أستاذ,0,standard,neutral
أشوف العالم من طرف عين و أشوفك انت عالمي كله,0,standard,positive
شكرا لهلة اخطيك,1,dialectal,positive
معظم الخبثاء يظهرون بوجه طيب,0,standard,negative
و من جهة ثانية قابل الاساءة بالاساءة ولاتكن آسف,0,standard,negative
مرحبا بيك,1,dialectal,positive
أجمل حب حين ينادي في السماء إن الله أحب فلان ف أحبوه,0,standard,positive
اللهم اجعل لنا من بعد موتنا أهل وأصحاب وأقرباء وأحبة لا يهجرون وصلنا بالدعاء,0,standard,positive
اصادف العديد هنا في تويتر يهتمون بمسألة الابراج و ما الى ذلك السؤال هل تؤمن بالأبراج وهل يمكن حظك يتوقف على هذا الهراء المدعو من شهرميلادك إعرف مستقبلك من برجك,0,standard,neutral
تحرك حكومي لبحث مطالب الأساتذة المتعاقدين,0,standard,neutral
ترقبوا أول مقابلة إعلامية لي لكن مع أي قناة يا ترى,0,standard,neutral
لا تعطي اسرارك لاحد كي لا يستغلهم ضدك,0,standard,neutral
يخبرني النور بأن الظلام مغادر، وإن الحزن الذي يمكث فينا مسافر، وأننا يوما ما سنغدو بالفرح طائر,0,standard,positive
المعروف عليكم تخلويظ من الزمان هذا تأجيل كله فصالح ديالكم,1,dialectal,negative
شكرا أختي,0,standard,positive
لا تغضب والديك لترضي الآخرين ف الآخرين لم يفنوا حياتهم من أجلك,0,standard,positive
اش هذ القرعة المريضة دارت لنا الكاف الفرق المغربية كلها في مجموعة واحدة,1,dialectal,negative
رئيس الفلبين سأكون سعيدا عند الحكم علي,0,standard,positive
ليت الدنيا حلوه مثل عيونك,0,standard,positive
المكان حزين جدا,0,standard,negative
الله يبارك ليا في عمرك خويا لعزيز,1,dialectal,positive
أكبر تحية لأعز الناس لي كيبغيوني,1,dialectal,positive
كل عام وانتي بالف خير ربي يدخل عليك هاد لعام ببزاف ديال الفرحات,1,dialectal,positive
مساء الخير حبابي كنبغيكم بزاف ابن جرير,1,dialectal,positive
هضموني في حقوقي لا سامحهم الله قبح وجم,0,standard,negative
صباح يقين بالله انت اجمل يا قلبي,0,standard,positive
سعودي متهور,0,standard,negative
سبق لي دزت من هنا هاد الطريق طويلة بزاف,1,dialectal,neutral
كتوقع عادي,1,dialectal,neutral
صفات مشتركة بين الأذكياء يكمن اكتسابها,0,standard,neutral
سأفرح قريبا تلك هي ثقتي بالله,0,standard,positive
اوا كل واحد والذوق ديالو وكل واحد والطريقة لي كتعحب ليه انا كيعجبني متعة الذوق فهاد اتاي منقدرش نبدلو,1,dialectal,positive
الحكرة خايبة لكن كما تدين تدان,1,dialectal,negative
اشتقت لك ، صوت ، وشعور ، وتفاصيل,0,standard,positive
دمتم ضاحكين,0,standard,positive
هنا نجد اصحاب السوء يحضرون بقوة,0,standard,negative
يعوضك الله ، و يعطيك الله ، و يغنيك الله ، و يجبر قلبك الله ، و لا يعلم ضعفك و حاجتك و قلة حيلتك إلا الله,0,standard,positive
اللهم اشفيه شفاءا لايغادر سقما,0,standard,positive
كيف نخفي حبنا والشوق فاضح,0,standard,positive
لا بأس فلا أحد يهتم لما تفعل مهما تفعل أفعل ما تعتقد أنه صحيح فقط يوما ما سيدركون,0,standard,positive
أنا أحمل المسؤولية للشعب لو الكل بقى في منزله لا عمل لا دراسة لكانت الحكومة تراجعت عن قرارها,0,standard,negative
الله الله لهلا يحشمنا والله يلاقينا مع اللي ماحسن منا كنشكر القدر اللي لقاني بآطيب خلق الله بروح طيبة والنية الصافية والقلب الآنيق والآخلاق العالية ربي يسعد قلبك,1,dialectal,positive
صدق قائلها و من لم يجرب غ تجيه الهضرة ساهلة,1,dialectal,neutral
ظلمت نفسي كثيرآ من أجل إسعادهم ويآليتني نلت شيئا غير الوجع,0,standard,negative
و عليكم السلام ورحمة الله وبركاته لا بأس طهور إن شاء الله,0,standard,positive
استقم في صلاتك تستقيم لك الحياة,0,standard,neutral
أبوظبي تعتمد حزما لدعم التكنولوجيات الزراعية,0,standard,neutral
رابع أكثر الأعوام سخونة على الإطلاق,0,standard,neutral
مباراة ممتعه وماشاء الله على زياش و مزراوي كالعاده اداء رااائع,0,standard,positive
الترجي نادي كبير لكن يبدو ان مدير المركز الاعلامي بالنادي شخص مراهق هو يسيء للترجي قبل او لغة خطاب تحت المستوى,0,standard,negative
الكرة المغربية تتطور سنة بعد سنة,0,standard,positive
الذي قال ان الفقر ليس عيبا اراد ان يكملها ويقول بل جريمة لكن الاغنياء قاطعوه بالتصفيق,0,standard,negative
كان اللعب المفضل عندي,0,standard,positive
ليس باستطاعتك أن تأخذ مالك معك لكن باستطاعتك أن تجعله يستقبلك أروع وصف للصدقة,0,standard,positive
ألا يحق لأهل المغرب التواجد بينكم,0,standard,neutral
امريكا ضدنا في كل شيء،حتى من التحكيم التحيز واضح لصالح البرتغال المهم عجز رونالدو امام الاسود وتحية لهاد اللاعب المقاتل,0,standard,mixed
بعد قليل مفاجأة بصوتي وصوت الفنان حديفة شكون يسمع,1,dialectal,positive
النظام القطرى اصبحت خيانته واضحه,0,standard,negative
لاأعلم,0,standard,neutral
تنظيم الهجرة غير الشرعية يورط أشخاص بوجدة,0,standard,negative
ترسل الصندوقين الأسودين للطائرة المنكوبة إلى لفك لغز الحادث المرعب,0,standard,neutral
هذا هو نص المقال أتحداكم أن تنشروه كاملا لو كنتم رجالا,0,standard,negative
فما زال الخير في الدنيا الناس للناس,0,standard,positive
اشعر باللاشيئ في اسعد واتعس لحظات حياتي,0,standard,negative
الأمن الوطني يحجز آلاف أقراص الهلوسة في تطوان,0,standard,neutral
اش هادشي عاوتاني,1,dialectal,neutral
جمعة مباركة أصدقائي,0,standard,positive
أحسنت القول شيخنا الفاضل,0,standard,positive
نتايا مكلخ,1,dialectal,negative
اللهم امين امين,0,standard,positive
رسالة صباحية لا يأخذ الله منك شيئا ألا ليعوضك بأفضل منه,0,standard,positive
في غربتي تغرب النور عن عيني,0,standard,negative
عليك أن تتعلم قواعد اللعبة أولا ثم عليك أن تتعلم كيف تلعب أفضل من الآخرين,0,standard,neutral
وأن طواك البعد انا مانسيتك,1,dialectal,positive
نجاح استئصال دودة من عين طفل في ورزازات,0,standard,neutral
لا للمفاعل النووي,0,standard,negative
مايمكنش نعرف العلم لله,1,dialectal,neutral
مساء النور والحكمة أستاذنا الكريم,0,standard,positive
المدينة الحمراء الصاخبة بجمالها,0,standard,positive
الحمدلله ماشي غي انا لي لاحظت هادشي,1,dialectal,positive
معنى السعادة هي الأم ومعنى الحزن غيابها,0,standard,mixed
قصة أول فريق مغربي يلعب بدون أجانب,0,standard,neutral
مدرب رائع للغاية وشكرا على نصيحة,0,standard,positive
اودي متديش فبالك أنا أيضا لم استفد من الحركة لا السنة الماضية ولا هذه السنة بعد مدة سيزول هذا الغضب الإنسان كائن يتعود,1,dialectal,neutral
القصة بإختصار,0,standard,neutral
قليل منا من يفهم ذلك للأسف,0,standard,negative
اعتدار مقبول على العين و الراس,0,standard,positive
ماشاء الله الف مبروك,0,standard,positive
اللي يخون الود يستاهل الصد,1,dialectal,negative
الله يرحم ليكم الوالدين جميعا,1,dialectal,positive
وصلاتني هاد الحلوى هدية من عند شكرا بزاف وتبارك الله عليك ساندوها و لي بغاها تصاوب ليه شحاجة دخلو عندها,1,dialectal,positive
الجودة كتفقص,1,dialectal,neutral
هادي هي الدنيا,1,dialectal,neutral
صنفتيني غير معمرة الوقت و بلا قيمة مضافة,1,dialectal,negative
عندو جوج ديال لي كونط هدا ديالو شخصي و لاخر ديال رئيس الحكومة يعني هنا كايهدر بسميتو و سمية الحزب و هنا باسم الحكومة,1,dialectal,neutral
أن لا يستحقني الا من تمسك بي,0,standard,neutral
لولا تآمر العرب وبعض الفلسطينيين مع اسرائيل لما اسطتاعت اسرائيل ان تصل لما هي فيه الان حسبي الله على المتواطئين الخونة ونعم الوكيل,0,standard,negative
الك يوم يا ظالم,0,standard,negative
أدراج ب ألوان قوس قزح تثير جدلا في شفشاون,0,standard,neutral
ولأنني أحبه استودعته الله في نهاره وليله نومه وصحوته حزنه وفرحه استودعته الله من كل شي يضره,0,standard,positive
نتمنى السي رئيس حكومتكم إسقاط حكومتكم في أقرب الاجال وتقبلو مروري وشكرا,0,standard,negative
الرفض القاطع للمشروع,0,standard,negative
تعازي الحارة للصديقات و و و نعمة في وفاة جدتهن الله يبدل المحبة بالصبر,1,dialectal,positive
اللهم فرحة تنسينا ما مضى وأنقضى وترسم ملامح الفرح لأيامنا,0,standard,positive
وخصوصا هاد شعب بنو الاصفر خداو التربية و الاخلاق في المقام الاول و عطاو عناية من الصغر لهذل نجد ابناءهم يتفوقون في كل شيء,1,dialectal,positive
تميز بما شئت لكن لا تتكبر أبدا,0,standard,positive
سنة سعيدة لك استاذتي أيضأ,0,standard,positive
وقد جاء في الحديث سددوا وقاربوا وأعلموا أنه لن يدخل أحدكم عمله الجنة قالوا ولا أنت يا رسول الله قال ولا أنا إلا أن يتغمدني الله بمغفرة ورحمة لا تعتمد في طلبك رضوان الله على أعمالك من كتاب التزكية والسلوك إلى ملك الملوك ص شرح الحكم لأحمد بن عطاء رحمه الله تعالى,0,standard,neutral
عودة زيدان تعبد طريق رجوع حكيمي إلى ريال مدريد,0,standard,neutral
انتي الاروع و انتي الاجمل و انتي الابهى فرتوتة,0,standard,positive
’ يوما ما سأقول لم يكن الأمر سهلا ولكني فعلتها,0,standard,positive
أكثر الاعبين الأفارقة مشاركة بالليغا,0,standard,neutral
اجي غير ندوي معاك,1,dialectal,neutral
انت الأروع,0,standard,positive
اتمنى ان اكون عند حسن ظن الجميع,0,standard,positive
لو أرادك الله صلبا لخلقك صخرة ولكن لين الطين فيك كان مقصودا,0,standard,positive
و هذا حال كثير من الاسر الله المستعان,0,standard,negative
بالتقوى تنال ما تريد وبالشكر يأتيك المزيد وبالطاعة أنت السعيد,0,standard,positive
يجب عليك ان تتعلم التفكير قبل أن تدرس الفكر,0,standard,neutral
بسم اللة ارقيك من كل شيئ يؤذيك,0,standard,positive
تحطم ماتبقى من اطيافي,0,standard,negative
الله يحفظهالك ويخليكم لبعض,1,dialectal,positive
اللهم صلي وسلم وبارك على سيدنا محمد وعلى آله وصحبه,0,standard,neutral
والله العظيم تعبت مما يقع في ما هذا الظلم العظيم الذي حل ويحل بهذا الشعب الطيب,0,standard,negative
خليهم كل واحد حر ف اختيارو لكن خوفي على البعض من ماذا لا أعرف,1,dialectal,mixed
بزاف احبيبة و الله,1,dialectal,positive
صرت أشتاقلك لو تبعد قليل صرت أحبك في كل ثانية عمر,0,standard,positive
وانت من اهله,0,standard,positive
والله لن ينسى وجعك قط ولن ينسى دعواتك الملحة وهمساتك الحزينة ف ستمر بك الأيام وستتأكد أن الله استجاب لك,1,dialectal,positive
مساء الورد وياسمين يا قلبي,0,standard,positive
أتشرف أنني تواجدت اليوم مع هذه الكوكبة وإن شاء الله أكون قد قدمت ولو القليل من الفائدة,0,standard,positive
عجبوني صراحة مبدع واصل,1,dialectal,positive
دعني أخبرك بهذا عندما تقابل شخصا وحيدا ليس مهما ما سيقوله لك ليس لأنه يستمتع بالعزلة ولكن لأنه قد حاول أن يندمج,0,standard,neutral
اعتبر نفسك وحيد,0,standard,neutral
انني ارى العكس تماما,0,standard,negative
المغرب غارق في الفساد,0,standard,negative
كلنا شعب واحد,0,standard,positive
الاعلام الحكومى المنافق,0,standard,negative
بعد كل هذا الجهد و العناء الا تكون الجنة من نصيبي,0,standard,neutral
وزير التربية مراجعة نظام التعاقد تطبيق عملي لوعود الحكومة,0,standard,neutral
مبروك لقطر الفوز بالكأس,0,standard,positive
بوطيب لاعب جيد,1,dialectal,positive
عطيني شوية وقت,1,dialectal,neutral
يا رب و اياكم,0,standard,positive
كما قال المغرب لو فيها أربعة ملاعبية من طينة المرابط ما تهمهم لا البرتغال ولى الأسبان تحية خويا الرجولة آللي داويين عليها فالتلفزة شفناها عندك اليوم,1,dialectal,positive
قلوب تائهة ستجد راحتها بالقرب من خالقها,0,standard,positive
اللهم حقق ما في قلوبنا انتا اعلم بيه,0,standard,neutral
مشكورة على المعلومة,0,standard,positive
النظام التونسي فات ابليس بدرجات الحرية لا تعني العبث بمقدسات الامة,0,standard,negative
كلب وحقير,0,standard,negative
اللهم في هذه ⁧ ⁩ اجعلنا ممن عفوت عنهم ، و غفرت لهم ، و عتقت رقابهم من النار، و كتبت لهم الجنة ، نحن و ووالدينا و من نحب و جميع المسلمين يارب,0,standard,positive
الإجتماع فرصة مهمة لتسليط الضوء على هذه الفرص والإمكانيات,0,standard,neutral
كن وحيدا و لا تكن بديلا,0,standard,mixed
هنيئا للامارات الحبيب,0,standard,positive
يلاه طفات عليكم الشمعة,1,dialectal,neutral
المعنى النهائي ان مقصدك الضحك وعلى العين والراس,0,standard,neutral
البدوي يبقى بدوي حتى هذا الإحصاء بدون مصادر,0,standard,negative
الحق مزعج للذين اعتادوا ترويج الباطل حتى صدقوه,0,standard,negative
مجلس الأمن جلسة جديدة حول قضية الصحراء المغربية,0,standard,neutral
المشهد السياسي بالمغرب لا يشجع على الممارسة,0,standard,negative
الله يجازيك بخير,1,dialectal,positive
ليلة القدر خير من ألف شهر مبروك عواشركم,1,dialectal,positive
يا شبيه الغيم من بعد المطر يا مطر قلبي و احبابي انا,0,standard,positive
ليلة سعيدة يا مغردين,0,standard,positive
هؤلاء الذين ينتقصون من الناس,0,standard,negative
حرمان من الحب,0,standard,negative
للأسف هذا دليل على سواد قلوبهم,0,standard,negative
تماما الواحد هو اللي يعز راسو و الله هو الرزاق العليم,1,dialectal,positive
ينور دربك,0,standard,positive
في مواجهة النهضة البركانية و العين على الإقتراب من المقدمة,0,standard,neutral
وسخ الدنيا,1,dialectal,negative
شكرا لكم,0,standard,positive
نعم هدا قصدي ان يكون الشخص طيب و يبتليه الله بواحد ليس بطيب يعني ابتلاء من الله لهدا الشخص لان الله ادا احب احدا ابتلاه انا ايضا اؤمن بالاية لكن هناك استثناءات,1,dialectal,positive
نشوفو شي وقت ان شاء الله راك عزيز أخي,1,dialectal,positive
عيد ميلاد سعيد كل عام وأنت بألف خير الله يشافيك ويعافيك يارب توحشناك,1,dialectal,positive
تستمر بالعزلة لأنك مشمئز من هذا العالم,0,standard,negative
استغفر الله العظيم,0,standard,positive
باقي قدامكم ساعة على اليلة يلاه,1,dialectal,neutral
راه خرج بيان من وكيل الملك كيقول بلي هادا الفيديو ماعندو تاعلاقة بالواقعة لي طرات,1,dialectal,neutral
احسن الله اليكي غالبتي,1,dialectal,positive
للمرة الأولى أقرؤها في كتاب الله وأصلح بالهم توقفت مليا عند هذه الآية كلمة بال فصيحة وكنت أظنها عامية ، أصلح الله بالكم، دعاء جميل جدا في الآية لم نكن نفطن له والبال هو موضع الفكر ، والفكر موضعه العقل والقلب فأنت عندما تقول أصلح الله بالك,0,standard,positive
ظلم كبيير ل زياش,0,standard,negative
اللهم اجعلنا لك شاكرين وذاكرين اللهم ارحمنا في الأرض ويوم العرض ربنا آتنا في الدنيا حسنة وفي الاخرة حسنة وقنا عذاب النار,0,standard,positive
الله يدير تاويل الخير الله يلعن مصالحهم لي على ودها كيفيقو الدراري مع الظلام في عز البرد,1,dialectal,negative
المعيار هو التقوى وليس الأقوى,0,standard,neutral
المدرب دار خطأ فاش دخل سانشيز عوض لوكاكو,1,dialectal,negative
استغفر الله حرام عليك,1,dialectal,negative
قد يكون اختلافك هو سبب تميزك وجمالك,0,standard,positive
منقدرش نجلس ونشوفيك مقاتلة وحدك لااااء ميمكنش يا نجلسو بزوج يا نتعاونو بزوج,1,dialectal,positive
توصلنا في هذه اللحظة بمجموعة من الكتب المهمة من طرف السيد مشكور على مساعدته ومساهمته وعبره الشكر موصول للجميع ولكل تويتوما شكرا لكم وصولا للتقدير و الإحترام,0,standard,positive
يانعمة الله علي ، ويا راحه قلبي وامانه,0,standard,positive
صداقات الإنترنت تكون صداقات فكر,0,standard,neutral
جميل كن رجلا بألف رجل فإن لم تستطع فكن رجلا,0,standard,positive
الحنين للماضي مرارته اكبر من حلاوته,0,standard,negative
إن قلبي يسلم عليك,0,standard,positive
انا بالمحكمة واشوف تسلط وظلم كبير,0,standard,negative
مؤسس موقع يقول أنه ربما يمكن السماح بتعديل التغريدات مستقبلا,0,standard,neutral
و انا من الناس اللي تفضل الحوار على اي سبيل آخر ان تمت حل للوصول اليه فهو كذلك غير ذلك الانسحاب سبيل الخلاص دمت طيبة,1,dialectal,positive
استغلال سياسى ضد الفقراء,0,standard,negative
توفني مسلما وألحقني بالصالحين,0,standard,positive
حبيبتي شكرا,0,standard,positive
يكمن ليك تعمتد على نفسك في البحث,1,dialectal,neutral
ربما لسنا في القمة لكننا في الطليعة بإذن الله,0,standard,positive
الريال سيتأهل ولكن لن يذهب بعيدا للأسف,0,standard,mixed
و راني غير كنت تنضحك معاك بارطاجي كما تشار,1,dialectal,neutral
عندما تجتمع الخبرة مع أحدث التقنيات في مجال تصميم الابتسامة نحصل علي نتيجه رائعة اأسنان بتصميم طبيعي تحمل كافة جماليه الأسنان الطبيعيه بكل تفاصيلها من اللون إلي الشكل الابتسامة ستغير حياتكم إلي الأفضل بكل تأكيد تفضل بزيارتنا والتمتع بمعاينه وفحص مجاني,0,standard,positive
بالنسبة لي هذا داخل في خيانة الامانة,1,dialectal,negative
لا حول ولا قوة الا بالله اين المدافعين عن حقوق الانسان و الطفل لعنة الله على المنظمات الدولية التي لا تحرك ساكنا,0,standard,negative
الله يغفر لينا و لكم ف هاد الليلة المباركة التي نحسبها و الله اعلم ليلة القدر,1,dialectal,positive
إن الله وملائكته يصلون على النبي يا أيها الذين آمنوا صلوا عليه وسلموا تسليما,0,standard,neutral
صافي قريتها و انا نثيق,1,dialectal,positive
لانك من طبيعتك انسان سافل و لي يدور على سفاله يلقاها الله يحرق لي امثالك شوهتو الدين الاسلامي,1,dialectal,negative
أهو دي الرومانسية و لا بلاش,1,dialectal,positive
القلب هو وديعة الله عندك فإياك أن تفرط به أو تهمله فهو طريقك إلى الله لأن السفر إلى الله ليس سفرا بالأقدام وإنما هو سير القلوب إلى الله يقول الله تعالى يوم لا ينفع مال ولا بنون إلا من أتى الله بقلب سليم,0,standard,positive
أخنوش مبادرة الحزام الأزرق تسعى لتكريس ممارسات صديقة للبيئة والتوازن البحريين,0,standard,neutral
كنز اغلى من الذهب,0,standard,positive
صباح الخير جمعة مباركة,0,standard,positive
سيفتخر بكم رسولكم يا خير أمة اخرجت لناس,0,standard,positive
بث مباشر مباريات اليوم,0,standard,neutral
الحمد لله حمدا كثيرا طيبا مباركا فيه,0,standard,positive
بلدان شمال افريقيا كلهم يعانون من هذا المشكل الشعب يعاني من التهميش و الفقر و الجهل و غياب ابسط وسائل العيش الكريم وتجد المسؤولين يخرجون علينا بانشاء مدينة كذا و تنظيم كذا و كذا يا سيدي براك علينا من النفاق اهتمو بنا الشعب بحاجة لعيش كريم بحاجة لتعليم جيد لصحة جيدة تعبنا,1,dialectal,negative
ارتفاع درجات الحرارة,0,standard,neutral
كان من بين احسن المدافعين في المنتخب نتمنى له توفيق في اي دوري كان,0,standard,positive
يضيع بضحكتها شعر الغزل الله خلقها معجزه,0,standard,positive
الحمد لله على نعمه,0,standard,positive
فتي الفرض و وليتي ف النوافل,1,dialectal,positive
في كلتا الحالتين هناك مشكل,0,standard,negative
احسن الله اليكم,0,standard,positive
اه عندك الصح,1,dialectal,positive
ألقاكم بعد أقل من نصف ساعة من الآن في حوار مفتوح,0,standard,neutral
رب زدني علما,0,standard,positive
الزمن الجميل,0,standard,positive
تتحقق السعاده اذا عرفت أن تختار الأشخاص المناسبين في حياتك,0,standard,positive
اسعد الله صباحكم,0,standard,positive
لأن لهم دين يظنون أنهم معفيون من أن تكون لهم أخلاق,0,standard,negative
حافظ سوارك,1,dialectal,neutral
لاشيء يستحق أن ترهق نفسك لأجله,0,standard,neutral
عام حب و سعادة اتمناها لي و لكم مع اطيب الاماني,0,standard,positive
هؤلاء فخر الامة رحمه الله,0,standard,positive
ذبحتونا,0,standard,negative
مبارك عليكم الشهر الفضيل,0,standard,positive
اوا صافي هي متافقين,1,dialectal,positive
ماخاب من قال ربي أنت الميسر وأنت المسهل سهل أمري وحقق مطلبي سخر لي ماهو خير لي صباحكم التوفيق يارب,0,standard,positive
صباح الحب,0,standard,positive
انها مهزلة,0,standard,negative
سلامي وتحياتي للناس الريف,0,standard,positive
الله يعزك و يديمك,0,standard,positive
صافي ها انا نتفاءل,1,dialectal,positive
يوم حزين التغيير حتمي,0,standard,negative
ربي طول عمرها,0,standard,positive
يقتل الأبرياء,0,standard,negative
تنقضي أيامنا دون أن نشعر,0,standard,neutral
حسبى الله ونعم الوكيل فى الحوثيين سرقوا المساعات المقدمه الى اليمن لانفسهم دون النظر للاطفال وكبار السن,0,standard,negative
الله يعطيكم ماكتمناو جميعا,1,dialectal,positive
حتى انا توحشتك بزاف نقدر نجي فالرببع انشاء الله,1,dialectal,positive
بالصح كاينين بزاف دالمسائل خاصها اعادة النظر و لكن السلطة اختي انا ما نقدر ننتقذها و راك عارفة علاش و لكن ارى انه الى تصلح التعليم كلشي يقدر يتصلح الا تتفقين معي,1,dialectal,neutral
لا مقارنة بين جدتي و جدة فرعون,0,standard,neutral
هذا من لطفك شكرا لك,0,standard,positive
شكرا على السؤال,0,standard,positive
استعرت في الآونة الأخيرة حملة انتخابية سابقة لأوانها بين بعض الأحزاب المشكلة للحكومة، في رأيك أي حزب سيترأس,0,standard,neutral
شكرا حياتي والله يديم صحة عليكي وعلى عيلتك وفنانتك,0,standard,positive
امضي أياما سيئه,0,standard,negative
حتى تكون أسعد الناس إجعل الفرح شكرا لله,0,standard,positive
يوما ما ستختفي رائحة البارود في بلدكم، ويفوح الياسمين من فواهات البنادق، ستنبث الزهور من جروحكم، وستعود آرواحكم خضراء، ويخلق الفرح من رحم الضلام,0,standard,positive
النقاش يفيد و اذا ما افاد يخفف من وقع الصدمة,0,standard,positive
الله يسامحك,0,standard,positive
ان شاء الله انا لست منهم,0,standard,neutral
في امان الله اختي الله يفرحك,0,standard,positive
سلمت اناملك,0,standard,positive
ياه كلمة الله أكبر ترهب الاعداء,0,standard,positive
اغلب ادبائه فيهم بؤس وشدة بكلماتهم وتحليلاتهم,0,standard,negative
متفقدش الأمل صديقي راه المستقبل افضل اكيد,1,dialectal,positive
شوف ليك وحدة ودير حتى نتا شي دويرة فباريس,1,dialectal,neutral
اتصالات المغرب تتوسع داخل إفريقيا بالاستحواذ على تيكو تشاد,0,standard,neutral
استبعد ذلك,0,standard,neutral
خطير متقاعد يطلق الرصاص بطريقة عشوائية على المارة من فوق سطح منزله بكلميم,0,standard,negative
تطوير دواء جديد ينقذ البشر من مرض قاتل,0,standard,neutral
مبارة الاهلي السعودي قمة تستحق المشاهدة,0,standard,positive
يارب أسترها معانا فى بلادنا,0,standard,positive
الف متابع مشكورين,0,standard,positive
مدرب كبير ومثابر وطموح يستحق,0,standard,positive
ان شاء الله يتم التوقيع معاه اجمل خبر سمعته هذا الصباح,1,dialectal,positive
من يجند الاطفال مجرم و من يقتلهم سفاح,0,standard,negative
كيف استقبل الشعب الجزائري قرارات بوتفليقة حلقة كاملة,0,standard,neutral
مساء السعادة يا اخي غريب اعتدر كم اسوي رتويت ولا يصل حتى تغردت لك لل تصل اتمنى هده ان تصل نت ضعيف,0,standard,positive
مرح أصدقاء,0,standard,positive
في حصة التربية البدنية طحت طيحة خايبة على ضهري حتى خرجت ليا الكشكوشة كون ما الاسعافات الاولية ديال الاستاذ كون الله يرحمني,1,dialectal,negative
انت الاصدق,0,standard,positive
املنا في الله كبير,0,standard,positive
تقبل الله منا ومنكم سائر الأعمال,0,standard,positive
انصحك تلبس نظارات لانك لم تقرأ التعليق جيدا,1,dialectal,neutral
رد البال في اي وقت تقدر تجي فيك الدقة,1,dialectal,mixed
من يزرع حسنة بالدنيا يحصدها أضعاف بالآخرة,0,standard,positive
صباح السعادة يا قلبي الله يجعلها لا تفارقك طول عمر يا غاليتي,0,standard,positive
ماكيناش مع الاسف,1,dialectal,negative
كنت مريح فكافي وجات حدايا هاد لمشيشة وعجبها لحال يا سلام ليلة سعيدة وجوه الخير,1,dialectal,positive
تحياتي ليكم حبابي كنبغيكم جنان عين اسردون,1,dialectal,positive
منظر جميل,0,standard,positive
الصدمة كانت قوية,0,standard,negative
هذا من كرمك,0,standard,positive
صباح الورد سي براهيم,1,dialectal,positive
وما كان لي عليكم من سلطان إلا أن دعوتكم فاستجبتم لي فلا تلوموني ولوموا أنفسكم الشيطان,0,standard,neutral
من هذا المنبر اشكرك على مجهوداتك التي تقوم بها من خلال تغريداتك لتعريف على كل هو تقاليد و أعراف و ثقافة تخص بلدنا المغرب تحياتي لك ولد بلادي,0,standard,positive
عندك الزهر,1,dialectal,positive
اختي عائشة ملي تقولي الشباب بدا يوعى اظنك حكمت على فئة ما بعد التخرج من الجامعة اي سنة فما فوق و انا لا اتفق مع هذا الوعي الفكري خاص يبدا من سن مبكرة مثلا من الاعدادي نعطيك مثال بسيط مثلا انا فاش خديت الباك معرفت اش ندير به,1,dialectal,neutral
يحكى أن مامادو عاد الى وطنه بعد تهديدات الرئيس بخلع الجنسية الى الأبد كم انت قاسية يا إفريقيا,0,standard,negative
اللهم خيرا، في كل أمر أنتظره,0,standard,positive
عليك أن تعطي مشاعرك اللحظية حقها من الوقت,0,standard,positive
تمنى الخير لغيرك يأتيك الخير من حيث لا تحتسب,0,standard,positive
لا تتوقف ابدا عن المحاولة لاتتوقف ابدا عن الإيمان لا تستسلم ابدا,0,standard,positive
الدورة الثانية لمهرجان الفيلم الدولي ب,0,standard,neutral
ليلة سعيدة على الجميع تصبحون على الف الخير,0,standard,positive
الحقيقة إنها أصعب فترة في حياتي,0,standard,negative
ليس هناك أجمل من أن يخبرك أحدهم بأنك أحد أسباب سعادته,0,standard,positive
تهادوا بالحب غيبا بالدعاء,0,standard,positive
نتا تعرف كثر طبعا,1,dialectal,positive
مصر تعيش وضع مأساوي أوصال الدولة تتفكك والعنف في إزدياد النظام بشكله الحالي عاجز عن إدارة البلاد,0,standard,negative
مونتاج زوين,1,dialectal,positive
أخلاق التلاميذ تتهاوى في مدارس البلاد بالحشيش والكلام الفاحش و الجهل,0,standard,negative
الاطفال حياة اخرى تعيشها في حياتك,0,standard,neutral
كل فرحة تصنعها لغيرك ستعود لك أجمل,0,standard,positive
أنت من جئت لصفحتي لتناقشني وبعد ذلك تقول لا أستطيع أن أناقش أنت تعيش تناقض ذهني,0,standard,negative
إن شاء الله اخي خالد,0,standard,positive
راني غ ضاحك الحمد لله بغيت نقول لك زعما باللي الايام دول مرة سرور و مرة يمر المرء من فتره عسيرة,1,dialectal,mixed
اه مئة بالمئة صحيح,0,standard,positive
الفوج الي كاين دبا ف مراكز التكوين مانظنش باللي كاين معاهم حسب علمي و الله اعلم يمكن الفوج القادم,1,dialectal,neutral
تلك النضرة تقول لا تروحي وتتركيني,0,standard,positive
والله ياريت نكون مخطئين انا الشك بدا يساورني,1,dialectal,neutral
يارب,0,standard,positive
شحال كانحتاقرهم و المرا لي كادوز ساعة كاتماكيي و ولادها مخرجاهم حالتهم بحوايج الدار و مسخين,1,dialectal,negative
مهرجان يقام كل سنة يستقدمون فيه مجموعة من الفنانين لإقام سهرات الرقص على انغام معاناة الفقرء,0,standard,negative
أنفلوانزا الخنازير تهدد الإنسان والحمى القلاعية تهدد رؤوس الماشية بدكالة والشاوية الله يرحمنا ويعطينا دولة تخاف علينا,1,dialectal,mixed
طريق السلامة,0,standard,positive
زوين الله,1,dialectal,positive
اللهم زد و بارك,0,standard,positive
فقدت الامل فيه صافي,1,dialectal,negative
عقت بيك,1,dialectal,positive
خاصك تديري خطط لانه شهر لا يتكرر الا مرة في العام,1,dialectal,neutral
تعجز الكلمات عن وصف هاد الشعور اقسم بالله الا اختالطات المشاعر ديالي فرحان بكم لأن هدش كيغير حتى النظرة ديال التلميذ للإنسان ويقول شوف راه الناس فالمغرب كامل كيفكرو فيا وكيعانوني وكيزرع فيه حب الخير تحية عالية لكم من اللخر,1,dialectal,positive
اه انا فهمت قصدك وردي كان عن ما الاحظه في واقع التواصل,1,dialectal,neutral
اللي يهضر معاك يعني راه يشوفك نتا الوحيد اللي مهتم به و يرتاح معاك رأيي خليها و عطيها الوقت و تصنتي لها رغم ان دلك صعيب لك لكن خليها هي تزيد ترتاح معاك,1,dialectal,positive
الحمد لله حمدا كثيرا,0,standard,positive
أنت هدوء الجو وبراد الشتاء اللي تحلي صباحي,0,standard,positive
لكن ممكن تزيد الامر سلبية اذا انتشر وهو للاسف انشتر,0,standard,negative
ام التحطيم,0,standard,negative
بلدية وممولفاش تخرج للمدينة,1,dialectal,neutral
افضل ما قدمت القناة الثانية على الاطلاق,0,standard,positive
الله يهديك ا هاد البنت,1,dialectal,positive
باقي كيدوي هذاك مابينو وبين تدريب غير السمية,1,dialectal,negative
أنا رجعت للدراما المكسيكية القديمة خخخ رووعة,1,dialectal,positive
تحريك عجلة الاقتصاد هذا ان كانت لاقتصادنا عجلة,0,standard,neutral
عيد مبارك سعيد نهاركم مبروك,1,dialectal,positive
ااه غالبا عيد وطني,0,standard,neutral
ربي جعل منتخب الدولتي مايريد من كرة القدم,0,standard,positive
سلات مني شدات ف رقية الله عليك يا فخر العرب والعجم الله الله,1,dialectal,positive
قوة بالآفكار بالإرادة بالروح التي ترفض الإستسلام ل بني البشر لآن قلوبهم من الحجر,0,standard,positive
الاغلبية الساحقة لديهم اخطاء كارثية,0,standard,negative
حيرة اختيار وجهة احترافية جديدة تواجه زياش,0,standard,neutral
من صلى الفجر في جماعة فهو في ذمة الله حتى يمسي,0,standard,positive
المغاربة يريدون فتح تحقيق في الحادثة ومحاسبة كل المتورطين,1,dialectal,neutral
عدم تواجد نافاس وكورتوا سيعرض الريال لهزيمة ساحقة,1,dialectal,negative
وجهك شرح صدري,0,standard,positive
اختيارات الإمام روعة,0,standard,positive
على قولك التبرع فهاد البلاد غير وارد,1,dialectal,neutral
ندمنتي لي رجعت,1,dialectal,negative
صافي هي هاديك,1,dialectal,neutral
اتمنى أن ألقاكم بخير الوداع شعب تويتر,0,standard,positive
من المؤسف,0,standard,negative
السلام عليكم ورحمة الله حياة المؤمن لا تكون إلا بالإبتلاء ؛ ولا يكون الإبتلاء لذيذا إلا بالصبر ، ولا يكون الصبر تاما إلا بالرضا ، وبهذا فقط ننجح في رحلة الحياة أسعد الله أوقاتكم,0,standard,positive
وانتي بالف خير ليمو ربي يدخل عليك السنة الجديدة بكل شي حلو,1,dialectal,positive
يارب ويحفظكم,0,standard,positive
لا متخافش,1,dialectal,neutral
شكرا ليك بزاف اخي عزيز حتى حسابك غني بالمعلومات القيمة و كنتشرف بمتابعتك,1,dialectal,positive
امسك لسانك عن الطعن في اعراض بنات المسلمين اذا اردت الله ينير قبرك,0,standard,neutral
ماشاء الله تبارك الرحمن,1,dialectal,positive
غدا اجمل,0,standard,positive
لواحد هو لي يبرد على راسو,1,dialectal,neutral
معاناة,0,standard,negative
يارب هذا الصبح هب لنا من نورك نورا,0,standard,positive
شكرا شكرا في الحقيقة أنت من تستحقين ملايين التحايا,0,standard,positive
أحيانا نتمنى لو نرجع لطفولتنا مرة أخرى,0,standard,neutral
الى المطار محمد الخامس الدار البيضاء أن شاء الله استقبال الزبائن,0,standard,neutral
فلتذهبوا الى الجحيم,0,standard,negative
الله بكمل بالخير,1,dialectal,positive
آميين يارب بكل ما تتمنون إن شاء الله,0,standard,positive
هاد البيت الشعري لا ينطبق على بعض المغاربة,0,standard,neutral
لا لم يسبق أن شعرت بالقلق من اي تغريدة,0,standard,neutral
ما دام الانسان يفكر على اساس يفك غير راسو فالوضعية لن تتحسن,1,dialectal,negative
نعم كلشي بيد الله وعلى نياتكم ترزقون,0,standard,neutral
سبحان الله العظيم رب العرش العظيم,0,standard,positive
لن ا شجع احد غير الحب,0,standard,positive
عجبتني رآها زوينة,1,dialectal,positive
يلامسون قلبي أولئك الذين ينتبهون لتفاصيلي صغيرة التي لا أنتبه أنا نفسي لها,0,standard,positive
اتمنى لكن سنة سعيدة مليئة بكل ما هو جميل,0,standard,positive
ألفا روميو تقرب جولييتا من حماية البيئة,0,standard,neutral
للاسف المطالبة بحق بسيط باش تزيد البلاد لقدام كتولي خائن انفصالي بلا بلا بلا,1,dialectal,negative
لعبة الشطرنج هل تنقلك لحياة أفضل,0,standard,neutral
انت الاروع,0,standard,positive
عندي معاك ذكريات الحماق صافي,1,dialectal,positive
الطمأنينه و الأمان هي ثقتك بأن الله وحده يعلم و يتولى مافي صدرك,0,standard,positive
الكتاني وفا بنك يواكب الاستثمار لتنمية إفريقيا,0,standard,neutral
إلهي ، كيف أفر من قلبي وهو قلبي,0,standard,neutral
لا بغاو مدرب اخر عندو خبرة تخمينات بلي اقدر يكون زيدان والله اعلم,1,dialectal,neutral
افضل مشهد سنة فخامة,0,standard,positive
ها علاش خصنا ديما نتبرعو بالدم ديالنا,1,dialectal,neutral
الله يدوزو على خير,1,dialectal,positive
أحبك,0,standard,positive
انتي حرة في صفحتك و للي ماعجبوش يغمض عينه,0,standard,positive
اللهم صل وسلم وبارك على نبينا محمد,0,standard,positive
مجرد التفكير في أحلامنا يسعدنا فكيف إذا تحققت,0,standard,positive
من ذوقك,0,standard,positive
تغارين من النجوم و إنت القمر,0,standard,positive
البنزرتي داير خطة ديال الجهالة,1,dialectal,negative
حتى انا بامكاني نقول ان اهل بلدي نازلين من الجنة,1,dialectal,positive
أحسن مدينة في نظري من حيث العقليات والتضحية مع الابناء خصوصا في الدراسة وكايتقاتلوا مع ولادهم دون انتظار مقابل هي فاس,1,dialectal,positive
أنا باليونان لكن كل شهر بفرنسا إن شاء مرحبا بالطلاب,0,standard,positive
سوق النسا صعيب الله يحد الباس,1,dialectal,negative
ما هو المال انه كل شيء ان كنا لا نملكه,0,standard,neutral
جميل جدا وأنا كذالك,0,standard,negative
ما أجمل اليقين غاليتي,0,standard,positive
اللهم أمين اخويا,1,dialectal,positive
أنا رجل تعليم لكن ردة الفعل غير مقبولة و العتاب لابد منه,0,standard,negative
شكرا بكل تواضع,0,standard,positive
شخصيتي غامضة لا يفهمها أحد ولكن قلبي صادق لا يخدع أحد,0,standard,positive
اودي ماتخليو حد يجمع الحسنات,1,dialectal,positive
مرحبا بيك ازين ديالي فاي وقت دار دارك ماتحتاجيش عراضة,1,dialectal,positive
الاعتراف فضيلة,0,standard,positive
طاح الضيم على ناس تويتر كلهم الا المقصود داير فيها ماحاضرش,1,dialectal,negative
متشرفين,0,standard,positive
الله ايكثر خيرها فالحقيقة خاصنا شي بحال هاد السيدة باش لبلاد تزيد للقدام,1,dialectal,positive
لا تقول انك وفي الوفاء ضيعت دربه,0,standard,negative
انتم الاخيار الله يديم سعادتكم يا رب,0,standard,positive
ازور دار العجزة,0,standard,neutral
الحق على الحقير اللي نزل المنشور,0,standard,negative
لماذا سمي بجسر الذهب هل مبني من الذهب,0,standard,neutral
الى طلبتيها طلبها نيت كبيرة الله يرزقنا الصحة و السلامة,1,dialectal,positive
الهروب سلاح الضعفاء,0,standard,negative
على قلة الإبداع,1,dialectal,negative
افرح بالأشياء الصغيرة الإيجابية التي تحدث في يومك,0,standard,positive
فعلا الواحد يعمل بالسبب و الله خير حافظا,0,standard,neutral
الله يسلمك و يبارك فيك أخي,0,standard,positive
انطق جمالا أو تجمل بالسكوت,0,standard,positive
ان شاء الله راه حاضرين خاص غ الزعامة و الثقة,1,dialectal,positive
كلنا أطفال نعتبر كبارا لأننا تعلمنا كيف نخفي ذلك الطفل الذي بداخلنا,0,standard,neutral
الله يبارك له نحن على نفس الدرب سائرون,0,standard,positive
واضح وضوح الشمس,0,standard,positive
لا تخسر اشياء لا تقدر ان ترجعها,0,standard,neutral
اللهم أمين,0,standard,positive
يبغيك الخير والربح,1,dialectal,positive
نعم هذه هي القراءة الصحيحة للتراث تحياتي,0,standard,positive
هي معلومة صحيحة لكن تافهة في نفس الوقت تشكراتي,0,standard,mixed
بكاء القلوب لا صوت له,0,standard,negative
لا تلمح بالرحيل قول ودي نفترق واقول حاضر,1,dialectal,mixed
صباح الخيرات حنان,0,standard,positive
معرض للسيارات أغرب ما عرض من سيارات لهذا العام,0,standard,neutral
لا أتفق معك أخي أجد مستواه جد هزيل و مقرف,0,standard,negative
صافي انا مرضت مقديتش نتحرك من بلاصتي نشف لية لدم فركابية وبزاف امي فتيحة حرقات راسها وهدا طحنوه فالماكينة,1,dialectal,negative
الله يتقبل اجرك في امان الله,1,dialectal,positive
مساءكم خير و سعادة,0,standard,positive
⏱شحال ف الساعة مثلا و لا هادي حتى هي قديمة,1,dialectal,neutral
هنا خطأ منا للأسف نحن فلقد وافقنا على هذا لعدم خبرتنا,0,standard,negative
اللهم لا تخرجنا من يوم عرفه إلا وقد أصلحت حالنا وقويت إيماننا وأسعدت حياتنا وحققت ما في بالنا اللهم اجمع قلوبنا على طاعتك ، ونفوسنا على خشيتك ، وأرواحنا في جنتك ، يارب إنك على كل شيء قدير,0,standard,positive
و اياكم,0,standard,neutral
خلف كل قلب مشتت قرآن مهجور صورة تعبر عن جالنا مع كتاب الله للأسف,0,standard,negative
قلها ليهم,0,standard,neutral
آلله يحفظنا منها يا ودي,0,standard,positive
مع بداية الموسم قالها,1,dialectal,neutral
ثمن الدخول بوحدو و ثمن الاكل بوحدو اللي بغا يتقهوا بلا ما يدخل للداخل كيخلص ثمن القهوة فقط,1,dialectal,neutral
الله يحفظها لك,0,standard,positive
أساتذة التعاقد بتنغير يوزعون ورودا على التلاميذ,0,standard,neutral
جريمة ضد الانسانية و ليس فقط ضد المسلمين ما يحدث عار على الانسانية كلها,0,standard,negative
الإرهابي مهاجم مسجدي نيوزيلندا نقل الاعتداء عبر فيسبوك لايف ونشر بيانا على تويتر,0,standard,negative
اول مرة نسمع هذا الخبر,0,standard,neutral
لا تعاتب أحدا فمن يحبك لن يخذلك,0,standard,mixed
حتى واحد مايسحابليه انه بمجرد قرا ليا جوج و لا ثلاثة د التغريدات و كون عليا فكرة خاصة بيه راه صافي ديك الفكرة هي الحقيقة ديالي و عرفني راه هادشي لي كانكتب هنا لا يمثل حتى من سعاد الحقيقية,1,dialectal,neutral
و الاشكال ان شبابنا يستعملون سلبياتها اكثر من الايجابيات وجب الحيطة و الحذر,0,standard,mixed
مؤشر على بداية الصلح بين البلدين,0,standard,neutral
ما يجي معاهم غ الزيار,1,dialectal,negative
ايام كان للكتاب التعليمي همة و شأن اما الان فالامر اصبح واااضح لا احد يريد لابناء هذا البلد تعليما يليق بهم,0,standard,negative
عقاب المخرب هو القتل عند الحقراء عديمي الإنسانية,0,standard,negative
ماشي غير هو,1,dialectal,neutral
للأسف تربيتم على السب و الشتم كالكلاب,0,standard,negative
تعليق رائع جدا,0,standard,positive
تماما متفقة معاك,1,dialectal,positive
كلمة اجنبية في محلها و لا تستفز اي فئة دون اخرى و انا ابن المنطقة و اعرفها جيدا فهذه اسماء اجنبية علينا شارع بيت حانون,0,standard,neutral
و الله ما كذبت اول مرة يشدو طريق اللي فيها فايدة,1,dialectal,positive
وا اسفاه,0,standard,negative
الله المعطي وأنتي أجمل عطاياه,0,standard,positive
رأيك و يحترم,0,standard,positive
اها زاد جمالا,1,dialectal,positive
اللهم امين دمت طيبة,0,standard,positive
صافي اللي بغيتي على خاطرك,1,dialectal,positive
دبا خاصهم برنامج اخر يمشو عليه و خاصهم وقت باش يولفوه و يحسن الله عوان واليدهم,1,dialectal,neutral
لسان مافيه عظم غاليتي,1,dialectal,positive
أقبح الناس و أذمهم من يستغل نقطة ضعفك ليذلك أمام الناس,0,standard,negative
اللهم إن في صوتي دعاء وفي قلبي أمنية اللهم يسر لي الخير حيث كان,0,standard,positive
الله يصبرك,1,dialectal,positive
كل شيء في الحياة سيكون أجمل,0,standard,positive
اهل مكة ادرى,0,standard,neutral
الأخلاق لا تباع ولا تشترى ولا تصطنع الأخلاق هبه يعطيها الله لمن يحب وتظهر حتى فى ملامحه دون أن يتكلم,0,standard,neutral
برشلونة يمتلك العديد من المواهب لكن بهكذا مدرب فاشل لا يستطيع إرجاع جمالية اللعب التي كان عليها من قبل,0,standard,mixed
كن مزهرا وإن غاب الزهر بين ركام الحجر فما بين صخر وصخر ينبث الزهر وما بين عسر وعسر ينبث اليسر,0,standard,positive
رائع,0,standard,positive
عندما أقرأ منشوراتك كمسؤول عن قطاع الرياضة في السعودية استنتج حجم الأزمة القيمية والفكرية التي يعانيها المجتمع السعودي,0,standard,negative
اشكر كل لإخوة و الأخوات على دعائكم للوالدة بالشفاء وأدعو الله أن يحفضكم و يحفض أحبابكم و يشفيه مرضاكم ويرحم موتاكم إنه سميع عليم,0,standard,positive
نهاركم مبروك يا أعز الناس,1,dialectal,positive
انا قصة انسان انا جرح الزمان,0,standard,negative
طاقم كامل من النساء يقود رحلة استثنائية,0,standard,neutral
هل هذا مؤكد,0,standard,neutral
فوز منتخب مصر,0,standard,positive
التعليم وتمكين المرأة والشباب في بناء المجتمع مواضيع مهمة,0,standard,neutral
لحمار مزال عاد كيسول,1,dialectal,negative
أبو بكر الصديق رضي الله عنه مؤدب المرتدين لم يدرس العلوم السياسية وعمر بن الخطاب رضي الله عنه هازم الإمبراطوريات لا يحمل شهادة في القانون الدولي عثمان بن عفان رضي الله عنه الثري لم يدرس الاقتصاد,0,standard,neutral
انت اجمل من وصف القصيد,0,standard,positive
على هاد لحساب غنبقى بايرة للابد,1,dialectal,negative
ما اجمل الصمت,0,standard,positive
أرقام حكيمي تؤكد ازدهاره مع دورتموند,0,standard,positive
شكرا اختي كنت ابحث عن كتاب شيق فقد أوشكت إنهاء كتابي انهض بذاتك وبدوري انصحك بقراءته,0,standard,positive
خويا رضا سير الله يسهل عليك,1,dialectal,positive
ندير النية زعما,1,dialectal,neutral
الإسلام الذي حرصت مدرسة الحركة الإسلامية على تعليمه للملتحقين بها قسم التراث إلى شقين وحي و تاريخ فالوحي سرمدي والتاريخ تجربة خاصة لمجتمع معين ولفرد من هذا المجتمع لا تلزم أحدا واعتبرت مدرسة الحركة,0,standard,neutral
ليست ضربة جزاء مجرد تحايل على حكم,0,standard,negative
في مجتمعنا ترى الطالب لا يراجع دروسه ويريد أن ينجح والآخر لا يشتغل ويريد راتبا شهريا وثالث لا يصلي ويريد أن يموت ساجدا,0,standard,negative
غير سمحوا لينا هاد الساعة,1,dialectal,neutral
اللهم نور قلوبنا بنور وجهك الكريم,0,standard,positive
ماقلت غير الحق اخويا وداكشي لي كاين ربي يحفظك وبارك الله فيك,1,dialectal,positive
ما أسوء ان تكون فاقد للكرامة و عزة النفس البعض لان ليس له تاريخ يذكر و لا مجد يفتخر به و لا هوية يتشرف بها يلجئ لسرقة تاريخ و امجاد و هوية غيره,0,standard,negative
تباارك الله,0,standard,positive
يعنيني لأنني أحب الشعب الجزائري ولدي اصدقاء كثر هناك والقضايا العربية تعنيني كلها,0,standard,positive
رائعة لدرجة لا توصف أنصحك بقراءتها,0,standard,positive
انقلب السحر على الساحر انتظروا المزيد,0,standard,negative
سبحانك اللهم وبحمدك,0,standard,positive
تفكير جميل تحياتي,0,standard,positive
المفروض امر و الواقع المرير امر اخر للاسف,0,standard,negative
الباب اللي يجيك منو الريح سدو و استريح و عندي بزاف ديال الابواب خاصهم يتسدو غير صبرو عليا حتى نشري القفولا,1,dialectal,neutral
مالقيتش ليه وصف صراحة,1,dialectal,neutral
على سلامتك خويا الدنيا مراحل و فصول,1,dialectal,positive
كل شيء له فرصة ثانيه إلا الثقة,0,standard,neutral
صافي موافقة,1,dialectal,positive
إبتسامة مليانة حب,0,standard,positive
يضحك وفي نفس الوقت يحزن,0,standard,mixed
هي ديال شي ف لابو,1,dialectal,neutral
ما اجمل الفقراء,0,standard,positive
شوية و تبان على حقيقتك الوسخة,1,dialectal,negative
معضلة و فيروس يغزو الامة,0,standard,negative
يااارب رحمته وسعت كل شيء,0,standard,positive
الله يرحمو,1,dialectal,positive
من الاشياء الجميلة اللي كان يمتاز بها الانسان المغربي الشمالي وهي رقي الافكار,0,standard,positive
تناول موضوع الفكر الإبداعي وأهميته بالنسبة للجيل الجديد في تكوين مستقبل مهني,0,standard,neutral
الماضي مجرد قصة نرويها لأنفسنا,0,standard,neutral
ماهو تعريف الرفاهية عندكم,0,standard,neutral
كنا مغاربة و بقينا مغاربة و غا نبقاو مغربة و إن الفرج لقريب,1,dialectal,positive
تقبل الله منا و منكم صالح الأعمال عيدكم مبارك سعيد و كل عام وانتم بألف خير,0,standard,positive
للأسف الشديد تخصصي ماشي بيطري,1,dialectal,negative
ماشي كلهم ماتعممش,1,dialectal,neutral
امين انك لا تهدي من احببت و لكن الله يهدي من يشاء,0,standard,neutral
بدون كرامة الموت احسن واكرم,0,standard,neutral
واييه راه حتى أنا داك شي لي بغيت نقول,1,dialectal,positive
اسعد الله مساك بكل فرح وسرور,0,standard,positive
من فعل الوشم عن جهل تلزمه التوبة فقط أم من فعل الوسم عن علم بأنه حرام فقد إقترف إثم كبير,0,standard,mixed
نتي بعدا صدمتني فيك,1,dialectal,negative
قطر لتمويل الارهابيين فقط,0,standard,negative
يمر الليل و أحباب السهر عشاق,0,standard,positive
قصة الناس أحمد شاب يتيم عفوي يواجه مشاكله بالضحك,0,standard,neutral
ولله الحمد والمنة,0,standard,positive
وشبعت أمانينا ذبول,0,standard,negative
لا لا الحمدلله مازال على قيد الحياة هاد الساعة,1,dialectal,positive
يسرني أن أتقدم إليكم بأصدق عبارات التهاني وأجل التبريكات بمناسبة حلول عيد الفطر المبارك ، ندعو الله أن يعيده علينا وعليكم اعوام عديده وكل عام وأنتم بخير,0,standard,positive
كلام تافه اسرائيل عنصرية واستعمارية,0,standard,negative
نسأل الله لها الشفاء يارب,0,standard,positive
ياأخي احزنني كلامك للأسف,0,standard,negative
ها الصح الله يعطيك الصحة فكرة زوينة,1,dialectal,positive
عبيد الكرة يشعرون بالاهانة,0,standard,negative
عروض السيارات والعقارات,0,standard,neutral
يختي على لي تيرفعلي لمعنويات,1,dialectal,positive
تم وإن شاء الله تحققها,0,standard,positive
لا تبالغ في شعورك فالأغلبيه عابرين,0,standard,negative
تصرفك و اطباعك رائع يجدب الاخرين في العمل ماهر و متقن ابتسامتك هي سر انجداب الناس اليك,0,standard,positive
لا بالعكس يالاه غ نتفرجو براحتنا بلا تعصب بلا نرفزة اصلا هادشي اللي فات ما استمتعنا به,1,dialectal,mixed
رأينا منذ ايام قليلة هروع العديد من الصحفيين و العديد من الغطاسين و فرق كثيرة لانقاذ الاطفال الذين حوصروا داخل احد الكهوف في دولة تايلند في المقابل منذ ايااام و لم يحرك احدا ساكنا اتجاه ابناء هذا البلد,0,standard,negative
هذا يسعدني اخي الفاضل طالما انه في حدود الاحترام لكن العتب عليا انا لم انتبه امهلني لحظات اراجع التعليقات احيانا اتخطاهم سهوا و الله اعتذر منك,0,standard,positive
الله يشفيه يارب,0,standard,positive
لا استطيع ان اصفه بالتفاهة كما وصفت انت تغريدات غيرك,0,standard,mixed
سنين جاتك ساهلة,1,dialectal,neutral
سيكون الجو أجمل,0,standard,positive
لكي تكون قويا يجب ألا تنتظر من أحد أن يحبك,0,standard,neutral
لا أقصد ذلك بل يجب الحسم معهم وأي شخص ينشر منشور في مواقع التواصل فيه نزعة عنيفة وتحرض على قتل الآخر يجب تجريمه,0,standard,negative
مشكورة,0,standard,positive
اه الصورة كانت قبل المغرب لكني شفت فيديوهات بزاف دبا كيبينو باللي المنصة خاوية عامرة غ بالمخازنية اما مسألة شوهة تيفي ف بلا ما تيقيها لانها تلعب لصالحهم بزاف د الناس دايرين لايف دازو من حدا منصة السويسي و بينو باللي راه يغني بوحدو,1,dialectal,neutral
تعادل غير متوقع للوداد,0,standard,neutral
الله ارد بيك وزن هضرتك راك فتي الحدود,1,dialectal,negative
يالطيف صدمتيني,1,dialectal,negative
فهو لم يذهب ولم يأكلوا شيئا من الطعام لأنه أصلا رجع من باب الكهف ولكن أكثركم لا يعلمون,0,standard,neutral
من ورا بعض البهايم حاشاك,1,dialectal,negative
الله يشافيك و يرفع باسك يا رب,0,standard,positive
الفعل اللي قام به عجرفة,0,standard,negative
اللهم صل وسلم وبارك على سيدنا محمد وعلى اله وصحبه اجمعين,0,standard,neutral
بايرن ميونيخ يغري زياش ب مليون يورو,0,standard,neutral
دوله الارهاب لا انتظر منها غير ذلك,0,standard,negative
و انا ما قصدت حب الذئاب اللي يجي عن نظرة و ينمو بمراسلة و ينتهي بنزوة انما قصدت حب الدوام و العشرة كما قلت,1,dialectal,mixed
باش تكون برلماني لو تنتخب عدة دورات خصك تكون راجل و واقف مع الناس لي تينتخبوك,1,dialectal,neutral
ستظل اسرائيل دائما العدو الاول لامتنا ولكن بسبب جرائمها,0,standard,negative
العمل الخيري,0,standard,neutral
سامو من الناس اللي نجحوا فحياتهم و مشاو بسرعة,1,dialectal,positive
كوارث انسانية,0,standard,negative
لكي أختصر الدول العربية تكره المغرب وهي تنافقه فقط هم لا يحبون الخير للمغرب المغرب عقدة بالنسبة للعديد من الدول العربية والتاريخ يشهد على ذلك,0,standard,negative
جاهلة هدي محال تكون ولداتو,1,dialectal,negative
ان شاء الله سنة سعيدة وجميلة لكم وللجميع وربي يحفظكم,0,standard,positive
الله يدوم المحبة مع القلوب الصادقة الصافية الوفية عاش مول النية ولا عاش من خانه,1,dialectal,positive
لهلا يخطي عليك المدام و صافي,1,dialectal,positive
تأجيل المباراة الاستعراضية بين الرجاء والوداد في الإمارات,0,standard,neutral
رأيك يحترم,0,standard,positive
فهم السؤال نصف الجواب,0,standard,neutral
في كل ليلة لك مع البال ميعاد,0,standard,positive
اللهم رضاك,0,standard,positive
توحشناك عم حسن الله ييسر ليك,1,dialectal,positive
تفو على كونكسيون حتى ولا زبالة,1,dialectal,negative
اللهم من نام على ضيق فأيقظه على فرج ومن نام على حزن فأيقظه على فرح,0,standard,positive
شكرا إمامنا و قدوتنا,0,standard,positive
الله الله إي الجمال ده ما شاء الله عليك,0,standard,positive
الحكم وحش,0,standard,negative
ليت قربك ، كثر حبي لك,0,standard,mixed
روح انت و بلدك و الاخوان المسلمين و كل شرقك المقرف بعيد عنا لا تذكرنا,0,standard,negative
متديروش فيها مسكينات و مظلومين,0,standard,negative
انا فرحانة براسي ماعنديش مع الكرة,1,dialectal,positive
وتم فتح جسر باللون الذهبي تحمله يدان عملاقتان بلون الحجارة في تلال با نا بالقرب من دا نانج في وسط فيتنام، وافتتح الجسر المسمى يعني جسر الذهب في حزيران يونيو، وهو بطول مترا وارتفاع متر فوق مستوى سطح البحر، ويطل على,0,standard,neutral
بالطموح و الإرادة تهون الصعاب,0,standard,positive
الله يبارك فيك خويا مصطفى على العين والراس,1,dialectal,neutral
جميل انامثلا بغيت نغير راسي واش تغيير النفس كيكون غير ف المسائل الدينية الى هكا كنشوفو بعض الدول فيهم تطبيق للمسائل الدينية ام كاينا شي حاجة اخرى خاصها نحطوها ف الاعتبار,1,dialectal,neutral
ثقة مبالغ فيها,1,dialectal,negative
وانا افتخر بالخليط الامازيغي العربي الذي يجري في دمائي,1,dialectal,positive
بلاد كحلة,1,dialectal,negative
أنا بوحدي اللي ثقت فيها,1,dialectal,neutral
يمثل شبابنا المبجل,0,standard,positive
ريتويت الى كاتقلب على كولشي الا الصداع,1,dialectal,neutral
ليلة سعيدة تحياتي ليكم يا أحسن فانز,1,dialectal,positive
ما أجمل أنك تقول ليا اشنو خدمتك بالرجولة درني راسي,1,dialectal,positive
بعض البشر ساكت و قلبه يحبك,0,standard,positive
أصبحنا أضحوكة العالم دموعنا جابت كل القنوات بكينا في الكأس والليغا والان بالأبطال حرام والله,0,standard,negative
ولنصبرن على ما آذيتمونا وعلى الله فليتوكل المتوكلون,0,standard,mixed
و الله معك حق انا اللي ما بغا يتفهم ليا علاش دول خرج عندهم شعبان كامل و حنا خرج عندنا ب يوم فقط,1,dialectal,mixed
الله يطول في عمري الى واخلص عليهم كلهم واحد واحد,1,dialectal,positive
و حال المغربي و حال كل الامة,0,standard,negative
حدائق المنارة من اجمل الاماكن السياحية في مراكش,0,standard,positive
حسب حذيث الصحافة,0,standard,neutral
مقتنع بهاد الفكرة,1,dialectal,positive
قصدي مدرب آخر غير هييرو مثلا اللي أهلهم لوبيتيغي كان يتصرف احسن خصوصا في الهجوم بخصوص روسيا ساعدهم جمهورهم كثيرا على اي كانت ستكون مواجهة اسبانيا كرواتيا احسن من روسيا كرواتيا هذا ان تأهلت كرواتيا طبعا,0,standard,mixed
الظلم يجعل ، المظلوم بطلا,0,standard,negative
فجر طويل اجمل تفاصيله عيونك,1,dialectal,positive
أمم إفريقيا تحجز مكانها في النهائيات,0,standard,neutral
ياسين بونو داير ماتش واعر,1,dialectal,positive
لٱ حول ولا قوة يارب تلطف الخبث و الإجرام,1,dialectal,negative
الواقع المؤلم,0,standard,negative
قد همت في خل يذيب القلب مبسمه,0,standard,positive
آميين و جميع امهات المسلمين و ارحم الموتى منهم,0,standard,positive
الله المستعان سكينة الحرية الغربية سرقتها,0,standard,negative
لا لا بالعكس هكاك افضل من ناحية التكاليف المادية وفنفس الوقت عارفين الحسنية وبركان تبقى كل الاحتمالات واردة لكن ان شاء الله التاهل من نصيب الخضرا,1,dialectal,positive
مشروعنا هو توحيد الكرة الارضية,0,standard,neutral
باش تحصل من نسبة الاصوات خاص تكون سميتك اردوغان شعب تهمه مصلحته و مصلحة البلاد من الدرجة الاولى,1,dialectal,positive
الرجاء محليا ناقصة,1,dialectal,negative
رصيف الصحافة الحراك الشعبي بالجزائر يقلق قيادة البوليساريو,0,standard,neutral
تم تصنيف النشيد الوطني للمغرب ⁩في الرتبة ضمن أحسن للمنتخبات في ترتيب الخمسة الأوائل فرنسا كولمبيا المكسيك البرازيل,0,standard,positive
صدقت اخي الكريم,0,standard,positive
الاخلاق اهم,0,standard,positive
والله عاهات,0,standard,negative
هجومين ارهابيين وليس هجومين فقط ياصهاينه,0,standard,negative
صراحة اكثر شخصية مؤثرة فحياتي,0,standard,positive
كم سعره أخوي عبد الله لو سمحت,0,standard,positive
كونوا في الموعد,0,standard,neutral
قرأت هذا الكتاب,0,standard,neutral
وعليك يا رب شكرا,0,standard,positive
قد يراه البعض منشور ترفيهي لكنه يرسل معنى وهدف,0,standard,positive
الجبناء يكذبون علنا,0,standard,negative
الله يخليك لواليديك ويخليك ليهم ويخلينا لينا كاملين ياربي عمك وخالتك وصغيرات غيتسطاو عليك اكيد,1,dialectal,neutral
ابتسامتك جميلة فلا تحمل هما يزيلها,0,standard,positive
وفاة السفير الموريتانى فى تونس محمد ولد الليله إثر وعكه صحيه مفاجئه رحمه الله وإنا لله وإنا إليه راجعون,0,standard,mixed
الوزير في احتجاج ضد من الله اعلم من سيحاول ايجاد الحل لاحتجاجه الله اعلم من السبب في هذا الاحتجاج الله اعلم,0,standard,neutral
العرب قديما كانت تسمي ربيعة للرجل و المرأة خديج للرجل و المرأة انس للرجل و المرأة,0,standard,neutral
دبا يتحملو عواقب ما صنعو,1,dialectal,negative
اللهم إني أعوذ بك من الهم والحزن، والعجز والكسل، والبخل والجبن، وضلع الدين، وغلبة الرجال,0,standard,neutral
ولكن لماذا يجب أن يحسب الإنكليزي نفسه أكثر ثقافة مني ، فهو بدوره لم يكن يعرف أية لغة من اللغات التي حدثته بها,0,standard,neutral
و الله نفهم انا حتى نفهمك,1,dialectal,neutral
بالتوفيق لفريق الافضل تمثيل للمغرب خارجيا,0,standard,positive
خسئتي يافتاة,0,standard,positive
حسن گاع الصراحة,1,dialectal,positive
غير كايبان لك الماء ديالو نقي و بارد,1,dialectal,neutral
أمريكا تنتقد تضييق المغرب على حرية الأشخاص وحرمة المنازل,0,standard,neutral
زواجي بأحدهم لكن القدر و حكمة الله شاءت ان يحصل مع غيره,0,standard,neutral
صدمة ممن كنا نعتقد أنهم بصدق أصدقاء,0,standard,negative
مات مغني ملاهي جراء عملية تجميل موته صنع الحدث و الجدل مات عالم من علماء الامة الاسلامية لا احد سمعه بموته و لا اكثرت لامره نسأل الله السلامة,0,standard,mixed
الطيبة ليست غباء بل حسن تربية,0,standard,positive
قتيلا حصيلة جديدة ل هجوم المسجدين,0,standard,negative
مفتاح الفشل ، محاولة ارضاء الجميع,0,standard,negative
بحال هادو للي تيطيحو ولادهم من النوافد,1,dialectal,negative
مصير العيون اللي بكت تفرح,0,standard,positive
يعني إذا كنت من المدافعين عن السيسي وغيره هذا يبقى رأيك ويمكنك ان تعبر عنه بأريحية بدون خلط الحابل بالنابل,0,standard,neutral
صورة لخواتم الخطوبة التي نزعت من أصابع قتلى الحرب العالمية الثانية و لكم أن تتخيلوا كم من قصة حب دفنتها الحروب,0,standard,negative
أصعب إحساس لما يوحشك أحد مات,0,standard,negative
اااه بصح والله الى شي حاجة تفزع القلب,1,dialectal,negative
مزيدا من التألق ان شاء الله,0,standard,positive
و فيه شفاء لكم جميلة,0,standard,positive
كلامك روعة,0,standard,positive
كنت احزن لغيابك بس كثرة غيابك عودتني,1,dialectal,negative
من اعرق مشاهد ومناظر بلادى,0,standard,positive
في ميزان حسناتك,0,standard,positive
بعد اداءه الى بقا في مستواه يقدر في اقرب فرصه يحترف,1,dialectal,positive
ان بعض الظن اثم,0,standard,neutral
شكرا اخي ابراهيم على دعوتك الجميلة ولك مثلها وربي يبارك فيك ان شاء الله,0,standard,positive
قهرتونا بالشفاوي,1,dialectal,negative
طبعا السبب الوحيد اللي خلاني نشجعها ونيت عزيز عليا الضد,1,dialectal,mixed
ما هي المشاعر المشتركة بين الإنسان وبعض الحيوانات,0,standard,neutral
يسلم قلبك,0,standard,positive
عزيزة وغالية اختي ديالي والكبيدة اللي نكساب اللي ضراتك ضراتني,1,dialectal,positive
صباح الورد فخيتة,1,dialectal,positive
لا يمكن أن يقبله الرأي العام,0,standard,negative
شعرت بالحزن أثناء زيارتي الأخيرة,0,standard,negative
صباحك سعادة و نجاح وراحة بال,0,standard,positive
اش تتمناي,1,dialectal,neutral
الكذب يشوهك كن صادقا أو اصمت,0,standard,mixed
امين ميكون باس عندك انا الحمد الله فلت,1,dialectal,positive
مرحبا بكم في روسيا الإتحادية حيث بوتين يصفي أي معارض,0,standard,negative
كيفاش عند البناية,1,dialectal,neutral
حققت حلمي و ذهبت لأجمل بلد في العالم,0,standard,positive
الله يعمر حياتك خير و نعيم من رب العالمين,0,standard,positive
الدرك يفكك عصابة فراقشية في دائرة ابن أحمد,0,standard,neutral
خطيب مسجد حينا اليوم تحدث عن الحج في الخطبة الثانية خصص ثلاثة او اربعة دقائق فقط للحديث عن عيد العرش و انتم,1,dialectal,neutral
تأكد أنك أدركت من الحياة نعيمها حين تجد الفرح في أبسط تفاصيل يومك,0,standard,positive
كاينة واحد فئة من جماهير ريال العربية قمة الحقد والكراهية ولا يعرفون ان كرة القدم مرة لك ومرة عليك,1,dialectal,negative
السلطات المالية المغربية تخفف موقفها إزاء العملات الرقمية,0,standard,neutral
عن أبي قتادة رضي الله عنه قال سئل رسول الله صلى الله عليه وسلم عن صوم يوم عرفة، قال يكفر السنة الماضية والباقية رواه مسلم فيه فضيلة صيام يوم عرفة، وأنه يكفر السيئات,0,standard,neutral
تا حاجة ما غادي تعوض قيمتك المسألة ماعندهاش ارتباط بالثقة بالنفس بقدر ماعندها علاقة بالكبرياء مقتضب من خطاب أحدهم,1,dialectal,neutral
لا أحس إني بخير إلا معك,0,standard,positive
الله يخذ الحق فالظالم,0,standard,negative
يسعدك و يهنئ قلبك حبيبة,1,dialectal,positive
نهاية المباراة بفوز مانشيستر يوانيتد على أرسنال ب قتالية رائعة من لاعبين أرسنال مع دفاع غير موجود,0,standard,positive
انا الي يسعك صدره اذا ضاقت بك الدنيا,0,standard,mixed
من الافضل اللعب بثلاث مدافعين,0,standard,positive
كلام جميل و في محله,0,standard,positive
واخا الله يحفظك,1,dialectal,positive
آمين يارب العالمين اللهم اشملنا برحمتك ومغفرتك وعتق من النار برحمتك يارب العالمين,0,standard,positive
ماشي غريب على ولاد مدينتي من زياش وزيد وزيد,1,dialectal,neutral
خاذل الحرمين,0,standard,negative
أنا لا أريدك أن تكون مثالي ولا كامل أريدك أن تكون حقيقي لا تلتف لا تراوغ لا تلبس الأقنعة لا تخش من حقيقتك لا تخجل من وجهك,0,standard,neutral
رياض محرز يقدم أداء رااائع إلى الآن …,0,standard,positive
تبا لكم عنوان منفوخ فقط وليس هناك أي تدخل,0,standard,negative
كاين بزاف ديال مواضيع الساعة عندي فيهم آراء مختلفة على أكثرية الناس,1,dialectal,neutral
كل التحيه والتقدير للحكام,0,standard,positive
الله ارحمها مؤلم جدا إذا كانت التجربة مؤلمة لنا فما بالك بمن عاشها انت قوية جدا يحب ان تبقي كذلك دائما,0,standard,mixed
آمين يارب العالمين و اياك,0,standard,positive
كل كلمات الحب جميلة لكن الإهتمام أجمل,0,standard,positive
صباح النور صافي غا نولي نغرد غي على كرة باش نوصل لهاد كمية تفاعل ديما,1,dialectal,positive
على هاد القبل خاصنا محمية لهاد النوع,1,dialectal,neutral
المهم اننا سنتعود على الاسماء رغم بعض الصعوبات في الاول,0,standard,mixed
فكر أكثر من مرة,0,standard,neutral
يستاهل ربي يرفع قدركم,0,standard,positive
وهادا القانون الاخرق مكاينش غير في المغرب,1,dialectal,negative
الله يبارك فيك خويا ابوليناس ديما كاين المعنى من المعنويات وخا شي خطرات خارج النطاق,1,dialectal,positive
الخط تقري تحسنيه من اسهل ما يكون فقط داومي على الكتابة و كوني متفائلة,1,dialectal,positive
و اكون من الحاضرين و اصفق لها و اشجعها و اقلها بالمصري اديلو كمان يا قشطة,1,dialectal,positive
أنا او لا احد,0,standard,neutral
فعلا الأحداث مشتعلة,0,standard,negative
الله خلق لي قلب واحد وسكنته,0,standard,positive
كنشوفكم يا أعز الناس كنموت عليكم ابن جرير,1,dialectal,positive
بقربك ، اشعر ان لي بالحياة حياه,0,standard,positive
الله يدوزها على خير,1,dialectal,positive
مساء الخير على الجميع,0,standard,positive
الحمد لله أختي الله يبارك فيك اااه لاحظت على محياهم البهجة و السرور و يمكن سببه انهم وجدوا وسيلة نقل تقيهم شقاوة الانتظار او ربما سير مسافة على الاقدام,0,standard,positive
أسعار اللحوم الحمراء تقفز إلى درهما المنتجون ثمن معقول,0,standard,neutral
عمال النظافة بالبيضاء يحتجون على تأخر الأجور,0,standard,negative
كل الحكام طاغوت ويجوز الخروج عليهم,0,standard,negative
ه غي ضاحكة معاك,1,dialectal,positive
المغرب يفلت من لائحة سوداء للملاذات الضريبية للاتحاد الأوروبي,0,standard,neutral
الحمد لله كانعديو سول فيك الخير,1,dialectal,positive
غير ضاحكة,1,dialectal,positive
عاشت الأخوة,0,standard,positive
يزين ايامك حبوبتي,1,dialectal,positive
صار عناد وكره و قلة أدب,0,standard,negative
أجور النساء أقل من الرجال ب في ألمانيا,0,standard,neutral
بعض البشر يحتاجون ان يكونو طيور,0,standard,positive
اللهم كما عطرت ذكره بين خلقك عطر قبره برائحة الجنة,0,standard,positive
رمضان اللهم إني أسألك العافية في الدنيا والآخرة,0,standard,positive
المقصود هو الفتح,0,standard,neutral
رسالة تفاؤلية دائما هناك ‌فرح‌ مختبئ ‌ينتظر إستغفارا ليظهر,0,standard,positive
البلد بحاجة لمنقذ هل من متطوع,0,standard,neutral
رمضان اللهم إني أعوذ بك من ذنوب ترد دعائي,0,standard,neutral
مايكون باس,1,dialectal,positive
مجازر سوريا مستمرة أين الأمم المتحدة من حماية الأبرياء,0,standard,negative
هادي البدايه ومزال مزال,1,dialectal,positive
الله يكتب علينا مكاتب الخير,1,dialectal,positive
حكام العرب لعنة الله عليم يا مجرمين,0,standard,negative
اقرؤوا القرآن فإنه يأتي يوم القيامة شفيعا لأصحابه ونصيحة ثمينة مني لكم أكثروا من قراءة القرآن لا تجعلوا الهاتف يلهيكم عنه وعليكم بمساعدة المحتاج فإنه من فرج عن مسلم كربة فرج الله عنه كربات كثيرة في الدنيا والآخرة وأسعده سعادة لن يتوقعها أبدا,0,standard,positive
الله يبارك,0,standard,positive
المونديال ليس بالاداء و لكن النتيجة الاهم,0,standard,neutral
مممم الله يجعلني نتيق,1,dialectal,positive
نحب من يكملنا,0,standard,positive
اكبر مهرج عرفته السياسة في المغرب,0,standard,negative
اسعد آلله جميع أوقاتك اختي,0,standard,positive
الهي يسعدك و يهني قلبك اخي الفاضل,0,standard,positive
في البيت بمفردي للأسف,0,standard,negative
هذا شعارنا,0,standard,neutral
و الله العظيم الا انا شخصيا عذبني,1,dialectal,negative
الله يشافيك حتى انت خويا,1,dialectal,positive
ربي يعرضك خير بولادك,1,dialectal,positive
حفل في بيروت يكرم شخصيات نسائية عربية,0,standard,neutral
سياتي يوم يعرفون فيه انك نعمة عليهم,0,standard,positive
رابطة علماء المغرب العربي,0,standard,neutral
النظريه التاريخيه تقول لاتخسر راحتك من اجل الناس اخسر الناس من اجل راحتك,0,standard,positive
اخيرا جمال الشريف يظهر,0,standard,neutral
وبصحتك الحناء,0,standard,positive
قصة شخص غامر بحياته لإنقاذ ضحايا حريق قطار محطة القاهرة,0,standard,neutral
اللهم صل وسلم وبارك على نبينا محمد وعلى اله وصحبه اجمعيين,0,standard,positive
اغلق النافذه التي تؤذيك مهما كان المنظر جميلا,0,standard,neutral
من أعظم أسباب الفرح هذه المخلوقات,0,standard,positive
تهميش الشباب المثقفين للأسف,0,standard,negative
ببالغ الحزن و الأسى تلقينا خبر وفاة أحد المتتبعين,0,standard,negative
اللهم انك عفو كريم تحب العفو فاعف عنا,0,standard,positive
نسبة المغاربة المتعاطين للمخدرات في ارتفاع وعدد الإبر المستخدمة في تزايد تقرير أممي,0,standard,negative
والله فريق وضيع هذا الفريق عار على كرة القدم,0,standard,negative
آقول ما نعيش ونعيش ما آقول,0,standard,neutral
معلوم شخصية تهابه كل نساء العالم,0,standard,positive
مقززة ومعبرة في نفس الوقت,0,standard,mixed
لانها ستودي به الى الهاوية ليست عيب و لن تكون يوما كذلك لها مواضع تكون صائبة لكن ان تكون هي المسيطرة فلا اتفق الرجل معروف عليه اخد الامور بحزم و جدية الشيء اذا زاد عن حده انقلب الى ضده,0,standard,neutral
مجهود رائع من التحالف العربي,0,standard,positive
سبحان مبدل الأحوال,0,standard,positive
عرفتي مئات الاسئلة كتجول ف راسي بخصوص هاد المسالة يدفنون علماء السنه و الحق و يمجدون الصوفية و المتصوفين,0,standard,negative
زيدان يعود رسميا لريال مدريد,0,standard,neutral
ممكن مساعدة محتاج صيدلية,0,standard,neutral
ظلم بلاد كحلة,1,dialectal,negative
التعليم العالي عندهم وعندنا,1,dialectal,neutral
داكشي لي كاين امين يارب,1,dialectal,positive
افسحوا لسورة الكهف وقتا في يومكم ثمة نور يحفكم لا ينطفئ,0,standard,positive
تحية لكل عشاق الأغنية الجبلية,0,standard,positive
عواشر مبروكة اخويا يونس,1,dialectal,positive
نعم فيلم رائع عميق,0,standard,positive
اول مره كنسمع عليها كتبان زوينه,1,dialectal,positive
يتميز بوجود صناعات يدوية بجودة عالية,0,standard,positive
عاد إليكم من جديد وأخيرا درت جيم لهاد الصفحة,1,dialectal,neutral
الامارات بلد الانجازات,0,standard,positive
ربكم أعلم بما في نفوسكم,0,standard,neutral
هادشي كامل خذيه من منظورو الايجابي كل بني ادم خطاء و الواحد هو اللي يتعلم من اخطاءه ومنها نيت تعرفي الناس كيف تفكر و كيف تناقشو كيف تنصح و تستافد منهم,1,dialectal,positive
آمين خويا,1,dialectal,positive
اللهم امين لكم من القلب دعوةاسأل الله ان يستجيب لها دمتا طيبا اخي انس,0,standard,positive
كما تدور عقارب الساعة حول جميع أرقامها تدور بنا الحياة حول جميع الظروف عدنا و العود حميدو,0,standard,neutral
و الله ماكذبتي,1,dialectal,positive
من أعمالي بقلم الرصاص,0,standard,neutral
تعازينا الحارة أخي لله ما أعطى ولله ما أخذ,0,standard,positive
سيتم غدا التوقيع على مقترح تشريع ريع تقاعد البرلمانيين في جلسة الغد فهل سنشهد تصويتا بالاغلبية ام ان هناك من تهمه مصلحة الوطن,0,standard,neutral
بروفيسور نوبواكي نوتوهارا كاتب و مترجم و أستاذ جامعي ياباني، درس الأدب العربي في جامعة طوكيو ثم مدرسا فيها للادب العربي المعاصر عايش العرب حوالي عاما كتب كتاب العرب من وجهة نظر يابانية يتحدث عن انطباعاته عن العرب و التي تلخص الواقع العربي,0,standard,neutral
الله المستعان غاليتي,0,standard,mixed
و حق مافيا ما يضحك و ضحكت,1,dialectal,positive
الروسية صعيبة,1,dialectal,negative
و لو بعد حين,0,standard,neutral
جميلة و عظيمة بوجودك فيها يا جميل,0,standard,positive
في اليوم العالمي للمرأة,0,standard,neutral
عالم مجنون,0,standard,negative
علاج مسألة الشغف بمواقع التواصل وغيرها؛ في قوله صلى الله عليه وسلم فأعط كل ذي حق حقه رواه البخاري فخذ خيرها وبوقت محدود، ثم أغلقها وبحزم وتفرغ لبقية الحقوق، وبذلك يجتمع لك أمرك,0,standard,positive
حرق الكنائس وقتل الناس وتعذيبهم,0,standard,negative
كلمة ذنب لو اصلا هما يحسو بالذنب ما راح يعملوا هادشي ضمير ميت اختي,1,dialectal,negative
مسكينة الدخول المدرسي كيجيهم صعيب شوي مع ولفو اللعب و العطلة,1,dialectal,neutral
من حقها ان تدافع عن شرفها لكن القانون يتعامل بالدليل,0,standard,neutral
أحياني على الطبقة الكادحة,1,dialectal,negative
صحيح الافكار تتحسن ان كانت مبنية على اساس متين,0,standard,positive
رواندا تخصص من ميزانيتها لتحسين قطاع التعليم و قطاع الصحة بدون تعليق,0,standard,neutral
كثير في حقي سيدي والله شكرا لقلبك الطيب وحرفك الأنيق متألق,0,standard,positive
صباح الخير بنت بلادي كاع متخلعي رابحين إنشاء الله,1,dialectal,positive
و انا من عشاقه,0,standard,positive
الله يرحمها,0,standard,positive
إذا كانت الحرية هي شرط الحياة فلاينبغي إستعمالها للقضاء على الحياة,0,standard,neutral
اللهم امين و الله يرزقنا حسن الخاتمة,0,standard,positive
امين يا رب,0,standard,positive
نعيد و نكرر كرة القدم لا تقاس نهائيا بالحفلات و الصالات المغلقة مقياس كرة القدم الوحيد هو الملعب و اي احد يشك في تفوق ميسي على جميع لاعبي عصره من حيث المستوى الفردي فليتأكد أنه يعاني من مشاكل عقلية,0,standard,negative
كاين الشبه,1,dialectal,neutral
صباح السكينة وطمانينة يا اخي سمير,0,standard,positive
خونة و مرتزقة دمروا البلاد دمرهم الله,0,standard,negative
اليوم الأول لي في العمل الجديد,0,standard,neutral
الحمد لله شوية ربي يخليك,1,dialectal,positive
اكون ان شاء الله,0,standard,positive
الحزب الحاكم في الجزائر يتخلى عن الرئيس بوتفليقة,0,standard,neutral
سبحانك اللهم وبحمدك استغفرك واتوب اليك,0,standard,positive
من الأفضل للنجار ان يصلح باب منزله المكسور قبل التفكير في إصلاح أبواب الآخرين,0,standard,neutral
لاحول ولا قوة إلابالله العلي العظيم اللهم أرحمها رحمة واسعة ونسأل الله أن يأخد الحق في كل هؤلاء المجرمين,0,standard,negative
الفرجة,0,standard,positive
العافيه إذا دامت جهلت وإذافقدت عرفت,0,standard,neutral
عيب ندخلو فالخصوصات,1,dialectal,negative
قتل بنادم بديك طريقة جاتك قليلة حشومة عليك,1,dialectal,negative
قريب قريب ان شاء الله,0,standard,neutral
يسعد احساسك الراقي يا رب,0,standard,positive
غادي نخلي ليك رقم الهاتف لمزيد من المعلومات فالخاص و شكرا على التجاوب ديالك,1,dialectal,positive
احلم بما شئت فالله لا يخذل من آمن به,0,standard,positive
خبير دولي يوصي المغرب بفتح قطاعا محتكرا أمام المنافسة,0,standard,neutral
جبتيها في الصميم يا صديقي,1,dialectal,positive
تماما أخي,0,standard,positive
هكا احسن في ظل المصلحة العامة,1,dialectal,positive
تحية من القلب لكل الشعب الجزائري الشقيق نتمنى ربي يحقق مرادكم,0,standard,positive
نعرف أن الغربة تأكل من أجسادنا وتفكيرنا لكننا جربنا الوطن وعرفناه أسد جائع,0,standard,negative
لا يهمني رأيك اساسا اتمنى ان تغلق الباب وراءك بعدما بعدما تخرج من تغريدتي,0,standard,negative
كم أنت كبير يا صلاح,0,standard,positive
اللهم آمين فضلها الله على سائر الأيام,0,standard,positive
داكشي كلشي دوزناه وصلت للملفوف وانا نحصل,1,dialectal,neutral
داكشي لي كاين الله يكمل بيخير,1,dialectal,positive
كذب نسمع بتصريحات من هذا النوع لاكن الأسف كاذبه مثل صاحبها,0,standard,negative
الله الله شكرا بزااااف اطيب انسانة كلمة شكر قليلة ف حقك لم اجد ما اقول معرفت منقوليك والله,0,standard,positive
الامل في المستقبل,0,standard,positive
الانقلاب يجمع عددا من الفاسدين ليقدمهم,0,standard,negative
نوال الزغبي فنانه يعشقها المسرح وما فيه يستغنى عنها,1,dialectal,positive
نحن لسنا هنا,0,standard,neutral
والله إستيراد التفاهة من الغرب,0,standard,negative
العيون تستضيف فعاليات مهرجان الشعر العالمي بكل فخر وحب,0,standard,positive
ليس بشيء لكن هناك أشياء لا تقال,0,standard,neutral
قالو غير هاد العام لجس نبض الجمهور واش يجي و لا يقاطع وحتى انها مجانا وزعت على مدراء الشركات ووو,1,dialectal,neutral
اخويا من ما جيتي توحل و الله يدير تاويل د الخير,1,dialectal,mixed
أنت وصفك بين خلق الله قليل,0,standard,positive
صافي عرفتك,1,dialectal,neutral
باقي ماكملتش المجلة كاملة كانقرا بشوية بشوية قريت واعر بزاف و فهمت برافو في انتظار التتمة ف العدد المقبل,1,dialectal,positive
سمحولينا,1,dialectal,positive
اللهم أنزع السرطان من كل جسد أنهك منه,0,standard,positive
لا تنتظر اهتماما من أحد أسعد نفسك بنفسك كسر كل قيد لا يريحك ابتعد عن كل شيء يحزنك افتخر بطيبة قلبك وأخبر روحك انك تستحق الفرح,0,standard,positive
تشجيع المنتوج المحلي,0,standard,positive
نقص شوية انت من التبرهيش و احترم نفسك,1,dialectal,negative
الأفلام الأمريكية تستحوذ على سوق السينما المغربية,0,standard,neutral
يا سلام على الرشاقة يا سلام,0,standard,positive
أسوأ الفترات هي التي يكون فيها حزنك بينك و بين روحك لا أحد يعلم ما في داخلك لأنك لم تبح و يحسب أنك في نعيم,0,standard,negative
اكيد خويا بالاخص ولاد الدراويش ولمعندهم باش اشروا حتى الحلوه اقول لهم كل سنة وانتم بخير وسعاده يارب العالمين,1,dialectal,positive
سبحان خالق الجمال ماشاءالله,0,standard,positive
الله يخليه ليك,1,dialectal,positive
اللهم امين وانت داعى ولك المثل واكثر يا رب,0,standard,positive
لهلا يخطيك وصافي,1,dialectal,positive
بارك الله فيك,0,standard,positive
أصدق الاقوال مصدرها العيون,0,standard,positive
النفاق مدمر,0,standard,negative
الله يصلح الحال,1,dialectal,positive
هاتفك ذو الاف درهم احسن بكثير,0,standard,positive
الله يرحم من قراك,1,dialectal,positive
الرضا نسمات تمر على القلب تلطفه و تخبرنا أن هنيئا لنا ما نحن فيه,0,standard,positive
شكرا لكم على بذل جهدكم المتواصل بوراهي,0,standard,positive
شكرا لكلامك الطيب الله يكبر بيك و يجبر بخاطرك,0,standard,positive
الكلام لي تيخرج من القلب يصل إلى القلب مباشرة تحية لناس الرجا,1,dialectal,positive
علينا و عليك خويا انس باش ما تمنيتي يا رب,1,dialectal,positive
القضاء الفرنسي شبيه بقضاء دول العربية ةلديكتاتورية,0,standard,negative
وعجلت إليك رب لترضى لم يقل لتعطيني الراحة ولا المال ولا تفريج الكربة ولا رفع البلاء هكذا فقط “لترضى” اجعل شعارك في رمضان وفي غيره وعجلت إليك ربي لترضى سبحان الله وبحمده سبحان الله العظيم,0,standard,positive
هذا الشخص يسعى لنشر الفتنة فقط فكل تغريداته محرضة على الفتن ومعاكسة للعقل البشري,0,standard,negative
هذا ما جلبت علينا كرة القدم جيل ينشأ على كره بعضهم بسبب قطعة جلد لا حول و لا قوة الا بالله,0,standard,negative
اه حتى ف التغريدة ديالي قلت مع احترامي للاقلية و انا ما عممت شفتك بحال الى كتدافعي عليهم انا غيرتي على المغربيات حيت فيهم امي و اختي,1,dialectal,positive
من جنازة الفتاتينن الذين قتلهم المجرمين الارهابيين أمس,0,standard,negative
سؤال حقيقي هذا,1,dialectal,neutral
آمين يا رب,0,standard,positive
يخليك ليلي الله يكبر بك,1,dialectal,positive
نحن البسطاء الذين لا نملك ما نعوز عليه آمالنا الا الصباح نستبشر به رغم كل الظروف البائسة التي تحيط بنا نستيقظ في كل يوم على آمل حدوث أشياء مبهجة تغير الحياة في عيوننا لا نيأس ابدا طالما أن هذه الشمس تشرق والسماء تتلون لنا من بعد السواد وينتشر الدفىء في الهواء,0,standard,positive
اودي كاع هاكاك كاتوقع مرة مرة حتى نتي اقوى مما تظنين,1,dialectal,neutral
اسعد الله يومكم,0,standard,positive
الواقع قلب طيب وقلب كبير,0,standard,positive
حفيظ دراجي مبلوكيك,1,dialectal,neutral
نتيجة محسومة سلفا,0,standard,neutral
قراءة ممتعة,0,standard,positive
ليتك سماء وأطالعك كل ما أشتقت,0,standard,positive
برافو تصدرنا ب اكثر من الف تغريدة جيش سهلاوي القوي يعطيكم الصحة,1,dialectal,positive
انقلاب فاشل في فينزويلا رئيس البرلمان ينصب نفسه رئيسا الجيش يرفض الانقلاب أمريكا وكولومبيا والبرازيل تعترف بالمنقلب رئيسا والاتحاد الأوروبي يدعو للتهدئة ولانتخابات حرة هذا الغرب الامبريالي وضيع جدا,0,standard,negative
إغلاق القنوات سياسة مرفوضة ويجب ألا نقبل بها,0,standard,negative
سفارة المملكة بهولندا تحتفي بمهاجرات مغربيات,0,standard,neutral
المحاسبة مصطلح غير معترف به في بلدنا,0,standard,negative
وصف جميل,0,standard,positive
هاذشي علاش كنلقاو شي نماذج من هذا الجيل جاهل حيث الجذر مواعيش,1,dialectal,negative
بغاو ينشطو ما كاين لاش نحرموهم هاد الطلب و الله ييسر لهم,1,dialectal,positive
الله يشافيها,1,dialectal,positive
مجانين العرب,0,standard,negative
رزقك الله ما تحبين,0,standard,positive
يقصدوني انا,1,dialectal,neutral
الله يوفقها ويوفق الجميع,1,dialectal,positive
الله يخليك على كلامك الطيب,0,standard,positive
كن على اخلاق حتى مع من لا يستحقون,0,standard,mixed
الله يكون معه,1,dialectal,positive
تدوم افراحك يا رب,0,standard,positive
المعنى الحقيقي لاسم عزل,0,standard,neutral
من لا يقبل النقد و ان كان لا منتمي مناقشته لن تطول,0,standard,neutral
كثرة الكتمان تجعل قلوبنا تتأثر من آي شئ,0,standard,negative
الله احفضك ويسر امرك خويا,0,standard,positive
أنت شخص يتحدث كثيرا ويحشر أنفه في كل شيء انت شخص تافه انت لن تستطيع بناء أي شيء لأنك تعتقد أن المال يشتري كل شيء وهذا خطأ انتم في السعودية صحيح تملكون المال لكن ينقصكم العقل,0,standard,negative
والله تعادل بطعم الخسارة,0,standard,mixed
انتي الشمس التي تمد الدفئ بمجرد سطوعها,0,standard,positive
اللهم آمين أجمعين يا رب,0,standard,positive
أختي الصغيرة نسرين كتسلم عليكم,1,dialectal,positive
حاول أن لا تتحدث كثيرا عندما تغضب وسيطر على كلماتك,0,standard,positive
رمضان كريم بالصحة والسلامة إن شاء الله يا رب يكون شهر توبة وشهر مغفرة,0,standard,positive
المهم انت كيف تشوفي راسك اما الناس لا دخل لك بهم,1,dialectal,neutral
إذا شعرت بالألم فأنت حي أما إذا شعرت بألم الآخرين فأنت إنسان,0,standard,positive
أحقر البشر هو من ينكر الجميل بعد أن يأخذ كل جميل,0,standard,negative
فيروسات بشرية للأسف,0,standard,negative
صورة للذكرى مع ناس عرفتهم فقط فالفيسبوك وتلاقيتهم ابن جرير,1,dialectal,positive
هدفي ف هو نزيد نتعلم لغات اخرين بحال الاسبانية و والالمانية ونزيد نحسن الانجليزية,1,dialectal,neutral
راجع كلامك قبل ما تعتذر على جهلك,0,standard,negative
يد واحدة في ارتكاب جرائم وحشية جديدة ضد شعب مصر فى تظاهراته السلمية,0,standard,negative
لكن بيناتنا كانت كتعطي المفعول ديالها,1,dialectal,neutral
أدين بشدة هذه التصرفات الدنيئة,0,standard,negative
الجهل اصل كل الانتكاسات,0,standard,negative
يا راجل اتق الله عيب عيب,0,standard,negative
تصبحين علي خير يا قلبي ليلة سعيدة واحلام جميلة,0,standard,positive
بالتوفيق لقطر,0,standard,positive
رأي الناس فيك لايهم المهم هو رأيك انت حول نفسك,0,standard,neutral
نغرد ولا نتابع,0,standard,neutral
صباحك ورد,0,standard,positive
اينما كانت الاستفادة كنا و اينما حلت حللنا,0,standard,positive
الله يرضي عليك ا بنتي بالبنين و البنات ان شاء الله,1,dialectal,positive
راه شي عشرين تويت ديالهم لي لقيت عندي,1,dialectal,neutral
نعم قلت شكرا,0,standard,positive
أنا البعيد اللي يحبك أكثر من قريبك,0,standard,negative
صدقت الحكمة,0,standard,positive
جعلنا الله واياكم من اهلها اخي الفاضل بارك الله فيك اخي الكريم,0,standard,positive
طبيب الفقراء يعود للواجهة من جديد,0,standard,neutral
الله يحفظاك,1,dialectal,positive
متحف سيدي محمد ينغمس في تاريخ الصويرة,0,standard,neutral
اللهم احفظ المملكة وقيادتها وشعبها واحميها من كل شر وكل فتنه,0,standard,positive
بعض مما عندكم ابا سفيان الرقي عنوان اخر لمرورك الطيب أيها الفاضل,0,standard,positive
تكريمي من طرف جمعية المستقبل للأعمال الإجتماعية والمسرح والسينما إن شاء الله القادم أحلى شكرا,0,standard,positive
قلت نمشي نشجع الفرقة نتاعنا ولكن ك يبان ليا ما مطفرينو اللهم نعيدو ف بلادنا,1,dialectal,mixed
اجتماع خاص لتتبع الوضعية الصحية للاعبي فريق الرجاء,0,standard,neutral
قل لن يصيبنا الا ما كتب الله لنا,0,standard,neutral
ثقافة حنا فالحين غ يشبعوهم عصا حدا البرلمان,1,dialectal,negative
كان كتمارس عليه سلطة القمع و التحقير و ملي توضف بغا يفرخ المكبوثات ديالو في التعليم,1,dialectal,negative
الله اعلم خصوصا مع فرقه صغيره,0,standard,negative
نجرب خير ان شاء الله,0,standard,positive
ميرسي سنة سعيدة عليك حتى نتي ان شاءالله,1,dialectal,positive
سلمت أناملك رائع هو قلمك قلمك سيال كم انت بهي بقلمك اتحفتنا بقلمك لقد وضعت القلم على الجرح شكرا على مرورك,0,standard,positive
لا أتفق معك أنت دائما منحاز للشخص الغني قبح الله وجهكم,0,standard,negative
الله يوفق أختنا الجزائر و الجزائريين في إمتحان الديموقراطية,0,standard,positive
أغلب المنتخبات اللي قدمت مستويات كبيرة فالمونديال كنلقاو عندها مدرب دوز معاها فترة طويلة و تأقلمو معاه اللاعابة و المحيطين بالمنتخب لهذا نطالب الجامعة بالعمل على ابقاء كمدرب لكتيبة الاسود حتى انتهاء عقده مع الاسود,1,dialectal,neutral
للعلم نتكلم عن حالة واقعية,0,standard,neutral
الينايريون الرائعون,1,dialectal,positive
المهم ليس الحفظ بالنسبة لي ولا أريد متعلما يحفظ المعلومات ليقوم بارجاعها لي يوم الامتحان أريد من يفهم الإشكالية الفلسفية ولديه قدرات على التحليل العقلاني والنقد البناء ولابأس إن كان مشاغبا,0,standard,neutral
اعتني بنفسك جيدا,0,standard,positive
لك بالمثل احلام سعيدة,0,standard,positive
بصح و الله,1,dialectal,positive
ممارسة كرة الطاولة وتدريب الواقع المعزز,0,standard,neutral
اش غ يوقع گاع حرري راسك,1,dialectal,positive
هذا حتى هو كيتقام كل سنة فاكادير و هناك دعوة لمقاطعته من قبل ابناء المنطقة,1,dialectal,neutral
الله يجمعنا ولا يفرقنا وهادا الضحك ماعندو حتى معنى والله الا حشومة,1,dialectal,negative
مشاو بعيد,1,dialectal,neutral
الله يغفر لها ويرحمها ويسكنها فسيح جناته,0,standard,positive
مضمنت لك والووو للاسف,1,dialectal,negative
أنا وإياك يارب حفضك الله ورعاك تحياتي واحترامتي,0,standard,positive
كلشي موجود الحمد لله و أنت كيف الحال,1,dialectal,positive
تهميش المواطن واحتقاره,0,standard,negative
يارب توفيقك لتلاميذنا و تلميذاتنا ، اللهم افتح عليهم فتح العارفين و سدد اجاباتهم يارب العالمين امين,0,standard,positive
المغرب هى اصل الطراز والعراقه,0,standard,positive
طريقة تسييره للنادي فاشلة و ليس له المستوى الكافي لتسيره,0,standard,negative
حقيقة الإنسان ليس بما يظهره لك بل بما يفعله لأجلك,0,standard,neutral
أي واحد بغانا ودار اي حاجة باش اوصلنا كنسمحو فيه ونزيدو,1,dialectal,mixed
وليت كانكره الويكاند كون غير يخليوني نفيق وقتما بغيت و نخدم,1,dialectal,negative
عادي جدا,0,standard,neutral
صدقني لم يعد شى في الحياة يدعو لراحة,0,standard,negative
من أعز صديقاتي على تويتر,0,standard,positive
الجائزة تعطى بأي مقاييس الله يخليك,0,standard,positive
الجو حزين مناسب لجونا,0,standard,negative
يسعد ايامك وحياتك يا رب,0,standard,positive
فعايل و نص گالاك,1,dialectal,positive
الصورة لوحدها تخليك متصدقيش,1,dialectal,neutral
يحكى أن منصة السويسي بالرباط فارغة تحية لشعب المداويخ,0,standard,positive
لا يؤمن احدكم حتى يحب لاخيه ما يحب لنفسه وهذا من الخصال الحميدة فيك,0,standard,positive
الراديو وحديث متواصل,0,standard,neutral
شكراا لحبيبة ديالي,1,dialectal,positive
طلبتيها ساهلة,1,dialectal,neutral
هناك سعادة اسميتها أمي رجوتك إلهي لا تذقها حزنا واجعلها اسعد خلقك,0,standard,positive
الله يصاوب ليك ليام,1,dialectal,positive
من طول الغيبات يفقد مكانه,0,standard,negative
اقسم بالله ان العرب اكثر الشعوب تخلفا,0,standard,negative
فعاليات مهرجان السيدة الحرة تنطلق بشفشاون,0,standard,neutral
صافي بما انه السعودية غادي تقاطعنا ودير علينا حصار وداكشي تاكدو بلي كاس افريقيا لينا هاد العام مبروك الاخوان,1,dialectal,mixed
المهم انك بخير و على خير الحمد لله,0,standard,positive
ماتش ديال المرض,1,dialectal,negative
للاسف و لكن بوعي الامهات و الاباء نأمل ان يتغير الحال مستقبلا,0,standard,mixed
اجالس نفسي وارتب افكاري المشوشة,0,standard,neutral
شكرا بزاف اخي نادر بارك الله فيك ويوفقك حتى نتا ويسعدك ويكبر بيك,1,dialectal,positive
لقد كنت أنتظر طويلا,0,standard,neutral
هادي آخر كلمة عندي نكتبها من قلبي والدمعة في عيني,0,standard,negative
ترشيح جثة بوتفليقة,0,standard,negative
مشاكلنا تبدأ عندما نتوقع الكثير من الآخرين,0,standard,negative
صباح أخي محمد نهار مبرووك,1,dialectal,positive
دامت عليك صحة وسلامة,0,standard,positive
استغفر الله واتوب اليه,0,standard,positive
يظنون أن الضوء أسرع ما في الكون أو لا تعلمون أن الدعاء يجتاز المسافة الموجودة بين الأرض والسماء في ثانية,0,standard,positive
هيئة نساء من أجل العربية ترى النور بمراكش,0,standard,neutral
الله ينجينا من العنصرية ختي,1,dialectal,positive
غا ضاحك معاك,1,dialectal,positive
عيب تضحك علي خلق الله قلة أدب,1,dialectal,negative
سبحان اللي خلق الراحه والسعاده بابتسامتها,0,standard,positive
المؤامرة الحقيقية,0,standard,negative
عظم الله اجركم الله يرحمها ويسكنها الجنة,0,standard,positive
و الله الى عندك الحق سير عالله,1,dialectal,positive
باختصار الدوزي يمزج الإيقاعات بلهجة بيضاء,0,standard,neutral
للترفيه فقط أي قصرية يجي بسم الله,1,dialectal,positive
حاول يكون هدفك في الحياة هو إسعاد نفسك,0,standard,positive
الله يعطيك الخير يارب العالمين خويا,0,standard,positive
شكرا على ذوقك,0,standard,positive
اللهم يا أول الأولين وآخر الآخرين وياذا القوة المتين ويا راحم المساكين ويا أرحم الراحمين فك كربنا واصلح فريقنا وان,0,standard,positive
انا لله وانا اليه راجعون,0,standard,neutral
امين اجميع يارب حياك الله اخي الكريم,0,standard,positive
فكرة جميلة لو تم دمج الاسماء فيما بينها نحن لسنا ضد الاسماء الفلسطينية و لكن انصافا لمن كانو سببا في ازدهار المنطقة,0,standard,positive
شعرها الأسود الطويل هو تفاصيل الجمال,0,standard,positive
الصحراء أرض مغربية وقد كانت دائما كذلك,0,standard,neutral
اهم ما جاء في الكتاب العرب متدينون جدا، وفاسدون جدا الحكومة لا تعامل الناس بجدية، بل تسخر منهم وتضحك عليهم في مجتمع كمجتمعنا المجتمع الياباني نضيف حقائق جديدة، بينما يكتفي العربي باستعادة الحقائق التي اكتشفها في الماضي البعيد,0,standard,neutral
اللهم آمين بارك الله فيكم سيدي,0,standard,positive
امين يا ربي,1,dialectal,positive
من يحرث الخير يحصد الخير ومن يحرث شر يحصد شر,0,standard,mixed
ربي يخليك حبية حتى الله يسعدك و يهنئ قلبك,1,dialectal,positive
صباحكم تفاؤل,0,standard,positive
ممكن تعطينا المدينة لكي نحدد من بامكانه تسلمها منك وشكرا جزيلا,0,standard,positive
ربما بعض السكريات احسن و تعوض دور القهوة,0,standard,positive
بصحتك و راحتك,1,dialectal,positive
وجهك يشابه للقمر في كماله,0,standard,positive
سبحان مغير الاحوال,0,standard,positive
واخا يا لالة,1,dialectal,positive
أحسن تعليق,0,standard,positive
الأيام دول فليفرح بفعلته لكن أن يسلم فلا أضمن له و لو بعد حين,0,standard,mixed
الله يسعد قلبك يا روح حسناء انتي ويحفظ كرامتك وحياتك وقلبك الطيب,0,standard,positive
قصدك روعة,0,standard,positive
لقتيه بعدا باش تخليه,1,dialectal,neutral
الحمدلله لا هدايا ولا اتصالات ولا ازعاج,0,standard,positive
أجمل إحساس عندي فاش كنطلع فوق الخشبة وكنغني قدام بزاف ديال الناس و كيفرحو وكيغنيو معايا كنتمنى نكون ديما عدد حسن الظن ديالكم احبكم حبابي,1,dialectal,positive
خير مثال الحكام العرب,0,standard,positive
لاروع و اجمل و احلى صديقاتي على تويتر,0,standard,positive
مسولوش عليك باش نقولها ليهم,1,dialectal,neutral
التفاصيل بالقصة,0,standard,neutral
ما دام الله يسمعني ، سأتمنى,0,standard,positive
الله يبارك فيك شكرا,0,standard,positive
من الأفضل لريال مدريد نسيان هذا الموسم والتركيز على اللاعبين الذين سيدعم بهم صفوفه للموسم المقبل,0,standard,neutral
اين انتم ياقوم,0,standard,neutral
مريم ماهذا التشاؤم,0,standard,negative
المشكل اللي عندكم كان عندنا في المغرب قبل ان يحل الاتحاد بأكمله و لكن خاليو لينا المدرب راه باغينو للقدام تقبلي مروري,1,dialectal,mixed
هل يوجد تلوج بإفران حاليا,0,standard,neutral
المخزن والتراكتور وجهان لعملة واحدة,1,dialectal,negative
دارو لينا ا الارهاب ا خاي,1,dialectal,negative
يكون خير,1,dialectal,positive
للي خايب لراسه و للي مزيون ليه والناس,1,dialectal,neutral
سنة امازيغية سعيدة,0,standard,positive
الإخوان جماعة إرهابية وهم من قتلوا ابني,0,standard,negative
نص كلامك الاول صحيح و عاجبني والنص الاخر كنختلف معاك فيه حيت وخا تكون افعال غريبة لكن تاحد عندو الحق يتاجر بالوطنية ويقول لشي حد نتا وطني او خاين وكلنا بحال بحال,1,dialectal,mixed
دي ليخت يقترب كثيرا من الانضمام إلى برشلونة,0,standard,neutral
انا لله وانا اليه راجعون رحمة الله على الجميع,0,standard,positive
لا يعرف الله حتى يتقيه عليه من الله ما يستحق,0,standard,negative
غش في غش إلى أين بهذه البلاد البئيسة,0,standard,negative
كن بالحياة انسان بسيط متواضع حتى وإذ تكون مظلوما ولا تتعالى على خلق الله ذلك لتكسب رضا الخالق والمخلوق وتتدخل الجنه خالدا فيها,0,standard,positive
صباح التوكل على الله,0,standard,positive
شي مقزز فعلا,0,standard,negative
لم ذلك و الله اني لا اعرف و علاش بالضبط غير المغربيات بغض النظر على الطماعات الله احسن العوان كانو يديروا سعوديات احسن يعالجو غ مجتمعهم و لكن راهم بالغو بزاف,1,dialectal,negative
يسعد صباحك بارككي الله و يسر امركي و اسعد قلبكي,0,standard,positive
تشبيه واعر,1,dialectal,positive
وفي ظلكم سيادة الرئيس أخبرنا عن حال القضاء,0,standard,neutral
رغم ذلك خلينا نقولو مبرووك,1,dialectal,positive
اتقي الله في خلق الله و حاولي تكسبي اجر و تواب اليوم الجمعة انصحك تستغفري ربك بين العصر و المغرب,1,dialectal,positive
في الدول الاخرى الشخص الواحد يعمل لصالح الامة و في الوطن العربي الامة تعمل لصالح شخص واحد,0,standard,neutral
داكوغ شكرا على النصيحة,1,dialectal,positive
عن اي قمة اقتصادية يتحدثون الله يلعن للي ما يحشم,1,dialectal,negative
لا تقل في الناس مالا تحب أن يقال فيك,0,standard,neutral
الله يفاجيها عليك أخويا,1,dialectal,positive
انا ماكرهت نمشي ونتفرج,1,dialectal,neutral
صلى الله عليه وسلم,0,standard,positive
هو الذي سيطر و لكنه انهزم هذا هو حال المنتخبات العربية و من ورائها الانظمة و الدول العربية,0,standard,negative
مرحبا بالإدارة العامة للأمن الوطني على شبكة التواصل الاجتماعي تويتر,0,standard,positive
خسئو و خسئ نفاقهم,0,standard,negative
جزاك آلله الجنة,0,standard,positive
تفكيك خلية إرهابية تتكون من ستة عناصر متطرفة,0,standard,negative
مقطع روعة تروع,0,standard,positive
العثماني يفتتح معرض الكتاب والثقافة,0,standard,neutral
منتخبنا الوطني في كلمة واحدة فرض على العالم الرياضي احترامه,0,standard,positive
جائزه نوبل للوفاء والتحدي تمنح وبكل افتخار لفانز النجمه سهيلة,0,standard,positive
اللهم آمين يا رب,0,standard,positive
لك الأجر ضعفين,0,standard,positive
تصبحون على رحمة,0,standard,positive
خمس دقائق من جحيم,0,standard,negative
لعنة الله عليك إلى يوم الدين,0,standard,negative
الله يبار ليا فيك و يفرح قبلك حبيبة,1,dialectal,positive
اللهم حبب إلى قلبي الإيمان والقران ومجالس الصالحين,0,standard,positive
الحياة الطيبة وعدم الضلال والشقاء متحققان لمن اتبع منهج الله من عمل صالحا من ذكر أو أنثى وهو مؤمن فلنحيينه حياة طيبة,0,standard,positive
يعني عاودي علقي عليها بتعليق جديد لتعاود الظهور مجرد خطوة بسيطة تقدر تنجح تقدر لا,1,dialectal,neutral
قبل الإقلاع فكر في الهبوط,0,standard,neutral
تعلموا الحب أولآ ثم أصنعوا له عيدآ مول تغريدة,0,standard,positive
بصحة والراحة,1,dialectal,positive
اكثر بلد استفادة من افريقيا تبا لهم تبا لهم,0,standard,positive
عيونه سماي وقلبه أكبر أوطاني,0,standard,positive
احساس رائع,0,standard,positive
اشكرك على المعلومة و أشكر مرورك الكريم,0,standard,positive
الرجل الذي يعيش على حساب كسب المراة,0,standard,neutral
من بغى القرب ما تعذر بالظروف,0,standard,neutral
ما من رجل عظيم يصادفني في الحياة إلا وأجزم في الحال أن والدته أكثر عظمة منه,0,standard,positive
تستاهل,1,dialectal,positive
سلمت سيدي,0,standard,positive
سبحان الله الحمد لله لا إله إلا الله الله أكبر لا حول ولا قوة إلا بالله,0,standard,neutral
صحيح ان هناك فرق كبير,0,standard,positive
صناعة الكذب,0,standard,negative
فلنوزع الحب,0,standard,positive
تربية الحمام الزاجل هواية الملوك تجتذب شباب زواغة بفاس,0,standard,neutral
سلمان العودة العالم الرباني والمفكر الإسلامي صاحب الأفكار النيرة مهدد بالإعدام لكن ذلك لن يمحي أثره الطيب ولن يزيد محبيه ومقدريه إلا انكبابا على كتبه وأفكاره,0,standard,positive
يا رب,0,standard,positive
رجع قرا ماغانعاودش,1,dialectal,neutral
فعلا الله كريم بعباده,0,standard,positive
√•° إذا كانت الفرحة في قلوب الأخرين تسعدك فأنت إنسان,0,standard,positive
سعيد جدا برؤية حسابك وأتمنى استمراره,0,standard,positive
شفت الهنا بكونك وامسيت بك مفتون,0,standard,positive
عندهم ثقافة اعتياد للقبح ثقافة اعتياد للقذارة,0,standard,negative
الحمد لله العودة للصدارة و روح الفريق موجودة,0,standard,positive
ما بقاش يحشم,1,dialectal,negative
تقدير موقف حول قرار ترامب الانسحاب من سوريا,0,standard,neutral
لا تعليق,0,standard,neutral
كن حامدا فقد سمع الله لمن حمده,0,standard,positive
الابداع مكينجحش فلمغرب,1,dialectal,negative
اذن حسن يبقى ساكت غادي غ يفشلنا,1,dialectal,negative
لا تحكم على اختياراتي اذا لم تكن تعرف أسبابي ولا تحكم على أسبابي لأنك لم تعش حياتي,0,standard,neutral
هل يفتتح دونور أبوابه شهر أبريل المقبل,0,standard,neutral
كان العرب قديما,0,standard,neutral
هو يستاهل وحنا مالين الخير,1,dialectal,positive
ترأس عباس الفاسي للحكومة بحد ذاته إنجاز,0,standard,positive
عرفت غير كنضحك حيث كتشبه ليها,1,dialectal,positive
مازلت متعطشا لهذا الاسلوب الجميل,0,standard,positive
يا أخى عيب عليك لما تعمل,0,standard,negative
قرار صائب اتمنى ان الاخرين يحدون حدوك هدا ما حاولنا قوله من زمان فقمعونا و عتبرونا معاقين عقليا,0,standard,mixed
من الصعب ان تكتب شيئا الآن حول المباراة قلوبنا مع المنتخب,0,standard,mixed
شكرا على توضيح,0,standard,positive
عاجل من خنيفرة انباء عن تعرض إحدى حافلات الكرامة للسرقة من طرف جمهور النادي القنيطري,0,standard,negative
المشكلة أن الأساتذة الجامعيين مكيناقشوش البحوث مع الطلبة لوكانت المناقشة سيتم اكتشاف الخلل,0,standard,negative
هذا هو الإرهاب الحقيقي الذي يتهمونه به زورا ويتلقفه بعض العرب والمسلمين الأغبياء,0,standard,negative
لعمري ما ضاقت بلاد بأهلها ولكن أخلاق الرجال تضيق,1,dialectal,negative
اعلن الانسحاب يا فاشل,0,standard,negative
ملي تشوف بحال هاد الصورة نفقد امل فالبلاد,1,dialectal,negative
هذا يتوقف على مدى إنسجام الزوجين,1,dialectal,neutral
والله كثرة علينا الفضائح هذه ايام,1,dialectal,negative
مامحسوبة لا علينا ولا عليكم,1,dialectal,neutral
و لنا في قصة الخضير و موسى عليه و على رسولنا السلام خير دليل و عبرة لاننا لا نعلم الحكمة من الشيء الا اذا تبينت لنا,0,standard,positive
كل عام وانت سعيد وجميل باختلافك,0,standard,positive
إذا جاءك المهموم أنصت وإذا جاءك المعتدر اصفح وإذا قصدك المحتاج انفق ليس المطلوب أن يكون في جيبك مصحف ولكن المطلوب أن تكون في أخلاقك آية,0,standard,positive
فعلا هناك مثل اسباني يقول لا تعتذر عما فعلت لكن لا تقم بفعله مرة أخرى,0,standard,neutral
كل انسان يتمنى ان يكون وطنه افضل الاوطان,0,standard,neutral
فمدينة تارودانت لقاو جوج خوت ميتين فدارهم الاخ فمرو سنة مصاب بالشلل و الاخت اصغر منو هي اللي مقابلاه الخطير فالأمر ان الوفاة ديالهم دازت عليها أشهر و لكم أن تستغربوا الرسول صل الله عليه وسلم اوصانا بالجار حتى كاد أن يورثه و أوصانا بزيارة المريض و ما له من فضل,1,dialectal,negative
عدو من اعداء المغرب و تبا له و لهم جميعا,0,standard,negative
الله يشافيك اختي مايكون باس,1,dialectal,positive
قلوبنا لبعض ، لو بينا ألف بعد,0,standard,positive
ما اجتمعت السمنة والعقل في جسم واحد قط,0,standard,neutral
موجودون لكن التعاطي معهم هو القليل,0,standard,neutral
يارب العباد وفق الاتحاد,0,standard,positive
هذا شرط قديم,0,standard,neutral
الحمد لله الحفل داز مزيان شكرا ناس مدينة البهجة مراكش,1,dialectal,positive
المحرقة أبشع جريمة بالتاريخ الحديث,0,standard,negative
ندوة بتطوان تقارب تمثلات المرأة في وسائل الإعلام,0,standard,neutral
بنشماش حزب البام يحتاج إلى انبعاث جديد,0,standard,neutral
الله يهدي ماخلق وصافي حتى شي وحدين مطيحين علينا الدل,1,dialectal,negative
الصورة لا تحتاج لتعليق,0,standard,neutral
الصورة هاد تستحق الاوسكار,0,standard,positive
مصاب راه قاليك حول العالم و حظوظي شبه منعدمة,0,standard,negative
اعتقاد خاطئ,0,standard,negative
اطال الله لك في عمرها,0,standard,positive
يسعد أوقاتكم,0,standard,positive
عنوان للفن الراقي,0,standard,positive
رحم الله هذا الشعب الذي يفقد حياته فوق السكك الحديدية وعلى مثن قوارب الموت وداخل آلات الطحن,0,standard,negative
يتسابقون إلى جهنم للأسف,0,standard,negative
تهنيت من وجع الراس,1,dialectal,positive
اللهم احفظ هذا البلد وأهله,0,standard,positive
الملكي يحكم العالم,0,standard,positive
الدولة ما يمكنش تدير كلشي و الى بقينا نتسناوها بقينا هنا,1,dialectal,neutral
حكيمة ومبدعة وقلمك رائع ربي يحفظك,0,standard,positive
بحالكم لي خرجو علينا في هذه البلاد المثالية الخاوية,1,dialectal,negative
العلاقة جدلية لو لم يكن الجهل لما كان الاستبداد ولو لم يكن الاستبداد ماكان الجهل بقدر ماتصنع الشعوب اصنامها بقدر ماتساهم هذه الأصنام في ترسيخ التبعية والجهل,0,standard,negative
موضوع مهم,0,standard,positive
الشاي المغربي الموجود فى مقهى الحافة الشهيرة بمدينة هرقل طنجة الفاتنة,0,standard,positive
الحمد لله سول فيك الخير,1,dialectal,positive
سخافات وتخلف شباب المستقبل,0,standard,negative
أخلاقياتك هي رصيدك عند الناس فأحسن عملك وخلقك تكن أغنى الأغنياء وإن أردت الإشهار بإفلاسك فسوء خلقك يدعمك لذلك,0,standard,negative
شكرا بزاف تفكرتوني فعيد ميلادي فاليوم لي ولدوني فيه جوج ديال الناس الواليدين الله يطول فعمرهم,1,dialectal,positive
عندي شيء حصري لعالم البرمجة باذن الله,0,standard,neutral
خلك شخص مايفرض نفسه على أي أحد,0,standard,neutral
كل من ينزل مظاهرة بسلاح أيا كان انتماءه السياسي هو مشروع قاتل يجب محاكمته,0,standard,negative
لو تكثر أشيائي الجميله أنت أجملها,0,standard,positive
سبحان الذي بيده ملكوت كل شيء,0,standard,neutral
واذا أردت الشيء يدوم لا تتحدث عنه,0,standard,neutral
كلنا حزينون,0,standard,negative
بطبيعة الحال مافهمت والو انا,1,dialectal,neutral
اصعبهم كتم الضحكة,0,standard,neutral
الله يسعد عمرك تستحقي كل ما هو جميل,0,standard,positive
الذكريات التي لا تموت ، تميت,0,standard,negative
الحب شيء جميل لكننا نفتقد إلى شروطه,0,standard,mixed
الناس السوس طيبين,1,dialectal,positive
ديما مرتاح,1,dialectal,positive
كل الأشياء قابله للتغيير ، أولها ذلك الذي تستثنيه دائما,0,standard,neutral
نعم لدي صديقات من الطفولة,0,standard,neutral
أ لإهمال اهتمام كا,0,standard,negative
ماشي ديما بعض العلاقات تلزم الاهتمام,1,dialectal,neutral
الحمد لله على نعمة الامن و الامان,0,standard,positive
أرجو منك أن تخبرني برأيك عني بصراحة فأنا لن أتعرف على هويتك,0,standard,positive
حبيب العين والبسمه حبيب الليل واشواقي حبيب قلبي الهايم ونور عيوني,0,standard,positive
اه و هما يقولو باللي مهرجان الثقافات اسيدي جيب بنتك و مرتك تما وسط الجموع و شوف واس ترضى بهداك الذل,1,dialectal,negative
العفو هذا اقل شيء ممكن نقدمه لكم,0,standard,positive
واحدة من كوارث كتيرة عملها حكم الإخوان فى شهور,0,standard,negative
ثانوية بالمحمدية تكرم متقاعدين وتحتفي بمتفوقين,0,standard,positive
هادي شحال من نهار و انا باغة نمشي نتبرع بالدم و لكن ماكنلقاش كيفاش هاد الكارافان لي قريبة ليا كايبداو معطلين ف الصباح و كايساليو بكري قبل مانخرج من الخدمة و ماكاينينش الويكاند و يقولك كاين خصاص ف بنك الدم,1,dialectal,neutral
ظننت بك خيرا ف خذلتني,0,standard,mixed
الحكومة الحالية غير قادرة على إتخاذ قرارات وهي حكومة فاشلة,0,standard,negative
أبتسم للكلام الحلو بس لا تصدقه,0,standard,positive
هذا من اصلك الطيب و معدنك الصافي اخي الكريم,1,dialectal,positive
خيبت ظني ليتني ما حبيتك,0,standard,negative
وا تا سير حشم على رجولتك,1,dialectal,negative
و اخيرا نحن فقط نضع احتمالات لما نراه,0,standard,neutral
من قال لك أنهم يكرهون بعدهم الكوريتين مثل الجزائر و المغرب الشعب يحب بضعه البعض لكن الحكومات شيء آخر,1,dialectal,mixed
اللهم إني اسألك طمأنينة دائمة وشغفا لا ينقطع,0,standard,positive
الهضرة ماتشري خضرة حتى نجيو للتطبيق,1,dialectal,neutral
اللهم صل وسلم وبارك على نبينا محمد و على آله وصحبه أجمعين,0,standard,neutral
الإصرار على التفاؤل قد يصنع ما كان مستحيلا,0,standard,positive
قيل ليوسف و هو في السجن إنا نراك من المحسنين وقيل له وهو على خزائن مصر إنا نراك من المحسنين المعدن النقي لا تغيره الأحوال الثبات على المبدأ من شيم الرجال اسعد الله اوقاتكم بالطاعات,0,standard,positive
أستاذ في تجارة القرب والخدمات,0,standard,neutral
الثقة في النفس تبارك الله عليك,1,dialectal,positive
ممكن جدا اغلبنا كنا كسالى في الاعراب و النحو و الصرف,0,standard,positive
نفس الشي حتى انا,1,dialectal,neutral
جميل ان تقفز الحكومة فوق انجاز وينسبوه لنفسهم لكن الجميع يعلم حقيقة الأمر مجرد اجتهاد شخصي من عائلة طموحة تريد الافضل للطفلة الصغيرة ولو اعتمدوا على التعليم الحكومي لما سمعنا بانجاز مريم فكفاكم عبثا,0,standard,mixed
من انت حتى تتحدث عن المسلمون لعنة الله عليك,0,standard,negative
لا استطيع للاسف,0,standard,negative
صحيح كلامك وجب التصدي له و بشتى الطرق,0,standard,positive
داكشي لي قلت حتى انا,1,dialectal,neutral
كلام صحيح,0,standard,positive
فعلا جميلة لكن هيهات لغتنا فرطنا فيها و اصبح تكلم الاجنبية معيار لثقافة و وعي الفرد علما ان لغتنا من اكمل و اوسع اللغات قاموسا,0,standard,mixed
هادي تصويرتنا كاملين,1,dialectal,neutral
عيدكم مبارك سعيد,0,standard,positive
الحلي المغربية بهجة النفوس و سحر العيون,0,standard,positive
قنوع بكل شي إلا بوصالك أنا طماع,0,standard,mixed
بعد منتصف الليل يسقط الكبرياء ، ويحيى الحنين,0,standard,positive
اللهم ان هذا منكر,0,standard,negative
انا اصلا غ من المتفرجين النتيجة اللي كانت مرحبا,1,dialectal,neutral
إذا غاب الإهتمام اصبح الرحيل واجبا,0,standard,negative
قلبي مبخرة حنين كلما استعرت الذكرى تصاعد دخانها,0,standard,positive
قررنا إرسال أدوية إلى أفريقيا و هذا عمل إنساني جيد لكن المشكلة أنه كتب عليها بعد الأكل تشارلز بوكوفسكي,0,standard,mixed
حفضك الله اغلى ناس حشومة عليك تقولي نتهناو منك,1,dialectal,mixed
اعرف انك تعرف,0,standard,neutral
الكل تساءل عن اللعنة التي حلت بالعرب في المونديال هل هي حقا لعنة ام ما اراه اننا نحن العرب نشفق على انفسنا كثيرا و لا نسمي الامور بمسمياتها عن اي لعنة تتكلم و انت اتيحت لك فرص لتصيب الخصم بلعنة ما بعدها لعنة نصيبنا من الاحتراف كان الاسم فقط,0,standard,negative
هذه الجريمه البشعه,0,standard,negative
بقى فيا الحال,1,dialectal,negative
كلمة وحدة زوينة تقدر تبدل ليا نهاري كامل و يولي زوين واخا مافيه مايتشاف وحق الله,1,dialectal,positive
حتى الضباب زادها جمالا,0,standard,positive
لاتنسو قراءة سورة الكهف,0,standard,neutral
مستعدة على بركة الله,0,standard,positive
تحياتي لك خويا,1,dialectal,positive
ربي واش مكتحشموس يا إعلام العار,1,dialectal,negative
ارجو له الشفاء العاجل يارب,0,standard,positive
اللهم خفف عن كل مريض ألمه وإشفي مرضانا ومرضى المسلمين أجمعين,0,standard,positive
هناك سور كبير من زمن الاستعمار الفرنسي,0,standard,neutral
الإنسان مسير في ما لا يعلم و مخير في ما يعلم و الله أعلم,0,standard,neutral
عداء الانقلاب لكل ما يتعلق بالاسلام فظيع,0,standard,negative
اكبر من القلب يعني و احسن حفظا,0,standard,positive
بمناسبة هل تغير المغرب إلى الأحسن أم الأسوإ في رأيي أنه جاب دورة على راسو ورجع لبلاصتو ديال,1,dialectal,neutral
كاتشوف شي شاف ولا مدير قبيح بزاف و ستخيكت و كايزيد فيه ف الزيار كاتقول او هدا مالو على هادشي كامل نهار ماكايكونش و كتشوف فعايل شي وحدين كاتفهمو عارف راسو معامن,1,dialectal,negative
دعوة حب,0,standard,positive
مدينة رائعة,0,standard,positive
نعم صامدون مستمرون ثابتون وللمواد مقاطعون إلى آجل غير مسمى آنا مواطن مغربي من المداويخ بغيت حقي من ترواث البلاد والفوسفاط ماشي قفة الذل,0,standard,positive
اللهم ارزقنا إجابة الدعاء وصلاح الأبناء وبركة العطاء اللهم اكتب لنا محو الذنوب وستر العيوب ولين القلوب وتفريج الهموم وتيسير الأمور اللهم امين,0,standard,positive
في الليلة الظلماء يفتقد البدر لقائلها على السلامة خويا أنس,0,standard,positive
ضعيهم في سلة مهملاتك,0,standard,neutral
تصبحون على ما تستحقون,1,dialectal,positive
وقد قيل من سقطت كلفته دامت ألفته ، ومن خفت مؤنته دامت مودته مع تحياتي,0,standard,positive
راه غا كايعلمهم أهم درس فالحياة,1,dialectal,neutral
وزير التربية الوطنية يعول على الأساتذة لتقليص زمن الهدر المدرسي,0,standard,neutral
كتعجبني بحال هادي المبادرات,1,dialectal,positive
البيت الأبيض يوصي برفض قرار ضد دعم السعودية,0,standard,neutral
يجب ان تصبح عادة و غ نبقاو متبعينها اختي عائشة الى ان تصبح عبادة حنا المغاربة معروف علينا نقدسو بحال هاد المسائل,1,dialectal,neutral
من عاشر البدر صعب ترضيه النجوم,0,standard,mixed
سقاني صوتك البارح مرار الجرح والترحال,0,standard,positive
مبروك لمصر اللقب قبل أن تلعب البطولة يستاهلوا إخواننا المصريين,1,dialectal,positive
مشاكل الله يصاوب و صافي,1,dialectal,mixed
مبرووك لكن لنا عودة و اللي يستحق يفوز نهنؤه,1,dialectal,positive
روعة الكلام والمنطق الابداعي,0,standard,positive
رسميا إقالة خورخي سامباولي من تدريب منتخب كما كان متوقعا,0,standard,neutral
كرسي واعر,1,dialectal,positive
و باش يكمل هاد الصباح نسمعو لفيروز,1,dialectal,positive
كونوا على يقين أن اليد الممتدة إلى السماء لاتعود فارغة أبدا,0,standard,positive
لاتتخذ قرارا وأنت غاضب ولا تقدم وعدا وانت في قمة الفرح,0,standard,positive
اللهم إنا نسألك عيشة نقية,0,standard,positive
هذا غير حلم واحد من بين احلام كثيرة,1,dialectal,neutral
ربما كتب الله لك نصيبا أفضل,0,standard,positive
الحمدالله ياربي علي كلشي,1,dialectal,positive
نشاط اليوم الأول لرحلة الكناري,0,standard,neutral
قالو مع الوقت تنساه ، ومرت سنه ما غاب عن بالي,0,standard,negative
الذكاء الاصطناعي يغزو عالم السيارات اطمئنان قيادة ويسر وأمان,0,standard,positive
محظوظين جدا جمهور السيتي بهذا المدرب,0,standard,positive
بغيت نمشي نفطر حدا البحر,1,dialectal,neutral
هذه هي الحياة شئت أم أبيت لن تتعافى دون أن تتألم ولن تتعلم دون أن تخطيء ولن تنجح دون أن تفقد,0,standard,neutral
بحالنا بحالكم,1,dialectal,neutral
ايواا هادي خبار زينه,1,dialectal,positive
صباحكم مبروك زوينين,1,dialectal,positive
أحيانا مواقف تتطلب منها القوة للدفاع عن نفسها,0,standard,neutral
الله يرحمه ويسكنه فسيح جناته,0,standard,positive
انا كانبغي كيما نتعامل معاك تعامل معايا,1,dialectal,positive
مؤامره معروفه ضد الشرفاء في هذا البلد,0,standard,negative
عيد سعيد,0,standard,positive
واااضح وضوح الشمس,0,standard,positive
ربما في هذه المباريات,0,standard,neutral
اعترف من اين لك هذا,1,dialectal,neutral
اصعب شعور والله الحزن و الندم,0,standard,negative
مكرهتش ولكن الظروف لا تسمح,1,dialectal,negative
أختي حبيبتي نسرين أحبك وسأبقى أحبك إلى الأبد قولو ليها بصحة البيسيكليت,1,dialectal,positive
صباح الخير والتفائل,0,standard,positive
تا انا كتعجبيني ا سعاد ه — اليوم العالمي للاعجاب,1,dialectal,positive
كيف الحال و الأحوال,0,standard,neutral
سافري و لكن بذكائك,0,standard,positive
شخص آخر,0,standard,neutral
ربي كبير الحمد لله على كل حال,1,dialectal,positive
مكانهم بالجحيم,0,standard,negative
انا معنديش مشكل فالتعريف بهاد النوع ديال المبادرات بدون قراءة النوايا غي ميكونش التغليط,1,dialectal,positive
هي الحياة هكذا,0,standard,neutral
الله يحسن اليك اخي الفاضل,0,standard,positive
اللهم أجرني من موت الغفله ولا تأخذني من الدنيا إلا وأنت راض عني يارب العالمين,0,standard,positive
يبان لي الشرطي ما حرك شفتيه عاودي الفيديو,1,dialectal,neutral
لنا و لكم سيدي الكريم,0,standard,positive
جيل منحوس ياختي,1,dialectal,negative
لا يستطيع أحد أن يحرس عزلته إذا لم يعرف كيف يكون بغيضا,0,standard,neutral
كيف بدا شكل شبكة الإنترنت العالمية قبل عاما,0,standard,neutral
المسيح عليه السلام كان ينشر العبادة بدون شرك بالله,0,standard,positive
ظلم هذا,1,dialectal,negative
للاسف هؤلاء القوم لا يريدون ان يتعظوا,0,standard,negative
حظا موفقا,0,standard,positive
أتركها تأتي كما كتبها الله لك لعلها تأتي كما تمناها قلبك,0,standard,positive
حتى انا مهضرتش على الجودة بل للعكس ذميتها,1,dialectal,negative
ابدا قلت لك نت على راسي و عيني ولد بلادي و نعتز بيك,1,dialectal,positive
يسلم عليك الخير,0,standard,positive
ممتاز,0,standard,positive
البرنامج فاشل جدا,0,standard,negative
اللهم إنك تعلم عيوبنا فاسترها وتعلم حاجاتنا فاقضها كفى بك وليا وكفى بك نصيرا,0,standard,positive
و تعليق أكثر من رائع,0,standard,positive
امين يارب العالمين غاليتي يحفظ لك لعزاز على قلبك يا رب,1,dialectal,positive
ربما لها مصداقية على صباح الخير و السلام عليكم,0,standard,positive
كيف تشعر كونك أكثر ألماني محبوب في إنجلترا,0,standard,positive
ثلاثة أسابيع كافية ليخرج الرئيس ويتحدث عن عدد من الإجراءات لحركة الاحتجاج أما نخن في المغرب عدد السينيين ونحن نحتج ولم يسمعنا أحد زيادة على عدد كبير من الزيادات الصاروخية في الأسعار,0,standard,negative
صباح الخير عليكم,0,standard,positive
اعتذر لنفسي على سوء اختياري لبعض البشر,0,standard,mixed
من المؤسف حقا أن تبحت عن الصدق في عصر الخيانة,0,standard,negative
كل عمل المحبوب محمود,0,standard,positive
من نتائج انتصار العثماني إعلاميا على الدارجة حسمه دعم كل برلمان البيجيدي حتى قبل انعقاده,0,standard,neutral
الله يكثر من مثالو,1,dialectal,positive
حافلة المستقبل مليئة بالمفاجآت,0,standard,neutral
آمييين يا رب,0,standard,positive
ما تفعله قناة الجزيرة هو إعلان حرب على مصر و لا يمكن السكوت عليه,0,standard,negative
بلا ماتمشي غادي إنوص غالصداع الحجر غادي إنوض عاوتاني,1,dialectal,negative
لا تعرف السبب بعد,0,standard,neutral
أن أرى كل بلاد العرب يدا واحدة,0,standard,positive
دائما هناك فرح مختبيء ينتظر إستغفارا ليظهر,0,standard,positive
المذيعة ترفع ورقة امام الضيف ليقرأ منها اعلام العار,0,standard,negative
كل عام وانتم بخير,0,standard,positive
من المؤلم أن يؤلمك من تخشى عليه من الألم,0,standard,negative
حنا كانعتابروهم خوتنا و احبابنا و لكن هم قليلي الأصل المنافيقين لا يعترفون بالجميل,1,dialectal,mixed
أصبحنا وأصبح الملك لله والحمدلله لاإله إلا الله وحده لاشريك له,0,standard,positive
وقيلا داوي من تجربة شخصية,1,dialectal,neutral
حب الذات الوالدين نعمة الاسلام,0,standard,positive
ماشي كلشي عندو فابور,1,dialectal,neutral
نفهم من كلامك بلي حنا اصل المشكل,1,dialectal,negative
أول واحد غا نبلوكيه هو هاد السيد مكيعرفش يناقش كتشدوا من هنا كيجبد ليه حوايج اخرين كتحول معاه فيهم كيبدل ثاني,1,dialectal,negative
وماذا تقول سيادتكم عن الزيادة المرتقبة في السكر و الزبدة,0,standard,negative
لا لا الله يحفظ,1,dialectal,negative
الحمد لله كلشي داز زوين تسناو الڤيديو كنبغيكم,1,dialectal,positive
فهمت ماقصدتيه ولايسعنا الا ان نقول حسبنا الله ونعم الوكيل,1,dialectal,mixed
والله لنقف يوم القيامة لنحاسبك يا قاهر,0,standard,negative
مرحبا بك من جديد وعلى سلامتك,0,standard,positive
تحية لهاذ ا الساحر صوت لن يتكرر,0,standard,positive
خرج مرفوع الرأس في انتظار تكرار المشهد,0,standard,positive
ونعم الصحبة الصالحة خيرها يأتيك في السر والعلان,0,standard,positive
اهتمام احترام وفاء,0,standard,positive
شركات مغربية تستعد لرمضان برفع استيراد تمور تونسية ومصرية,0,standard,neutral
ايه غدا عندو العرس مازال تنفكر اش لبس في الفرح,1,dialectal,neutral
إذا ضحك أحس ان الحزن كذبه,0,standard,mixed
لا افراط و لا تفريط هذا المقصود ياااااك,1,dialectal,neutral
كان من المغردين اامحترمين الله يرحمو ويوسع عليه ويسكنه فسيح جناته,0,standard,positive
لا يشغلني من أساء إلي فلست أجاريه إنما يشغلني من أحسن إلي كيف أجازيه أسعد الله يومكم بكل خير,0,standard,positive
الحمدلله على أصغر النعم و أكبرها,0,standard,positive
مما جاءفي كتاب فك الله اسره انظر مثلا كيف لو أن المليارات التي قبضها المخلوع صالح أنفقوها على الشعب اليمني مباشرة، وكيف لوأن المليارات التي أعطوها السيسي وبن علي وبن جديد وحفتر أنفقوها مباشرة على الشعوب، ودعوها إلى الله لا إلى القومية، ولاإلى التعري والدياثة والسياحة,0,standard,neutral
في قمة الروعة,0,standard,positive
إن شاء الله,0,standard,positive
الاغنية زوينة,1,dialectal,positive
آمين يا رب وياكي,0,standard,positive
في سؤال لأحد المفكرين الغربيين حول اول اجراء يجب ان تتخذه الدول المستقلة حديثا اجاب دونما تفكير يجب عليها ان تعين محاسبا آمنت دوما بعمق هاته الفكرة، الفساد سوسة تنخر أسس الاوطان، لكن البارحة غيرت الفكرة جدريا، اول ما يجب تعيينه هو عادل,0,standard,neutral
تبا لهم و لامثالهم,0,standard,negative
أصبحت بمزاج هادئ لكن هاد ابن الكلب عصبني,1,dialectal,mixed
الاستمرارية في الانتصارات مهمة وترفع معنويات اللاعبين الان وصلنا للنقطة وباقي عندنا ماتش مؤجل الا ربحناه غادي نوصلو نقطة في المركز الثاني والمتصدر بعيد علينا بثلاث نقاط الامال قائمة ان شاء الله في تحقيق لقب هذا الموسم ولازال الطريق طويل,1,dialectal,positive
لاشيء بعد الموت الموت تعني النهاية النهاية بكل مافي الكلمة من معنى نحن كائنات ترفض الإعتراف بالفناء وهذا ما يدفع العلم للبحث عن الأبدية وأنا متأكد أننا سنحصل عليها إما بفضل وصفة ما وإما عن طريق تحويل الإنسان إلى ألة أو إنسان شبه ألي,0,standard,neutral
المهم واخا هادشي كامل انا غنشهد لعل و عسى يصدق,1,dialectal,neutral
الجيل الجديد من المتاحف,0,standard,neutral
ممنوع تفوت ثلاثة اللعابة من فرقة وحدة,1,dialectal,neutral
رأيك يحترم تحياتي,0,standard,positive
لاحظت ان هناك حملة دعائية انطلقت للترويج لهذه السيدة التي ظهرت للواجهة مؤخرا,0,standard,neutral
فعلا الكل يطالب بتغيير حالنا و التحسن في شتى المجالات اقول لن يتغير حالنا ما دمنا لم نستقل بتفكيرنا و عقليتنا و معاملاتنا و و و استقلالنا بعقليتنا و منهجنا سبيل خلاصنا,0,standard,neutral
الحبيب,0,standard,positive
تبا لكم,0,standard,negative
السعادة لا تحتاج للبحث فقط إنظر لوجه أمك وهي تبتسم,0,standard,positive
تسلملي روحك الجميلة غاليتي,0,standard,positive
بوتفليقة يعين وزير الداخلية رئيسا لوزراء الجزائر,0,standard,neutral
امين يارب العالمين سمع الله دعاؤك و جعله في ميزان حسناتك اخي الكريم,0,standard,positive
حتى لو زادت عيوبك تبقى اغلى محبيني,0,standard,positive
موعد افتتاح أكبر قنطرة معلقة بالمغرب,0,standard,neutral
تؤلمني باسم الحب,0,standard,negative
إنا لله وإنا إليه راجعون الله يرحموا ويوسعه عليه,0,standard,positive
تكريمي من طرف منظمي الملتقى الدولي للإعلام شكرا جزيلا,0,standard,positive
باعوا أنفسم بحفنة من المال والجنس,1,dialectal,negative
بيان يعكس الموقف الموحد للمجتمع,0,standard,neutral
صباح الخير أباشا اش خبارك هاني مهني,1,dialectal,positive
من طبائع الانسان انه لا يرضى بما لديه حتى يفقده يعني حتى الصغير يتمنى متى يكبر و يصير مسؤول وووو مجرد رأي,0,standard,neutral
صافي نتا غير سكت,1,dialectal,negative
الي الله المشتكى,0,standard,negative
رئيس مشلول وشعب مذلول,1,dialectal,negative
الله يهدي و يبارك ما شاء الله,0,standard,positive
كيف تتعامل مع من يتجاهل رسائلك,0,standard,neutral
وأخيرا فنان وأعتز بها فنان وتقاتلت بزااف عليها فنان وفرحان والحمد لله بغيت نشارك معاكم أحلى أوقاتي,1,dialectal,positive
حرية التعبير لا تتضمن التحريض على العنف و الفتنة الطائفية بل هو خطاب كراهية,0,standard,negative
و الله ما كدبتي هم أولى به يقراوه و يديروا باللي فيه اما هاد التلاميذ فيستحقو اكثر من مجرد كتاب لكن هيهات,1,dialectal,mixed
صباح الورد لأطيب ناس,0,standard,positive
دولتنا ليست دولة ديكتاتورية لحتى تشترط على شعبها الاسلام ف ديننا دين يسر لا دين عسر ونحن لسنا عنصريين بل نحن شعب متعايش,0,standard,positive
لا تحزن على شيء مضى فلو كان خيرا لبقى,0,standard,positive
من امام المسجد الذي تعرض للهجوم,0,standard,neutral
ثق بأن لا شيء يفيدك في الدنيا سوى صلاتك وما الدنيا إلا حياة فانية,0,standard,positive
على أي اساس جابو الداودي للأولى هل بصفته وزير تهمه قضية الشعب و محاولة ايجاد حلول ام بصفته محامي للشركة المزعومة كل اجوبته كانت دفاعا عن الشركة خوفا عليها من مغادرة البلاد يا سيدي تمشي و يجو عشرة حسن منها لم يقترح و لا حل منصف في حق هاد المداويخ,1,dialectal,negative
لا ترجع تقرا كلام كتبته من قلبك ل شخص تحبه راح تخجل من طفولة مشاعرك,0,standard,mixed
لأنك تسامحهم دائما لا يشعرون بخطأهم ولأنك تبادر دائما ولأنك تهتم كثيرا يهملوا أحيانا صفاتك الجميلة هي سبب مشاكلك,0,standard,mixed
لؤلؤة القصر الملكي لالة خديجة رفقة والدها جلالة الملك محد السادس حفظه الله ونصره,1,dialectal,positive
كاع لمغاربة صوتهم زوين,1,dialectal,positive
أنا عيني ما تحب الا عيونه,0,standard,positive
أنا غادي نرحل لكازا,1,dialectal,neutral
ان شاء الله مربوحة,0,standard,positive
احبك فالله,1,dialectal,positive
رعاك الله و حماك بعينه التي لا تنام,0,standard,positive
كل شي ممكن المستحيل ياخذ وقتا أطول فقط,0,standard,positive
قمة الألم حين يكسرك غالي و يجبرك الغريب,0,standard,negative
نحاول ان نخفي مشاكلنا الواقعية بالإنغماس في العالم الافتراضي أصبحت مواقع التواصل الإجتماعي مكان للهرب من الواقع,0,standard,negative
الحمدلله حمدا تستديم به النعم وتطيب به الحياة,0,standard,positive
حسن نيت,1,dialectal,positive
فعلا الصداقة الحقيقة هي سعادة في دارين يا قلبي انت اجمل في كل شيء,0,standard,positive
رمضان اللهم انى أسألك علما نافعا ورزقا طيبا وعملا متقبلا,0,standard,positive
الله يديم عزك حنونة,1,dialectal,positive
لعله خير,0,standard,positive
نصيحة لكل المتتبعين تحلو بالصدق و الصبر و الله لن يخدلنا,0,standard,positive
انا ضد المفاعل,0,standard,negative
عرفتك واقيلة علاش داوية هاد القنت ما واقف على حد الى مشا واحد يجيو عشرين و تستمر الحياة عادي جدا,1,dialectal,neutral
لا ماعرفتش اش كاتعني,1,dialectal,neutral
أكثر الأشياء ارهاقا للنفس هو كتمان ما نحن بحاجة لقوله,0,standard,negative
اللهم زد وبارك,0,standard,positive
السعادة لروحك المتسامحة,0,standard,positive
آمين يا أخي,0,standard,positive
اليوم نعرفو واش عندنا منتخب قوي ولا غير اشاعة الكامرون اختبار حقيقي بالتوفيق للمنتخب,1,dialectal,positive
أيتها اللحظات السعيدة,0,standard,positive
ترهقك فكرة واحدةرغم انها مجرد فكرة,0,standard,positive
اول مداخل هذا التغيير الذي سيدعمه كثيرةن هو الصراحة والوضوح للأسف إنها تغرق في الغموض,0,standard,negative
قولوا لي بصحة الطربوش الملكي,1,dialectal,positive
لا أقوى علي تحمل المزيد أنا محطم بما يكفي,0,standard,negative
كم من مشهور في الأرض مجهول في السماء وكم من مجهول في الأرض معروف في السماء,0,standard,neutral
لا منتقلقش منك ولا شي حد اخر غير جوابي كيكون حاد اوصافي وهاد الشيئ اسف عليه وارجو ان تحسنو الظن ومتهربوش من تغريداتي,1,dialectal,neutral
الثورة التكنولوجيا اصبحت بقدرة قادر في مصلحة قضايا الشعب,0,standard,positive
أكدت مصادر برازيلية وفاة لاعبين بسبب حريق في مركز تكوين و تداريب نادي فلامينغو البرازيلي اثناء نوم اللاعبين,0,standard,neutral
وجب الحذر لانهم منعطف خطير في حياة الانسان,0,standard,negative
ما شاء الله شرحه جميييل ومفيد وفيه معلومات ما كنا نعرفها,1,dialectal,positive
نصيحة اليوم كيفما تدين تدان ديرها غير زوينا,1,dialectal,positive
الركود يؤثر سلبا على شركات الصلب بالمغرب,0,standard,negative
راه تأخرنا حتى جمع كلشي فمرة ورسلهم,1,dialectal,neutral
كانو غايوقفوا لينا القلب الله يبارك فيك,1,dialectal,positive
مؤلمة تلك الدمعة التي تسقط وأنت صامت تسقط من شدة القهر والألم والإحتياج,0,standard,negative
مناضل حقيقي,0,standard,positive
لم يعد مجديا أي حديث مع بشار,0,standard,negative
ترتيب أندية البطولة الاحترافية بعد إجراء مباريات السبت,0,standard,neutral
مسؤولون ينعون شهاب ضحية الطائرة الإثيوبية,0,standard,neutral
طبعا لا عادي,1,dialectal,neutral
الجهل عم في البلاد و العباد,0,standard,negative
تشبهين الشمس وقت الشروق,0,standard,positive
امييين,0,standard,neutral
عيش حياتك,1,dialectal,neutral
مساء النور,0,standard,positive
حينها تدرك فعلا الحقيقة شكرا لفهمك,0,standard,positive
الحمدلله بقدر ما نضيق ونسعد الحمدلله دائما و ابدا,0,standard,positive
هذا جهدي معاك,1,dialectal,neutral
حفل يحتفي بفنانات أمازيغيات بمدينة خنيفرة,0,standard,neutral
اه منطقيا منعطيوش لبنادم كثر من حجموا,1,dialectal,neutral
عيونك ليل وانا احب السهر فيها,0,standard,positive
و جزاك,0,standard,positive
عدنا و العود أحمد,0,standard,positive
الحمد لله بالموسيقا ديالي وصلت و دزت فبزاف دالبلايص وهذا شرف كبير ليا وهذا من فضل التشجيعات,1,dialectal,positive
المغاربة في هده الأيام,0,standard,neutral
باهت الليل من دونك الله لو ليلي عيونك,0,standard,negative
كيغمقوا علينا بديك الجهوية الموسعة وكيخدوا للصحراء تلفلوس الصحاح,1,dialectal,negative
هدف الرجاء غير شرعي,0,standard,negative
إنت مثل الصبح ، بس أجمل,0,standard,positive
قصدك الخميس الجاي سفر الى فرنسا باذن الله,1,dialectal,neutral
والله يا ختي راه السكين وصل العضم,1,dialectal,negative
ما يرتاح له قلبك تثق به أبدا فالقلب أبصر من العين,0,standard,neutral
ثمن سنين مشات من حياتك بلى ماديري فيها شي حاجة,1,dialectal,negative
شخصية تافه,0,standard,negative
حسبي الله عليكم ياخونه,0,standard,negative
اسال الله العظيم رب العرش العظيم ان يحفضك ويشافيك اختي المحترمة,0,standard,positive
اقرفني والله,0,standard,negative
وييه اخويا الله يكون فالعون,1,dialectal,positive
فاس العتيقة,0,standard,neutral
الله يخليها سلعة من شي بعضين,1,dialectal,negative
المشكلة انهم يستقدمون مغنيين من الغرب باموال باهضة و ابناء الشعب في حاجة ماسة الى الصحة و التعليم وووو كما قلت الله يهدي ما خلق,0,standard,negative
ماعنديش شك فروحك الرياضية و كون كانت الوداد فبلاصتنا غنشجعها تا انا وان شاء الله مربوحة,1,dialectal,neutral
الهدف سيغير كل شيء لانه جاء في وقت حساس جدا ممكن يزيد من حماس ويضعف معنويات الاهلي على الترجي ان يزيد الفعالية في المنتصف كي يقرب بين الخطوط وعلى ان ينسى نتيجة الذهاب ويبدا في الهجوم او سيعود الترجي,0,standard,neutral
يلعن روحك,0,standard,negative
انها دعوة الحق,0,standard,positive
مبقاش بزاف,1,dialectal,neutral
قضية الأسطورة مايكل جاكسون هل يمكن فصل الفن عن الفنان,0,standard,neutral
امولة زوينة عيد ميلاد سعيد ربي يعطيك كل مكتمناي فهاد العام ويفرح قلبك سمحي ليا جيت معطلة شوية,1,dialectal,positive
في ذكرى استقلال الذي يصادف يوليوز الله يرحم شهداء جيش التحرير,0,standard,positive
لا يمكن للدولة أن تتخلى عن تمويل الأكاديميات,0,standard,neutral
النصاب يعلم تماما جريمته,0,standard,negative
ما دمت بدون زواج فلا زالت الحياة جميلة,0,standard,positive
و عليكم يا رب,0,standard,neutral
الله يرحمه و يرحم جميع اموات المسلمين,0,standard,positive
مجزرة إرهابية ياقناة الجزيرة,0,standard,negative
مساء الورد وياسمين يا اخي جمال الله يسعدك في دارين,0,standard,positive
اميين يارب والله كتفرحوني بكلامكم,1,dialectal,positive
من ضمن الكتب التي قرأتها لايمكنني تحديد كتاب بعينه كلها كان لها تأثير علي حتى الكتب الرديئة منها علمتني كيف يكتب السيئون,0,standard,neutral
ايام الزمن الجميل او الجيل الذهبي,0,standard,positive
متافق معاكم فهادا الشي كامل واكيد اي انسان في الدنيا غادي يسمح فكولشي ويتبع واليديه لكن كاينة حلول وسط باش الفرقة تحافظ على الاستقرار الفني ديالها السفري وجوده مهم في التواصل الفني مع اللعابة وتوضيح خطط المدرب الخوف الا ك,1,dialectal,neutral
من هادشي كامل فاش نرجع غنمشي عند الوالد انعاود ليه هادشي,1,dialectal,neutral
اعتداءات وحشية على المتظاهرين,0,standard,negative
شرفتينا سهيلة الحلقة كانت جد رائعة و لي محليها وجودك فيها,1,dialectal,positive
كاينين شي مسائل تتوارث و هادشي ضروري ما يورثوه و لو القليل منو و سيفيدون من يأتي بعدهم,1,dialectal,positive
من يهددك بالرحيل اهمس في اذنه هل تعرف الطريق أم أخبرك به,0,standard,neutral
أكثر النداءات طهرا حي على الفلاح,0,standard,positive
نار جهنم مصيرهم,0,standard,negative
اللهم صل على محمد وعلى آل محمد وعلى صحبه أجمعين,0,standard,positive
صباح النور جميعا,0,standard,positive
يارب يكون بخير ويرجع بالسلامة ومايطول غيابه,1,dialectal,positive
اوف اوف اوف الحمدلله الف مبروك,1,dialectal,positive
غرت مني تجلسي معايا مرحبا على رآسي وعيني آحتاج من يؤنسني,1,dialectal,neutral
صباح الخير كازابلانكا نهاركم مبروك,1,dialectal,positive
أي شيء تخسره من أجل راحة بالك إعتبره مكسب,0,standard,positive
حرك الما يبان العطشان,1,dialectal,neutral
لو للحسن عرش وتاج ، ما غيرك ملك,0,standard,positive
انت الخير و البركة يا غالي انت الكل في الكل انت قمرها و نجمها و هلالها و هي شمسك للي تضيى لك الكون الهي يسعدكم,0,standard,positive
نشاطات مختلفة نظمتها الجمعية اليوم,0,standard,neutral
كن لامك كما كانت لك,0,standard,neutral
تفضل التعبير و الصورة تحت أمرك,0,standard,neutral
يا الله على الجمال,0,standard,positive
أي بلاد فيها الفقر,1,dialectal,neutral
رجل عن ألف رجل,0,standard,positive
لعل الله الذي حرمك الحظ مرات ومرات يخبئ لك حظا يسر العين ويروي الظمأ ف صبرا جميل,0,standard,positive
رواية جميلة فيه من العبر الكثير لكن على مستوى اللغة غلبت عليها اللهجة المصرية و علي العموم لن تندم على قراءتها,0,standard,positive
سبحان الله اوا الله المعين و الله يجعلنا عندو من المقبولين,1,dialectal,positive
كل الأصوات في سمعي إلا صوتك في قلبي,0,standard,positive
الله على كلامك كله طاقة ايجابية لقلبك أطنان السعادة والفرح,0,standard,positive
ماهضرش حيت عارف بلي هاداك الخطأ ديالو,1,dialectal,neutral
حروفك رائعة,0,standard,positive
إنها بكل الألوان تتعايش معنا,0,standard,neutral
دولة امارة المؤمنين تتبع منهج صوفي محض حسبنا الله و نعم الوكيل,0,standard,negative
والله ان وجهك الطيب رضاي,0,standard,positive
معلومات تؤكد خروج كل أفراد عائلة بوتفليقة من الجزائر,0,standard,neutral
والله حتى شكرا لكم جميعا تحية لولاد الشعب,1,dialectal,positive
طوينا صفحة الماضي وتبنا خذينا اللي كفانا وانتهينا,1,dialectal,positive
هاد الڤار يطبق غير على اللي بغاو البرازيل مثلا,1,dialectal,neutral
الله يجعل السلامة,1,dialectal,positive
يعطيك الصحة حبيبة,1,dialectal,positive
اه هناك عراقيل,0,standard,negative
و الله هاد الفكرة ما مرة جالت في ذهني لكن اقول ربما هي فترة عابرة خلاصة ما اقول لا تتسرعي في القرار ربما هي رياح عابرة,0,standard,neutral
للاسف نضال موسمي لا فائدة منه,0,standard,negative
شي لقاء دولي غيدار فمراكش,1,dialectal,neutral
اشتقت لك اختي الحنينة طيبة القلب آتمنى ان تكون بخير وعلى خير حفضك الله ورعاك,0,standard,positive
على مرافئ الامل لكن تمت من دمرت مرافئه,0,standard,mixed
تخلطات عندي البكية بالضحكة هذا ما يسمى باختلاج المشاعر بزاف ناس ما يفهموش هادشي كيفاش ممكن تبكي و نتا فرحان,1,dialectal,mixed
لا شيء يؤلم أكثر من سقوط قناع ظنناه يوما وجها حقيقيا,0,standard,negative
نعم لم اشاهد الكثير من اعماله لكن البعض الذي شاهدته كان جيد,0,standard,positive
اللهم صل وسلم على نبينا محمد,0,standard,positive
ديما كانجلس معاها و كاندور فيها و كانعيرها گاع ملي كادير علاش,1,dialectal,neutral
تعريف النهاية,0,standard,neutral
و أشتقنا الى أشخاص لا نملك لهم سوا الدعاء,0,standard,positive
ضروري لانه هو محامي الدفاع عليا,1,dialectal,neutral
بسم الله,1,dialectal,positive
هكذا حصلت على علامة التوثيق من يوتوب و اشاركك,0,standard,neutral
لايوجد ازمه ابدا ركزوا على اصحاب السترات الصفراء افضل لكم من اخبار المغرب,0,standard,neutral
لن يقوى علينا الضلام مهما إشتدت ظلمته، تبا لكم ولي إنتهاكاتكم وطغيانكم لن تنالوا منا إلا ابتسامتنا، ومزيدا من العزيمة والإصرار ووو، تحية لكل الآطفال الدين لا يعيشون حياة الآطفال صدق الثائر تشي جيفارا الذي قال التاعسون هم مصدر القوة في العالم,0,standard,negative
اللهم إني أسألك الهدى والتقى والعفاف والغنى,0,standard,positive
كل هم و لو يطول يزول كل وهم و لو يطول يزول,0,standard,positive
جديد برنامج المباريات,0,standard,neutral
خرجت بخلاصة واحدة أن والدي انتسبوا إلى الدين الصحيح و أن الإسلام دين الحق,0,standard,positive
يلا قلنا غادي اسالي هاد الشهر بدون مشاكل ولافضائح خرجات لينا إنفلونزا الخنازير و فضيحة بنت طهور من جنب,1,dialectal,negative
في امان الله حتى ذلك الحين لا تنسونا من صالح دعائكم,0,standard,positive
تعادل,0,standard,neutral
فهمت مؤخرا أن ما أشعر به نحوك أشبه بعلاقة النجوم بالليل,0,standard,neutral
نعم يجب عليك ان تدافع عن ارضك ووطنك ضد كل من يسيء لها ويحاول تدميرها ولا يمكن ان نصف جريمة متعمدة نفذت بغباء وانتهت بفضيحة انها خطأ وببساطة نقول الجميع يخطئ,0,standard,positive
هي جارتك احتراما لاختك,1,dialectal,positive
الأناجيل حرفت ليس لديها إسناد منذ زمن وتغيرت بترجمتها,0,standard,neutral
بغيت غير نفهم ذاك الجمهور الهمجي علاش مستمر في التكسير والتخريب,1,dialectal,negative
مؤسف أن يتمنى الإنسان حقه,0,standard,negative
اخنوش اقسم انه لن يتزعزع وارى انه محمي من اعلى سلطة في البلاد و الا ما كان ليقسم لو لم يكن على ثقة من انه لن يمس,0,standard,positive
كن لنفسك في أي وقت,0,standard,neutral
كرعين خروف البحر,1,dialectal,neutral
زرعت العديد من الورود ورود حمراء صفراء ترمز الى الحب والصداقة كنت صادقا مع التربة لكن كل تلك الورود لم تعطي رائحة التي ستجدب النحلة,0,standard,positive
بلعكس زوينين,1,dialectal,positive
تحية اجلال و تقدير لكل ما تقومون به من مجهود في سبيل ابناء هذا البلد,0,standard,positive
الله يعفو على الجميع,1,dialectal,positive
فعلا كلام رائع,0,standard,positive
متافقين,1,dialectal,positive
يا رب إذا كانت المغرب هي عذاب الدنيا فخفف عنا هذا العذااب وارحمنا فقد ضاق بنا الحال ويارب اذا كانت المغرب هي درجة صبرناا على المصائب فنحن لانملك صبر النبيين فخفف عنا نحن عبادك الضعفاء اذا كان سياسيين المغرب عبادك الطاغيين فزلزل الآرض من تحتهم وخدهم مآخذ فرعون وقوم لوط,0,standard,negative
كل عام وانت بألف خير,0,standard,positive
معنى موقف لا تحسد عليه,0,standard,negative
كم جميل ان نبقى اصدقاء,0,standard,positive
شبهت ليا لجدتي الله يرحمها,1,dialectal,neutral
عندي تجربة فهاد الميدان,0,standard,neutral
كلهم فاجرين,0,standard,negative
اتمنى ان يفي السيد اردوكان بما وعد به من خلال التصريح الذي ادلى به قبيل انتهاء اجتماعات سوتشي,0,standard,positive
طقوس بسيطة تساعدك على التعايش مع فصل الشتاء,0,standard,neutral
وزااايدها بساعة الصيفية في فصلالشتاء بغيت لك الغرق في الغرق,1,dialectal,negative
غياب الحسيب و الرقيب يخلف الفوضى,0,standard,negative
من الظلم غير العدل مقارنة الصغير بالكبير,0,standard,negative
الزمن لا يتغير الزمن يكشف,0,standard,neutral
إن شاء الله خير,0,standard,positive
أنا هنا لتجاوز ماقدمه الآخرين وليس للتقليد او التكرار,0,standard,neutral
الله يسامح قلبي بيض و دغيا كانسى,1,dialectal,positive
الأشياء التي نملكها نتصورها جميلة دائما,0,standard,positive
فعلا,0,standard,positive
واحد خدام معايا قلت ليه عافاك صاوب ليا واحد اللعبة ف لاكليم الفوق حيت ماوصلتش و هو طويل قاليا انا انجنيور مانقيصش داكشي كل واحد و الاختصاصات ديالو شوفي لي مكلف بداكشي,1,dialectal,neutral
هذه التغريدة موجه فقط للبنت السعودية التي ارتدت عن دينها أنا أوافقها الرأي إن كانت قرأت عن الديانات الأخرى جيدا و كذلك عن دينها أي واحد من الكون كله درست الديانات جيدا لن يخرج إلا بخلاصة واحدة وهي أن الإسلام هو الأساس,0,standard,neutral
تباين القراءات لقرارات بوتفليقة بصحف الجزائر,0,standard,neutral
عليها الوصوف النادره راكبه وتليق,0,standard,positive
إذا مات القلب ذهبت الرحمة إذا مات العقل ذهبت الحكمة وإذا مات الضمير ذهب كل شيئ,0,standard,neutral
هذه مقاربة خاطئة,0,standard,negative
نهاركم مبروك بداية أسبوع موفقة,1,dialectal,positive
بغض النظر عن افيلال و كتابة الدولة المكلفة بها تساؤلي حول ان كان هذا العزل شمل او مس احد الاحزاب المعارضة ذات الصيت العالي كحزب الحمامة مثلا كيف سيكون الرد,0,standard,neutral
ما دام القادم في يد الله، فالحمدلله كثيرا,0,standard,positive
أبتسم,0,standard,positive
أسوأ الأشياء أن يكون فيك شركاء,0,standard,negative
الله عليكي يا عايشة,1,dialectal,positive
ربي يخليك يا مكنون الدفئ و الحنان,1,dialectal,positive
ربي يخليك هادا حفل تخرجي من ماليزيا,1,dialectal,positive
عات في البلاد فسادا حسبنا الله ونعم الوكيل,0,standard,negative
ان شاء الله هادي هي الخطة خبرة ديال خمس سنوات عاد نرجع للبلاد,1,dialectal,neutral
لمن كان يرغب في التطوع لبناء هذا المسجد المرجو الاتصال على الارقام التالية و,0,standard,neutral
مصائب قوم عند قوم فوائد,0,standard,neutral
ما تراه صعبا هو على الله يسير وما تراه كبيرا هو عند الله صغير,0,standard,positive
الحساب موثق اخي,0,standard,neutral
اتقوا الله في أعراض الناس,0,standard,negative
قام بالتطاول على شيوخ بدعم وتحريض من وعبر قنوات قطر الفضائيه قنوات الفتنه,0,standard,negative
هكاك مزيان بعدا,1,dialectal,positive
السرقة والطلاق أكثر قضايا محاكم المملكة والنساء أكبر المتضررين,0,standard,negative
ها نتي فهمتي الي شفتي شي حاجة لا تسر غضي الطرف,1,dialectal,neutral
كانت تالفة ليك,1,dialectal,neutral
الأصدقاء عائلة أخرى أنجبتهى الأيام,0,standard,positive
هو الحاكم تقمع و كتم القمعة و حتى الهضرة ما جاوبوش,1,dialectal,negative
قال النووي رحمه الله بلغنا أن قس بن ساعدة، وأكثم بن صيفي اجتمعا، فقال أحدهما لصاحبه كم وجدت في ابن آدم من العيوب فقال هي أكثر من أن تحصى ، والذي أحصيته ثمانية آلاف عيب ، فوجدت خصلة إن استعملتها سترت العيوب كلها، قال ما هي قال حفظ اللسان,0,standard,neutral
لا خير في قلب قسى على الضعيف,0,standard,negative
بغيت نعاونك,1,dialectal,positive
من يقدم طلب الاقامة يحصل عليه,0,standard,neutral
فعلا كلامك صحيح,0,standard,positive
لك نفس التحية و اكثر,0,standard,positive
اخترتك من الناس للقلب حبا,0,standard,positive
تصريح وزير التربية الوطنية حول التوظيف بالتعاقد,0,standard,neutral
نقطة مزيانة ف مادة علمية اهون و اسهل من نقطة مزيانة ف مادة ادبية,1,dialectal,positive
أصوات الشباب ستكون حاضرة بقوة,0,standard,neutral
ترتيب الوداد بعد الفوز على الفتح الرباطي ب,0,standard,neutral
متواضع جدا,0,standard,positive
إن الله وملائكته يصلون على النبي يا أيها الذين آمنوا صلوا عليه وسلموا تسليما الأحزاب,0,standard,neutral
وين أنت يانور العيون السهاره,0,standard,positive
اللهم آمييين يا رب العالمين,0,standard,neutral
حاليا المشكل اختي ان الكل كيقول نفس الكلام و متافقين على نفس الفكرة يعني اي واحد تكلمت معاه فهاد الموضوع وخا يكون امي ما قاري يقول نفس الكلام المشكل عندنا فالاجراء اللي خاص يتخذ المشكل عندنا فالخ,1,dialectal,neutral
الطموح هو ما تخليش فرحتك باللي حققتي اليوم تنسيك في واجباتك ديال غدا إن شاء الله,1,dialectal,positive
والو بالصحة,1,dialectal,positive
ناري فين هادشي اشمن مدينة,1,dialectal,neutral
البيغ قال ليكم راه عجبو داكشي,1,dialectal,neutral
نعم جدا شفولنا حل,1,dialectal,neutral
هل اقتربنا من الإقامة في فنادق سياحية في الفضاء,0,standard,neutral
اثنان لا تبقى معهم من لا يفهمك ومن لا يعرف قيمتك,0,standard,negative
تفاصيل القفطان المغربي من اجمل التفاصيل التى يمكن ان تشاهدها,0,standard,positive
عندما يتم قذف المغاربة في أعراضهم أقول لك ياتركي الكلب صن لسانك و أغلق فمك,0,standard,negative
لٱ حول ولا قوة الا بالله الله ينتقم منهم,0,standard,negative
إن أهملتها ستبتعد حتى إن كانت مغرمة بك,0,standard,negative
اه خصال الرجال تمشي منهم,0,standard,positive
القط المغربي يتنبأ بفوز المنتخب المغربي على المنتخب البرتغالي,0,standard,positive
معجبونيش لكلمات جاني بحال شي فرنسوي يلاه بدا يتعلم العربية,1,dialectal,negative
أسوأ يوم,0,standard,negative
الشتاء و زخات المطر و فنجان قهوة و طلة من نافدة,0,standard,neutral
الله يحفظك ويخليك ديما ضاحك,0,standard,positive
كن سببا في جعل شخص آخر يؤمن آن آلخير لآ زال موجود فى قلوب النآس,0,standard,positive
الدنيا جميلة بالقلوب الطيبة و الوجوه المشرقة ؛ التي تبث فينا الأمل و تشعرنا دائما بالود و المحبة ؛ أسأل الله أن يسعدكم دنيا و آخرة و أن يحقق أمانيكم,0,standard,positive
الله يقدرك على فعل الخير ختي فاطمة,1,dialectal,positive
ارهاب امريكا هو ابشع ارهاب شهده العالم في بهذا القرنين,0,standard,negative
لعنة الڤار,0,standard,negative
حبيبي,0,standard,positive
هل يوجد آمل في وطننا آم يجب علينا تركه لحمادي وزبانيته,0,standard,neutral
من طنجة كانسلم عليكم,1,dialectal,positive
يا زارعا حب النبي بقلبه أسقيت زرعك بالصلاة عليه هذا محمد ما تشوق عاشق أحدا كشوق العاشقين إليه يا من هديتم بالنبي محمد سيروا بهدي نبيكم تعظيما وإذا سمعتم ذكره في مجلس صلوا عليه وسلموا تسليما,0,standard,positive
معلومة مهمة,0,standard,neutral
مشات الرجولة,1,dialectal,negative
تعطي احداث فوق ما تستحق ولا تبحث عن قيمتك في أعين الناس إبحث عنها في ضميرك فإذا ارتاح الضمير ارتفع المقام,0,standard,positive
أمراض الخاطر حين تؤلم شخصيا,0,standard,negative
نفوس متعصبة ومريضة تنشر الفتنة,0,standard,negative
ربي أوصيك ب أمي خيرا وعافيه وعمرا طويلا,0,standard,positive
ها لي عندو عيد ميلاد ها لي بدا خدمة جديدة ومزال لخير,1,dialectal,positive
لذة الحب فالشيء القليل,0,standard,positive
انتهاكات الانقلاب القمعية فى جامعة الاسكندرية وصلت مداها باصابات واعتقالات,0,standard,negative
حتى النصيري بين على مستوى عال,0,standard,positive
كلمة جمهور عظيم قليلة فحق هذا الجمال,0,standard,positive
الى حضر المال غاب المبدأ و تسدو العينين,1,dialectal,negative
صدمة كبيرة,0,standard,negative
تم يا رب بشرني بما يسرني,0,standard,positive
الله يكون ف العون,1,dialectal,positive
كل الحروف بوصف حسنك حايره,0,standard,positive
ف كلتا الحالتين كان غ يماركيها الروسي,1,dialectal,neutral
قال تعالى والله يختص برحمته من يشاء والله ذو الفضل العظيم اسأل الله العظيم رب العرش العظيم ان يختصكم ووالديكم واهلكم وذريتكم ومن تحبون برحمته وان يجعل لكم من كل هم فرجا ومن كل ضيق مخرجا ومن كل بلاء عافيه وان يرزقكم من حيث لا تحتسبون,0,standard,neutral
أحسن هدايا من عند احسن وليدات,1,dialectal,positive
سلامتك اختي,0,standard,positive
في عام أمر الزعيم الصيني شعبه بقتل جميع أنواع طيور الدوري لأنها تأكل المحاصيل وتقلل من الإنتاج الزراعي وبالفعل بدأ الفلاحون يقتلون عشرات الآلاف من طيور الدوري وكان كل من يقتل أكبر عدد يتلقى جوائز ومكافآت ويعامل معاملة الأبطال الوطنيين لكن انتشر لاحقا الجراد,0,standard,neutral
أمن يجيب المضطر إذا دعاه كم من الهموم انفرجت بسبب ركعة ، وكم من الأمراض شفيت بسبب دعوة ، وكم من أمور تيسرت بسبب دمعة ، بثوا شكواكم لخالقكم فإنه يجيب دعوة المضطر إذا دعاه,0,standard,positive
الوزارة سدات ليه معاهده,1,dialectal,neutral
ماشي مشكل شفت الجواب وراه ماشي اول مرة ولكن المسامحة ماكاين باس,1,dialectal,positive
امين شكرا جزيلا,0,standard,positive
ناري عاوتاني شفتيني,1,dialectal,neutral
خير الكلام ما قل و دل ، إلا كلامك,0,standard,positive
مبدعين الصراحة راقتني الصورة وقلت نتقاسمها فقط انا ما جبت شيء من عندي,0,standard,positive
مصيبة هذا البلاد والله,1,dialectal,negative
صور توصف كل معاني الحب,0,standard,positive
صباح الورد عليكم في هذه اللحظة في هذا الصباح توصلت الثانوية بمجموعة من الكتب التي تم جمعها على مستوى الدار البيضاء والنواحي فشكرا للصديق وعبره شكرا لكل ما ساهم في هذه المكتبة,0,standard,positive
ولا أحد غيرك,0,standard,positive
الله يخلف عليك سيدي محمد,1,dialectal,positive
هل أخطأ ابن خلدون عندما وصف العرب بالتوحش و الغلظة,0,standard,negative
ضروري من التوسع,0,standard,neutral
انا والله على عينك اغار احيان من دمعك,0,standard,negative
الله يبارك فيك تقبل الله منا و منكم اختي انا لا علاقة لي بحساب,0,standard,positive
ما يساعدني على التغيب هو السفر و العمل,0,standard,neutral
بارك الله فيكم,0,standard,positive
اللهم انك عفو كريم تحب العفو فاعفو عنا,0,standard,positive
المغرب شكرا جزيلا على موقفكم النبيل السعودية وحلفائها لا يستحقون الدعم في غزو اليمن,0,standard,positive
شعب سخيف و متخلف,0,standard,negative
صحيح كل التحية والتقدير لهن لاكن كتبقى مبادرة محمودة غير أوكان المشاركة تكون للجميع ومعرفة للجميع ماشي نود الصباح وعطي لقب,0,standard,positive
فيك من القمر، نوره وجماله وبعده عني,0,standard,positive
اللهم اميين يا رب العالمين,0,standard,neutral
غير ملصق و صافي,1,dialectal,neutral
مزيان ملي تكون المعنويات مرتفعة اليوم كيدوز زوين انا الحمد الله كل تمام,1,dialectal,positive
والله أنا في صحة وعافية وإنت أخبارك إييه أخي محمد إشتقنا لك يا راجل,0,standard,positive
الشرطة القضائية تحجز أدوية مهربة بأبي الجعد,0,standard,neutral
كم غايب ما غاب ذكره عن البال,0,standard,mixed
حنا هنا باش نتعارفو نستافدو ؤ نتعلموا من بعضنا ماشي باش نتسابو ولا نتعايرو,1,dialectal,mixed
نحن نفعل كل ما في وسعنا لنكون بشرا أسوياء,0,standard,neutral
الله يجعلنا من الاوفياء,0,standard,positive
يا رب لك الحمد حمدا يليق بوجهك الكريم,0,standard,positive
حر ية شخصية لكن لأسف في مجتمع ليرحم ليعرف معنا حرية شخصية,0,standard,negative
اللهم في يوم الجمعه ، أفرح قلوبنا ، وأغسل أحزاننا وهمومنا ، وأغفر ذنوبنا وخطايانا ، وأشف مرضانا ، وأرحم أمواتنا إنك على كل شيء قدير,0,standard,positive
مقتل شخصا في هجوم على مسجدين أثناء صلاة الجمعة بنيوزيلندا,0,standard,negative
معلومة صحيحة,0,standard,positive
وصلت الفكرة أخي,0,standard,neutral
افلام الرعب تاثر على اطفالنا سلبيا,0,standard,negative
و لو بلغو ألف كسر لن يرو الا البريق,0,standard,positive
بيض النعام,0,standard,neutral
هل يمكن وزن السحاب,0,standard,neutral
يقول أحد الشعراء العرب إذا لم اجد في بلدة ما اريده فعندي لأخرى عزمة وركاب فلا تلومن أحدا على مغادرة تراب وطنه بحثا عن حياة كريمة افتقدها في مسقط رأسه الم يقل الله عز وجل فامشوا في مناكبها وكلوا من رزقه,0,standard,neutral
اللهم آمين خويا شكرا,1,dialectal,positive
رمضان اللهم إني أسألك دعوة لا ترد ورزقا لا يعد وبابا إلى الجنة لا يسد,0,standard,neutral
لباس اختي ربي يحفظك,1,dialectal,positive
حتى وإن نجح الإنسان في إخفاء حقيقته للناس ، فإن ربه عليم خبير وفي الحقيقة الأمر كما قيل ومهما يكن عند امرئ من خليقة ولوخالها تخفى على الناس تعلم,0,standard,neutral
مزعج كثيرا,0,standard,negative
البال مشغول بك و العين مشتاقه,0,standard,mixed
اودي ماشي تا ف شركة هادشي خلي عالله,1,dialectal,negative
الحب,0,standard,positive
النفس المتقلبة لا تثبت على حال,0,standard,neutral
سبحان من صور جمالك وتمه,0,standard,positive
المشكلة هي أن المراة تتهم المراة وتظهر الرجل كضحية,0,standard,neutral
غير البداية استمر,1,dialectal,positive
بلغ التدني بالبعض,0,standard,negative
هكذا بكل سهولة,0,standard,neutral
عندي يقين و الحمد لله ان الزواج قدر و كتاب بيد رب العالمين وحده يجمع به اثنين من عباده في المكان و الزمان الذي يختاره بحكمة منه الا انني لا ارضى الا بزوج مغربي أو سوري,0,standard,positive
شي مقزز,0,standard,negative
ما هده الخدمة بالله عليم أتم فقط تسرقون جيوب المغاربة,0,standard,negative
شدوه البوليس واخا و علاش عباد الله كاتصور فيه و تبارطاجيه علاش يبارطاجيو لاكارط ناصيونال ديالو الخ,1,dialectal,neutral
دقيقة صمت على روح الفقيد جمال البقالي,0,standard,positive
الحمد لله حمدا طيبا كثيرا الحمد انكي بخير و بركة وردتنا الحلوة,0,standard,positive
كانت لحظة يأس,0,standard,negative
الله يطول عمرها ويخليها تراك كما تمنت الله يطول عمر آمهاتنا,0,standard,positive
أحيانا نكتب للجميع ليقرأ شخص واحد,0,standard,neutral
السواد الاعظم ليس عنده ثقافة الفرجة و الروح الرياضية والأخلاقية للأسف,0,standard,negative
لا تعاتب افعل كما يفعلون فقط,0,standard,neutral
معيق بزاف,1,dialectal,negative
الحكومة تؤكد تشبثها بالتوظيف الجهوي وتنفي وجود أي سنة بيضاء,0,standard,neutral
اللهم انعم علينا برضاك وعافيتك بقلب مطمئن وبفرح دائم,0,standard,positive
ارجو لك كل السعادة والحب والسلام,0,standard,positive
عرفتي ملي شفت جواب شبعت ضحك,1,dialectal,positive
قبل كل شيى انتي فخر للمغرب و بعد كل شيئ تستحقين سعادة العالم,1,dialectal,positive
وأنت أيها السعودي البغل الحمير إدفعوا لترامب مقابل حمايتكم لم تقدروا على حمايتكم من قبل مجموعة من المليشيات الحوثية واستعينتم بالتحالف لقتل الأطفال اليمنيين,0,standard,negative
نعقل عليهم كيف خلاقو كبرو تبارك الله,1,dialectal,positive
وجوه الخير تسناوني ف طوپ كوڤر مع طوپ تيڤي كنبغيكم,1,dialectal,positive
كن قويا فالحياة تميت الضعيف قهرا,0,standard,mixed
سخيف,0,standard,negative
صباح اشراق نور جمال قلبك على قلبي يا اغلى من نفسي,0,standard,positive
الغرب كان يقتل المسلمين مباشرة واليوم يستخدم أشباه المسلمين لقتل ماتبقى من امسلمين,0,standard,negative
رغم كل هذا التمسي لهم عذرا لعلهم مشغولون يقال اعقل الناس من التمس للناس عذرا,0,standard,neutral
اظن انها هي البديل الذي تم الدفع به للساحة,0,standard,neutral
في بلدي لايتم حتى اعلان خبر وفاة العلماء,0,standard,negative
للأسف البعض يعتقد ان المفاعل النووي سيحل مشاكلنا الاقتصادية و لكن المغرب لا يمتلك موارد مالية,0,standard,negative
أصابع خارجية وراء خسارة المغرب في التنظيم للأسف,0,standard,negative
لا قصدي ان بعض المرات الصورة تكون جميلة على الواقع بدرجات تقدر مثلا تبان لك الصورة زوينة و لكن فاش تزور المكان يبان لك عادي هذا قصدي,1,dialectal,positive
ظرافات ولد الناس عزيز علينا و الله شاهد,1,dialectal,positive
صورة من واقعنا المجحف عمر بن الخطاب لما سأل سرية أرسلها إلى معركة عن أحوال المعركة فقالو له مكثنا نحارب يوما وليلة فقال لهم و الله لو لم يخالطكم النفاق لأنهيتم المعركة من ساعتكم,1,dialectal,mixed
صفه بكلمة,0,standard,neutral
صور تذكرني بأيام سوداء بالظلم و المعاناة,0,standard,negative
بصفتي مغربي اعلن تضامني المطلق و الصريح مع ابناء الشعب و اعلن مقاطعتي لمهرجان الذل و الفساد موازين تحياتي,0,standard,positive
ابتسم فإن هناك من يحبك يعتني بك يحميك ينصرك يسمعك يراك هو الرحمان,0,standard,positive
بعض المرات الغموض نعمة,0,standard,positive
تبارك الله كتهضر بحال المغاربة,1,dialectal,positive
الكثير من الأشياء البسيطة تصنع سعادة كبيرة تغمر القلوب,0,standard,positive
الى من يعتبر الاخوان سلميين شاهد الان ضحايا اعتداءات الاخوان الوحشية,0,standard,negative
الله يسعدك في دارين يا اخي كريم,0,standard,positive
من يفتقد الجمال فى داخله سيعجز عن رؤيته في الآخرين إحرص على أن تكون جميلا قلبا وقالبا,0,standard,positive
صافي بدات تعلن الحرب عليا من دبا,1,dialectal,negative
الله الله يستاهل,0,standard,positive
أنا كنتعقد من هاد شي شيء لا يستحق النقاش الطامة الكبرى كاين لي معندوا حتى فكرة يدافع عليها و هاضر المهم هو يزيد الصداع,1,dialectal,negative
فصبر جميل والله المستعان,0,standard,positive
اللهم اشفها واشف مرضانا ومرضى المسلمين,0,standard,positive
فوت يستدعي لاعبا لتعزيز أشبال الأطلس,0,standard,neutral
القوة بداخلك فأيقضها,0,standard,positive
تحية لك ولتشجيعك اخي سامح,0,standard,positive
كوني انت بجمالك بعيوبك بملامحك التي تميزك لا احد يشبهك فريدة من نوعك طوري ذاتك وارتقي بمعلوماتك,1,dialectal,positive
السكوت احيان وزنه من ذهب,0,standard,positive
من المترشح الذي ترى فيه املا لتغيير الجزائر الى الافضل,0,standard,positive
غنشوف شكرا زين,1,dialectal,positive
يخليلي لخواتات الحلوات انا,1,dialectal,positive
بصحتك رد بالك راه مزال فيها شهرين,1,dialectal,positive
فرحت مين راني فانز ليك,1,dialectal,positive
مشكور للعلم انا مغربي و كلامي جاء نتيجة مشاهدتي لمباراة المنتخب المصري و المنتخب السعودي الوديتين منتخب مصر تأثر بغياب محمد صلاح و اصبح تائه,0,standard,positive
لمن هم دوما بجانبنا بدون سبب بدون شروط بدون مصالح,0,standard,positive
فلاح يحول حظيرته إلى فضاء خاص بالتزلج لممارسة هوايته,0,standard,neutral
اللهم ارحم من نسي اسمه وهجر قبره ولم يزره زائر ولم يذكره ذاكر,0,standard,positive
العفو اختي,0,standard,positive
وعلاش كتقارني راسك ببلد افريقي اصلا الشعب باغي ابسط الامور لي منحق اي كائن حي,1,dialectal,neutral
يقول سيوران أنا أستقيل من الانسانية لم أعد أريد أن أكون ولم أعد قادرا على أن أكون انسانا أنا إنسان يزعجه كل شيء أريد عدم الازعاج عدم الاهتمام بي أجهد كي أجعل الآخرين لا يعيرونني أي إنتباه,0,standard,neutral
اليوم شفت شفار كايتكرفس على بنت صغير و لا من يحرك ساكن,1,dialectal,negative
في ملامح الهادئين أشياء مكسوره,0,standard,negative
اترفع عن الرد حتى اظهر لك من البهيم فينا,0,standard,negative
سيوران راه مريض شوية أصلا كان يفوز بجوائز كبيرة في الأدب وفي الفلسفة ولا يذهب لتسلمها,1,dialectal,negative
ترامب يأمر بحظر طيران بوينغ ماكس,0,standard,neutral
انت السنين و كيف أفارق سنيني,0,standard,positive
الرباط القوات العمومية تفرق مسيرة لاساتذة التعاقد بخراطيم المياه من امام مدخل تواركة,0,standard,neutral
الله يسلمك يا رب,0,standard,positive
الفن والإعلام والصناعة الفنية والثقافية رافعة التواصل المزدوجة,0,standard,neutral
تتفاخر بالنسيان، وعيونها أرهقها السهر,0,standard,mixed
هناك من يشتهي المجاملة ويكره الحقيقة إن وافيته بالأولى ضحك و إنبسط وإن أنرته بالثانية سبك و إنقلب,0,standard,neutral
الله اعلم هادي منين,1,dialectal,neutral
أه الصبر والله,1,dialectal,positive
بعض الصمت مشاعر ناطقة شكرا لكلامك الجميل,0,standard,positive
تعتبر الوجهة البحرية لمدينة تطوان تقع على الساحل الشمالي للمملكة وتتوفر على مؤهلات سياحية عالية متجسدة في مرافقها وشواطئها النظيفة والدافئة كما أنها مزدهرة بصيد الأسماك,0,standard,neutral
ما اجمل العدالة الالهية,0,standard,positive
من الأذكار بسم الله الذي لا يضر مع اسمه شيء في الأرض ولا في السماء وهو السميع العليم,0,standard,positive
إلتقيت بك إكتفيت بك عفوت عن العالمين و رأيت فيك الناس أجمعين,0,standard,positive
الاسبوع المقبل,0,standard,neutral
جميل أن تبوح ل شخص وتعلم أنه لن يخذلك,0,standard,positive
يحاولون تشويه المسلمين بشتى الطرق و لو بلقطة,0,standard,negative
للمحبة حدود وحبي لك سما,0,standard,positive
ليت الليالي في غيابه ما تطول,0,standard,neutral
واش المغرب غينضم كاس افريقيا,1,dialectal,neutral
الله يسمح ليك,1,dialectal,positive
فعلا من ذويها و لهم ان يتحملو عواقب جرمهم اتجاا مازلنا لم نستقل بافكارنا وهذا هو اصل المشكل,0,standard,negative
الله يبلغها كل متمنياتها و يحقق احلامها يا رب,1,dialectal,positive
مبروك عليكم البطولة,0,standard,positive
لست مع او ضد لكني اتوقع رجوعه و سيفاجئ المغاربة,1,dialectal,neutral
بين الكبرياء و الانانية و العناد ضاع الشوق,0,standard,negative
عزة النفس ليست لسانا ساخرا ولا طبعا متكبرا عزة النفس هي أن تبتعد عن كل من يقلل من قيمتك لقائلها,0,standard,positive
هاذ النهار زوين و غدا حتى هو غادي يكون زوين و السيمانة كلها اتكون زوينة,1,dialectal,positive
لا يمكن أن تفوز بكأس العالم و انت لاعب بحارس احتياطي لحارس احتياطي,0,standard,negative
يخليلي انا لخواتات لحبابات الغاليين,1,dialectal,positive
دعني افكر,0,standard,neutral
عادل المسامحة صديقي,1,dialectal,positive
يا ليتني لا تبت ما اعيد ذنبي,0,standard,mixed
المعامله بالمثل تغنيك عن ألف عتاب,0,standard,neutral
سرقو منا احلامنا,1,dialectal,negative
لا تجرح طفلا ذاكرة الصغار لا تنسى الصفعات الصغيرة,0,standard,positive
إذا لم يتبعوا هذه البنود فمن المؤكد أننا سنلغي العقد هؤلاء القوم معروف عليم التماطل و الغش,0,standard,negative
في بعض الأحيان مكتشاورش مع الوليدة ديالك,1,dialectal,neutral
انه يكون جزء من تاريخ المغرب ماكايعنيش راهو زوين و بغينا و لا كرهنا راه جزء من تاريخ المغرب,1,dialectal,positive
أنا مع قراءة التاريخ كعلم وليس كسرد لقصص أبطال بمعنى أن ننظر للواقعة التاريخية من عدة جوانب,0,standard,neutral
قلب اكتفى بك لا تضره,0,standard,neutral
الله يكملك بعقلك,1,dialectal,positive
حيوان,0,standard,negative
لا تؤذي قلبا لم ترى منه الا الجميل,0,standard,positive
والله معرفت اش قلت,1,dialectal,neutral
الجيل اللي جاي خاصو يكون واعي باللي مصلحة البلاد و الافراد فوق كل اعتبار عاد نجو لمسألة الترفيه,1,dialectal,neutral
مدونة التأمينات تصل إلى طاولة المجلس الحكومي,0,standard,neutral
المريس أو الزميط و هو عبارة عن دقيق الشعير المحمص مع الاعشاب المنسمة ونقوم بخلطه مع اللبن أو الماء شعاره لا للجوع و الظمأ بعد الان جبانية وحدة تخليك تصوم تال العشاء,1,dialectal,positive
خليني ساكتة حسن مزمرات ماش معصومات,1,dialectal,negative
ليس بالغريب عنكم هذا رائع,0,standard,positive
يارب يقني وحسن ظن فيك يامن له خير كله وليس له شر كله يارب رضيت رضيت رضيت,1,dialectal,positive
نتنياهو يتسبب في منع فنان تونسي من الغناء,0,standard,neutral
مشرفة بأهلها كلك ذوق,0,standard,positive
ربي يعاونك,1,dialectal,positive
الانظار تتجه الى اول قرار يتخذه اردوغان في ظل النظام الرئاسي الجديد,0,standard,neutral
وجودك الرائع,0,standard,positive
المسامحون أطهر الناس قلوبا عرفوا قيمة الدنيا فاستحقروا اخطائها,0,standard,positive
مشاهد نراها غالبا بعيون الغرب فقط,0,standard,neutral
صافي آمنا بالله,1,dialectal,positive
مكان يغري صراحة,0,standard,positive
شدو ليا كرسي حداكم فطبلة,1,dialectal,neutral
أغنية على وليدات مدينة الجديدة لي ماتو مشجعين,1,dialectal,neutral
موحال ايديرها العثماني,1,dialectal,neutral
خويا غير سجلت ملاحظة بروح رياضية وصافي,1,dialectal,neutral
الله يكمل عليها بالخير,1,dialectal,positive
التعليم والتعلم والتدريس افضل مليون مرة من تشري بعض الشقق باش تسكن بعض اشخاص,0,standard,positive
امين لنا و لك أخي الكريم,0,standard,neutral
أول محطات الفرح لقياك وأول علامات الجمال أنتي,0,standard,positive
سلام وجوه الخير واش عرفتو هاد الممثلين الزوينين,1,dialectal,positive
بالعكس صادقة لهم,1,dialectal,positive
إدير الله اللي فيها الخير,1,dialectal,positive
كلما رأيت أطفالا مشردين ، جائعين ، محاصرين ، لاجئين ، نازحين ، أشعر بالخيانة ، الخيانة فقط,0,standard,negative
أضحت لدي حساسية من تقارير المؤسسات الرسمية وغير الرسمية التي تشخص الأوضاع التخمة,0,standard,negative
بلى بلى لي تزادت ف الراس عندها قيمة,1,dialectal,neutral
إفعل ماشئت ولكن لاتخذل شخص وثق بك,0,standard,negative
سواء اخطأ في تسييره او لا لكن ان تقمع من يطالبون بحقوقهم بهذه الطريقة كأنك ترسل رسالة بالا يتكرر المشهد على العكس هذا تأجيج لحراك و غضب قادم,0,standard,negative
انا و الله حتى ضريفة خويا ياسين,1,dialectal,positive
على امل ان يكون لرقاص السامبا نصيب من هذا العرس دمت طيبة,0,standard,positive
بالصحة و الراحة ا سيدي,1,dialectal,positive
على هبة نسيم الليل أشواقنا غنت,0,standard,positive
امين يارب العالمين ربي يحفظك يا الغالي,0,standard,positive
ما هي فوائد ممارسة التمارين الرياضية أثناء يوم العمل,0,standard,neutral
نعمة الصحة والسلامة,0,standard,positive
لا يفقهون في الحب شيئا,0,standard,negative
اتفق معك,0,standard,positive
تعبير مقبول سلمت يداك,0,standard,positive
اذا تريد تعطي الحق لنفسك تكفر خلق الله على كيفك يا مؤمن فرجاءا ليس على تغريدتي اذا تسمح و تتكرم,0,standard,mixed
نيتك خايبة,1,dialectal,negative
بالشفافية و الوضوح,0,standard,positive
تحية للي كان فالبال و مازال,1,dialectal,positive
مساء البركات الله يجعلنا من الصادقين يارب,0,standard,positive
جيد,0,standard,positive
لا دين لكم ولا أخلاق,0,standard,negative
صح الحمدلله,0,standard,positive
حساب رائع,0,standard,positive
لا سلطة لنا على قلوبنا,0,standard,neutral
نريد افلام جديدة و غير مملة شكرا المجهودات,0,standard,positive
تبقى مجرد نوايا لا تلقي لها بالا,0,standard,negative
قال النبي إن من أفضل أيامكم يوم الجمعة فأكثروا علي من الصلاة فيه فإن صلاتكم معروضة علي,0,standard,positive
كثير من الناس يكونون داخل بيوتهم من أفظ الناس وأغلظهم وهم خارجها من ألطف الناس وآنسهم,0,standard,mixed
كولشي باغي فيك الخدمة,1,dialectal,negative
يسعد مساك بكل خير,0,standard,positive
البؤس في اوضح صوره,0,standard,negative
منضنش كاين شي واحد يقدر يعرض نفسه لهد القد من الخطر بسبب الطيش فقط,1,dialectal,neutral
ياا رب انصرهم على اعدائهم و عجل لهم بالفرج,0,standard,negative
رمضان اكتبنا يالله من اصحاب اليمين الذين تقول لهم هذه الجنة التي كنتم بها توعدون فادخلوها سالمين,0,standard,positive
ماشي مشكل كيما كتبتيها هانيا,1,dialectal,positive
العياقة ديال والو,1,dialectal,negative
يا قدس صبرا فانتصارك قادم,0,standard,positive
أعظم نعم الله على الإنسان أن يوفقه لمعرفة الحق,0,standard,positive
مهما بلغ علم الإنسان لن يصل لشيء من علم الله,0,standard,neutral
اتق الله,0,standard,neutral
هل وصفت أحزاب الأغلبية الحكومية الفرنسية المستقلة عن تحكم الدولة المتظاهرين بالانفصال,0,standard,neutral
بارك الله فيك سي خليل,1,dialectal,positive
يشيب العمر ما شابت مشاعرنا,0,standard,mixed
لم اسمع الخبر بتاتا,0,standard,neutral
اودي غير بقاو عاونونا و حنا مسامحين ليكم دنيا و اخرة,1,dialectal,positive
الثقة غالية لا نهبها لأي كان,0,standard,positive
الثورة اعادة ولادة الإنسان من جديد,0,standard,neutral
صحيح هاد السؤال اللي خاصاه اجابة و هناك من حج مرارا و هناك اللي يمشي للعمرة و الحج في عام و من جيرانه اللي ما عندو حتى باش يقري ولادو,1,dialectal,neutral
شي شهر عسل هنا,1,dialectal,positive
لكي ترتاح تعلم أن تختصر في كل شيء الكلام المشاعر وأحيانا بعض الناس صباح الخير,0,standard,positive
أكيد كانت جد رائعة و كأنها عندها خبرة سنين برافو عليها تجربة جديدة عليها و نجحت فيها بامتياز,1,dialectal,positive
أنا أحبك وأطلب يدك على سنة الله ورسوله,0,standard,positive
، عظيم إنت في قلبي,0,standard,positive
مررت من هنا,0,standard,neutral
يحفظك مولانا,1,dialectal,positive
مباراة اليوم خيبت آمال عشاق الدوري الإنجليزي لم تكن مباراة التي نتطلع لها خصوصا بيب لم يلعب الكرة نهائيا,0,standard,negative
ما الفائدة أن تكون قادرا على كتابة اي شيء في هذا العالم ولست قادرا على تغيير أي شيء في هذا العالم,0,standard,neutral
صدور العدد الأول من المجلة المغربية,0,standard,neutral
لا تشغلي بالك,0,standard,positive
طيب احترم نفسك انت و عرف ان الصالح و الطالح في كل مكان حتى في بلدك,0,standard,neutral
المرة الجايا ما تروح عليك,1,dialectal,neutral
لا و الله اؤمن ان القادم احلى باذن الله,0,standard,positive
تستحق التامل لماذا نفوسنا ترتاح في رمضان الجواب لانها صرفت في الغاية التي خلقت من اجلها,0,standard,positive
الرئيس وجماعته يدفعون بمصر إلى مرحلة ظلامية بامتياز,0,standard,negative
الطقس حار,0,standard,neutral
سنكون قريبين منكم وستصلكم هذه المعلومات كل يوم,0,standard,neutral
اسخف موضوع يتم تداوله على مواقع التواصل الاجتماعي,0,standard,negative
الله يسخر ليك,1,dialectal,positive
و الله الى راائع هادوك الناس لا يضعون الكيان الصهيوني في الاعتبار,1,dialectal,positive
سهيت ب صورتك لحظة ، تمنيت العمر وياك,0,standard,positive
امين يارب العالمين اسعد الله مسائكي وكل ايامكي حبيبتي الغالية,0,standard,positive
ابتسامتك سر سعادتك,0,standard,positive
هداك فالاول كان بعقلو مت بعد ولى احمق لقدرة قادر,1,dialectal,negative
اللهم امين وياكم يارب,0,standard,positive
أمحدوك يصدر معجما بآلاف الكلمات الأمازيغية,0,standard,neutral
حتى حد ما تيتدخل فيك ملي تنهضر بلهجتك,1,dialectal,neutral
طفله ذبحها الغرام وقلبها طيب ماضم دمع الفراق الا مخدتها,0,standard,negative
احلم بما شئت ف الله لا يخذل من آمن به,0,standard,positive
وفي عيونك من بديع الخلق ماربي عطى,0,standard,positive
لعنكم الله الخبر ليس حقيقة فقط تروجون للفتنة بين الشعوب فقط,0,standard,negative
أي متعة في وقت العمل,1,dialectal,neutral
فال خير اساط راهم رابحين,1,dialectal,positive
جيد جدا,0,standard,positive
ضيع راسو براسو للأسف,1,dialectal,negative
مرحلة التأمل,0,standard,neutral
راني غ ضاحك و الله يجيبنا فالصواب,1,dialectal,positive
اللهم انتقم منه,0,standard,negative
أينما كنت قاوم حتى أنت يا مواطن الزنقة لا تركع ولا تخضع لهم لا فرق بينك وبين الفلسطيني الفلسطيني استولوا على وطنه وأنت يا مغربي استولوا على خيرات وطنك,0,standard,mixed
خلقنا لنختلف ونتميز باختلافنا لم نخلق لنشابه بعضنا البعض,0,standard,positive
اسيدي مبرووك لك و لامك و جعلك بارا بها وبالتوفيق مستقبلا,1,dialectal,positive
بالصحة والراحة حنا إخوة يا أخي,0,standard,positive
شكرا ختي وردة ربي يبارك فيك ويحفظك,1,dialectal,positive
اليماني الحياد للدولة يقبر لاسامير,0,standard,neutral
لا يتحدث خلفك إلا من خشي الوقوف امامك,0,standard,neutral
المقاطعة تبغي عزيمة و خاطيني من صحاب ايهاب وشاكيرا و و,1,dialectal,mixed
وكل ما سبق هو كلام في باب المشاركة فقط,0,standard,neutral
يمكن اختي امل انا كنتقذ هاد الفئة بزاف لان عندها مسؤولية كبيرة و يمكن نعتبروها هي سبب الجهل اللي وصلنا له كاد المعلم ان يكون رسولا ما تقالت من فراغ و لكن لاسباب منها تبيين الطريق الصحيح لفئة الشباب,1,dialectal,negative
لا هدي هي الرومانسية ولا بلاش,1,dialectal,positive
زعيمة المعارضة التركية من أجل دولتنا نقف مع الحكومة,0,standard,neutral
دعم الأطفال من ذوي الإحتياجات الخاصة من خلال ركوب الخيل ورعايتها محطة جديدة,0,standard,neutral
بصراحة انا معك فهذا الرأي,1,dialectal,positive
هناك شهيد مغربي في عاصفة الحزم,0,standard,positive
غا ضاحكين,1,dialectal,positive
شكرا للمعلومة,0,standard,positive
الشعوب الواعية لا تفرق بينهم لا سياسة ولا رياضة,0,standard,positive
اذن ستبقى دون طعام,0,standard,neutral
امين الله يسعدك,0,standard,positive
تزوير أحذية رياضية يورط مهاجرا مغربيا بإسبانيا,0,standard,negative
اليوم العالمي للمرأة محطة لتثمين أدوار النساء داخل المجتمع,0,standard,neutral
عندما تلهو الرأسمالية بالقوى الكادحة و تكون الحكومة نائمة فى سبات عميق يعيش الشعب تائها قلقا مهملا ويصبح المستقبل غارقا فى القذارة واش مابانش ليكم نرجعو اشتراكيين حسن,1,dialectal,negative
للاسف ملعب خيب بزاف,1,dialectal,negative
يليق بي أن أكون كل أشياء السعادة,0,standard,positive
مؤلم جدا,0,standard,negative
العلاقة المريحة يوم تتكلم بعفوية مع الشخص بدون أخذ الاحتياطات بأن هالشيء عادي أقوله أو لا,1,dialectal,positive
ضابط يستعمال سلاحه لردع جانح في الخميسات,0,standard,neutral
نعم نعم عزيزتي,0,standard,positive
ما دمت تشاهد بسمة أمك فالحياة لا تزال جميلة,0,standard,positive
نسأل لك التوفيق والصلاح,0,standard,positive
تغريدة تعكس قسوة العيش في المغرب,0,standard,negative
ماشاء الله امبدعين والله صح السانكم جميعأ,0,standard,positive
ياعذابي كيف,0,standard,negative
أنا بخير لكنها ليست أفضل أيامي للأسف,0,standard,mixed
مساء السعادة يا اخي احمد,0,standard,positive
رأيكم إن أصبحت المرأة تحكم الدول، العربية بدلا، من، الرجال كيف، سيصبح الحكم,0,standard,neutral
الجميع يحتاج الحب الممتلئ بالصدق,0,standard,positive
ستكتمل إن شاء الله بفضلكم ونحن بدورنا نقوم بمجهودتنا,0,standard,positive
لا تخجل من مشاعرك عشها بطبيعتها ولا يمنعك كبريائك من التعبير عنها,0,standard,positive
واش داير حملة انتخابية هنا في تويتر,1,dialectal,neutral
تمت ممارسة العنف ضده,0,standard,negative
ما أجمل القدر,0,standard,positive
الى يضحك عليك بنادم تعيق ليه و لكن الى يضحك عليك راسك هي اللي صعيبة,1,dialectal,negative
التخلف هذا,0,standard,negative
احسن ما درتي ما فهمت علاش هاد الحقد,1,dialectal,mixed
نعم لنا امل,0,standard,positive
والله مكان قصدي الاساءة بالعكس اعجبني الشكل التعبيري,1,dialectal,positive
حان وقت العودة للواقع,0,standard,neutral
مرحبا يا عشاق القراءة كيف الحال,0,standard,positive
فهو يعيش قهرا في ظروف سيئة جدا تحت الخيام البالية,0,standard,negative
اللهم آمين يارب العالمين شكرا,1,dialectal,positive
اسعد الله صباحكم بكل خير,0,standard,positive
بالتوفيق ان شاء الله و اتمنى تكتب في ميزان حسنات من يشارك في هذه الحملة الرائعة التي تدعو للخير,0,standard,positive
رغم زبايلها الا انها تبقى مخلوق لطيف و محبوب سبحان من خلقها,1,dialectal,positive
دوم يا رب,0,standard,positive
إطلالة من مدينة مارتيل أجمل المدن المغربية و أنقاها,0,standard,positive
حسبنا الله العزيز الحكيم وجزاك الله خيرا,0,standard,positive
حزن أم كره,0,standard,negative
البث المباشر لبرنامج النموذج المغربي في التنمية والاستقرار بالمنطقة,0,standard,neutral
الفتح يستعد للمغرب التطواني بمعسكر تدريبي,0,standard,neutral
من تمادى في غيابه عنه لا تسأل,0,standard,positive
رحم الله شهداء حادثة السير بطنجة ورزق أهلهم ومعارفهم الصبر,0,standard,positive
صوتك العالي دليل على ضعف موقفك,0,standard,negative
ان شاء الله تلحق نفسها قبل الوصول لطريق مسدود,0,standard,positive
و انا اقرأ تعليقات المغاربة على منشور اشهاري لبنك تشاركي اسلامي يتبين بالملموس ان المغاربة اعتقدوا دائما ان هذه الأبناك هي مؤسسات خيرية ما فيهاش الربا و تتعطي الصدقة لوجه الله,1,dialectal,neutral
احسن الله اليك اخي الفاضل تحياتي,0,standard,positive
الله الله حنا نستاهلو,1,dialectal,positive
لكل شيء وقته الذي يستحق عيشه بكل تفاصيله دون إهدار الكثير منه,0,standard,neutral
عندك الصح الجمهور كيعمل الضغط,1,dialectal,positive
انا جاي على الطريق الساحلي,1,dialectal,neutral
البارح نمت باكرا فحلمت انني رزقت بطفلة اليوم سانام باكرا كي اعطيها اسما و احضر لها عقيقة,0,standard,neutral
فعلا الناس تما الضيف عندهم شي حاجة مقدسة,1,dialectal,positive
عظيم حبه إنخلق من قلة لقاء,0,standard,mixed
يزين ايامك غاليتي,1,dialectal,positive
بعض الناس تركوا في نفسي تجربة علمتني كيف أبتعد عن أمثالهم في المستقبل,0,standard,negative
كانت تسيره عصابة لم نر مثيلا لها,0,standard,negative
لا يشوه سمعتك إلا من تمنى أن يكون مثلك وفشل,0,standard,negative
تستاهل اضعافها و تستاهل كل الخير,0,standard,positive
صباح التفاؤل والأمل,0,standard,positive
ما مشا معاك باس خذي راحتك,1,dialectal,positive
مميزون هم أولئك الذين يكون العطاء أحد متعهم الخاصة مساكم خير يارب,0,standard,positive
شرب فنجان قهوة,1,dialectal,neutral
هنيئا للأمة الإسلامية اللهم وحد صفوفهم على إعلاء كلمة الحق,0,standard,positive
تصبحون على الخير,0,standard,positive
اليس هناك خطأ في الترجمة,0,standard,neutral
أنا أضيع فيك و أضيع من دونك,0,standard,mixed
اللهم يا مقلب القلوب ثبت قلبي على دينك,0,standard,positive
الله يرحمها و يغفر لها و جميع موتى المسلمين,0,standard,positive
و انا اقول لماذا لا ينفع معهم النقاش,0,standard,negative
غير تنضحك الله يطول العمور,1,dialectal,positive
تحلى ايام يا رب,0,standard,positive
سبحان الله لقيتيني تاخدت نفس القرار,1,dialectal,positive
دول الخليج النفطية من تتحكم في العرب,0,standard,neutral
في محطة القطار جلست جنبي و وجدتها تاكل من نفس كيس البسكويت الذي اشتريته كشرت في وجا فضحكت وقالت تفضلي قلت لها كيف تعزميني على شي ملكي ارتفع صوت ضحكتها اكثر وقالت هذا بسكويت لي انا وليس لك فانتبهت و وجدت نفسي لم افتح كيس البسكو,0,standard,neutral
واحشني زمانك,1,dialectal,positive
الحمد لله كلشي داز مزيان تسناو الصور والڤيديو ومفاجئة زوينة,1,dialectal,positive
آخر صورة لي مع المرحوم جدي رحال إنا لله وإنا إليه لراجعون دعواتكم له بالرحمة,0,standard,negative
من جلسة تصوير مجلة,0,standard,neutral
كارمين سيارة كهربائية ب مليون يورو,0,standard,neutral
الله يكون ف العون حاسة بيك,1,dialectal,positive
المغرب كلو زوين ا العايل,1,dialectal,positive
سنة سعيدة ليكم كاملين الله يزرقكم ماتمنيتو و يفرحكم حاولو تستغلو هاد النهار الاخير ف و ماتخليو تا واحد مقلق منكم و تبداو العام الجديد صفحة بيضاء مع الجميع,1,dialectal,positive
دعيت لك تحت المطر،الله يديمك لي,0,standard,positive
صباح الخير لأولئك المستبشرين بالخير رغم ٱنف الحياة,0,standard,positive
بزاف د الحب,1,dialectal,positive
اخطاء البعض ترسم نهايات البعض,0,standard,neutral
كل ما ذموك زادوني وله,0,standard,positive
استغفر الله الذي لا إله إلا هو الحي القيوم وأتوب إليه,0,standard,positive
ديرو فينا خير وفهمونا,1,dialectal,positive
الله ييسر لك كل ما فيه الخير,0,standard,positive
أستغفر الله العظيم و أتوب إليه,0,standard,positive
كلمة بمناسبة إلى المرأة التي تجهل هذا اليوم العالمي المرأة,0,standard,neutral
و الله ما كذبتي شكرا,1,dialectal,positive
وييه حتى أنا غلطت فيها الأول,1,dialectal,neutral
لست من المحسنين جعلنا الله منهم أجمعين لكن قلبي لا يحقد على أحد وهذا عطاء من رب العالمين أحمد الله عليه جزيت خيرا على كلامك الطيب,0,standard,positive
تطمن ما أحب إلا عيونك,0,standard,positive
ربي يعطيك ويرضى ورضيك يارب ختي في الدارين الدنيا والآخرة يارب,0,standard,positive
انتي مدرسة يحتاج البعض اخد الدروس منها الهي يحفظك و يحميك ياسمنتنا الجميلة,0,standard,positive
ضميرك مرتاح,0,standard,positive
عيب تكذب,0,standard,negative
طعام مغربي شهي ألد طعام بالعالم,0,standard,positive
السلام عليكم ي أحبه,0,standard,positive
امين صباح الخير ليلتي,0,standard,positive
و لغيرك القلب لا رحب ولا سلم,0,standard,positive
مسؤول كبير سابق في الفاتيكان يواجه السجن,0,standard,neutral
الله يحفظك و يحفظ المغرب,0,standard,positive
فاش تنسمعها احس بفخر كبير بانني انتمي لهدا الوطن,1,dialectal,positive
حكم مغربي في نهائي كأس إفريقيا لأقل من سنة,0,standard,neutral
هادي متفق معاه,1,dialectal,positive
البعض يحسدك حتى على الحلم,0,standard,negative
فشهد شاهد من أهلها,0,standard,neutral
اوا الله يدير اللي فيها خير,1,dialectal,positive
موقع فيسبوك يتعرض لعطل تقني في دول العالم,0,standard,neutral
نريد ملاحظاتك عن المباراه,0,standard,neutral
ما أفظع أن تكون بلا أي رأي,0,standard,negative
ليتني آعرف ما بذاخلك,0,standard,negative
قالك اما فائزا أو منتصرا ماكاينش التعادل,1,dialectal,positive
ماشاءالله يستاهل,0,standard,positive
و هل خوك معتز يقطع الرؤوس يا نذل,0,standard,negative
رحم الله شهداء ، تعازينا للأشقاء في وإنا لله وإنا إليه راجعون,0,standard,positive
يا أخي لكل بلد عيوبه لكن عيوب السعودية أخبث و أقبح بكثير من عيوب المغرب,0,standard,negative
قصدك اخر ما توصل اليه العقل البشري من تفاهات,0,standard,negative
الواحد يكون موجود,1,dialectal,neutral
الحياة أبسط مما نتوقع ونحن المسؤولين عن كل التعقيدات التي تواجهنا,0,standard,neutral
ستأتي عليك أوقات حزن كتيرة و سوف تتسائل إذا كنت اتخذت القرار السليم في خلع سنكلكنك ستدرك أنك اتخذت أنسب قرارلأ,0,standard,mixed
صباح و مساء النور يااحلى واروع انسانة في الدنيا آشرقت غاليتي,0,standard,positive
السعادة ان تمنحك الحياه قلب مشابه لقلبك,0,standard,positive
لحظات من التأمل في هذا المنظر حققت لي الهدوء والتوازن و دفعت في نفسي قوة هائلة لمواصلة الطريق,0,standard,positive
بصراحة هيا لي خلاتني نتراجع عن هداك القرار بعد ما سولات ناس في المجال وطلعنا بهادي النتيجة للاسف في بلادنا مكاينش فرصة لينا حاليا,1,dialectal,negative
للأسف عندنا جميع أنواع السياحة ولسنا بعارفين نستغلها,0,standard,negative
فرنسا تؤكد مقولة الام هي التي تربي لا التي تلد,1,dialectal,neutral
نصيحة اليوم تيق فراسك وكون نتا هو نتا كون داكشي لي بغيتي ماشي داكشي لي بغاو هوما,1,dialectal,positive
للهم إنا نسألك في هذا الصباح أن ترزق قلوبنا السكينة,0,standard,positive
الكلام الجارح ينتهي ويبقى القلب يتألم طويلا,0,standard,negative
الكاف تسحب تنظيم نهائيات كأس إفريقيا من الكاميرون,0,standard,neutral
دوم يارب,0,standard,positive
كونك بكامل صحتك هذا أمر يوازي ثمن كل مافي الحياة ف احمد الله كثيرا,0,standard,positive
الله يكثر من امثالك,1,dialectal,positive
لو ظروفك شقى بشقى معك لين نفرح سوا,0,standard,mixed
و لن ترضى عنك اليهود و لا النصارى حتى تتبع ملتهم الحمد لله على نعمة العقل و الدين,0,standard,positive
بوينغ تطمئن شركات الطيران بعد تعرض طائرتها من طراز ماكس لكارثتين جويتين,0,standard,neutral
في البال أمنية,0,standard,positive
لنحاول المساعدة على تدفئة أطفال صغار يواجهون قساوة الطقس والمناخ باجسادهم الضعيفة,0,standard,positive
النفاق في الحياة في المعاملة في بزاف ديال المواضع,1,dialectal,negative
فين هادشي,1,dialectal,neutral
على فكرة الاناث اللي يتعصبو على الكورة قلال نحييك,1,dialectal,positive
محكمة الرباط ترفض الطعن بمؤتمر حزب الكتاب,0,standard,neutral
اللهم صل و سلم على نبينا محمد,0,standard,neutral
الاعتداء الهمجي علي الاستاذ خالد,0,standard,negative
ان شاء الله و حتى نتا الله يعطيك ماتمنى,1,dialectal,positive
شيء مخزي و محزن,0,standard,negative
المهم هو الروح الرياضية سواء فازت ريال مدريد أو انهزمت برشلونة,0,standard,neutral
فتبارك الله أحسن الخالقين,0,standard,positive
لكل شخص يقرأ إن كنت مطمئنا بأيامك الحالية أتمنى أن تستمر هذه الطمأنينة دائما,0,standard,positive
رصاص الاحتلال يواصل الفتك بشباب فلسطين,0,standard,negative
تأسيس تنسيقية لرفع أجور الأساتذة الباحثين,0,standard,neutral
وتجسدت الطبيعة في صورتها الكاملة,0,standard,neutral
حرام كسر الخواطر يا قساة القلوب,0,standard,negative
تيقتك تيقتك,0,standard,positive
نمشي نشرب كاس اخر,1,dialectal,neutral
سبحان الله الماء كثير ومكيحبسش والجو زوين بزاف وجوه الخير شكون فايت ليه مشا لهاد البلاصا,1,dialectal,positive
فعلا لكن مستواه أكبر من ان بفهمه التلاميذ يمكن فرضه في الجامعة,0,standard,neutral
اللهم امين يا رب العالمين,0,standard,positive
و جزاك الله بالمثل و كثر من امثالك دمت طيبة,0,standard,positive
هم السابقون و نحن اللاحقون,0,standard,neutral
اودي غير الصبر حتى انا واحد المرة كاع دوروني واحد سبيطار كامل كل واحد يسيفطني لبلاصة و لي سولتو فين جا بنك الدم يقوليا مالك ا ختي شايط عليك الدم عطيه ليا لشايط عليك هادو خدامين ف سبيطار يا حسرة خليها عالله و صافي,1,dialectal,negative
لا يتألم إلا من كان وفيا أكثر مما يجب,0,standard,negative
ماذهب فاتركه يذهب لا أريد شيئا ملطخا بالرجاء حتى وإن كانت الحياة,0,standard,neutral
زوين,1,dialectal,positive
هادشي لي مخليني نكمل ونتقاتل باش نوصل داكشي لي بغيت شكرا بزاف الحبيب كلام زوين فحقي صراحة دموعي بغاو يهبطو فاش سمعتو كملو المساندة ديالكم ليا عام ديال الكفاح و مازال أحبكم,1,dialectal,positive
نفس المنطق,0,standard,neutral
لا تنسى المرة الأولى من كل شعور,0,standard,neutral
اشتقت اسهى في كلامك وابتسم,0,standard,positive
جرح عميق,0,standard,negative
سقوط الانقلاب وشيك لكن انصاره سقطوا فعلا فى عيون كل الاحرار,0,standard,negative
فكرة مجهدة هادي تصلاح تكون في واقع التطبيق ان شاء الله,1,dialectal,positive
انا مغربي مائة في المائة اخي غير ضاحكين,1,dialectal,positive
ربي يحفظك و يمتعك بسعادة الدنيا و الاخيرة,1,dialectal,positive
راه يخطط كيفاش يرجع,1,dialectal,neutral
سأعتبر المباركة تمت و ادعو الله لك السعادة,0,standard,positive
لا يلزمك أن تأخذ بقول قرأته لناقد أو باحث به واحتفظ بقولك واختيارك، فلم يخلقك الله لتكون عبدا لأقوال غيرك,0,standard,neutral
يا رب لي و لكي و لكل من يحبهم قلبكي غاليتي,0,standard,positive
روعة مرورك غطت كل الروعات شكرا لاطراءك و كلماتك الجميلة,0,standard,positive
شكرا لهلا يخطيك,1,dialectal,positive
تلقاي الخير غاليتي,1,dialectal,positive
كن صديقا جيدا,0,standard,positive
الله يعزك و ينورك,0,standard,positive
الصورة تعبر عن ثقافة و وعي الشعب,0,standard,positive
خدمة مجانية ولكن غياب تام للجودة و المراقبة مجرد تهور,0,standard,negative
صلى الله عليه و سلم,0,standard,positive
قاليك الالا هادوك مامزيانين و الله اعلم,0,standard,neutral
كارثة بشرية,0,standard,negative
صباح العز و النصر خويا انس,1,dialectal,positive
المعنى الحقيقي لتخلفك يا وطن,0,standard,negative
الله يسلمك يا اخي,0,standard,positive
ما معنى تسلسل القيادة,0,standard,neutral
إذا أردت أن تعرف جوهر الشخص يكفيك مقارنة حديثه عن أصدقائه في حضرتهم وأثناء غيابهم,0,standard,neutral
قتلوا وحرقوا وأصابوا واعتقلوا ولاحقوا وطردوا واهانوا وشوهوا كل الشرفاء,0,standard,negative
الحمد لله هادشي للي قلنا و عاتبونا,0,standard,mixed
تهلك الأمم بأفعال المترفين الفاسقين,0,standard,negative
وليكن ما تريد يا سيدي,0,standard,positive
عيد ميلاد سعيد عمرو بالواو متمنياتي بالنجاح و دوام السعادة والافراح,1,dialectal,positive
حبك في قلبي أطهر من نوايا اليتيم,0,standard,positive
موهبة مغربية تشق طريقها في الدوري الهولندي,0,standard,neutral
تحية لكل من علمني وعبرهم تحية لكل مدرسي العالم,0,standard,positive
عندك رشيد غلام ولطفي بوشناق مستحيل نسمعهم وميتبورش لحمي ونتخشع,1,dialectal,positive
قصة قصيرة تحمل في طياتها خبايا ومعاني كبيرة الف شكر لكل من يعمل عمل مثل هذا,0,standard,positive
هاد لفقيه خطار والله,1,dialectal,negative
و انت ايش دخلك بنا,1,dialectal,negative
يا للروعة,0,standard,positive
الله المعين ا ختي و الله يهدي الجميع,0,standard,positive
سعيد لمروركم,0,standard,positive
تحطم طائرة مصرع شخصا من دولة بينهم مغربيان,0,standard,negative
اللي عنده أمه الله يخليها ليه و اللي ماتت الله يرحمها,1,dialectal,positive
أبحث دائما عن روح الأشياء، لا شكلها,0,standard,neutral
اني ارى رؤوسا قد اينعت و حان قطافها,0,standard,negative
أنا لم اتكلم عن الدين,0,standard,neutral
رابع ابطال على التوالي على الطريق,0,standard,positive
اجمل نصيحة لا تعاتب فقط عامل بالمثل,0,standard,neutral
زكات الفطر تجب على كل مسلم قادر عليها من كل عام، وهي تسبق يوم الأول من شوال، طهرة للصائم وتعميما للفرحة، وزكاة للنفوس والأبدان وأضيفت الزكاة إلى الفطر لأنه سبب وجوبها، وتمتاز عن الزكاوات الأخرى بأنها مفروضة على الأشخاص لا على الأموال,0,standard,neutral
بداية المباراة بالتوفيق للرجاء,0,standard,positive
الف الف مبروووك ل رجااء,0,standard,positive
اخجل من أن يسمعك الله وأنت تقول لنفسك كم أنا وحيد,0,standard,neutral
الله يشافي و يعافي,1,dialectal,positive
الله يطول لينا ف عمرو المعلومة في دقيقة,1,dialectal,positive
الاخوان سيضاعفون اعتصاماتهم الإجرامية وغاراتهم المسلحة,0,standard,negative
الحديث مع الغرباء مريح جدا,0,standard,positive
وجوه الخير حنا فالإستعدادات واش واجدين,1,dialectal,positive
الحياة دروس و عبر,0,standard,neutral
غنمشي نشوف شكرا تحياتي,1,dialectal,positive
ذلك الاحساس باللذة الذي يلاحظ لدى أقرب الاقرباء حين يرون شقاء يحل بقريبهم و هو احساس لا يخلو منه اي انسان مهما كان احساسه بالحسرة و الشفقة و الاسف صادقا لم يسبق ان انتبهت لهاد المسألة غير اني ارى فيها مبالغة,0,standard,mixed
كذبة ابريل,0,standard,negative
وصف دقيق للخونة غالبتي,0,standard,mixed
انت مستواك عالي بالآخلاق والآداب والقلب النقي والنفس الطيبة,0,standard,positive
إياكم و مصاحبة المغرور,0,standard,neutral
أنتم كذابون وقتلة,0,standard,negative
كلما زاد الجرح زادت القوة ولا نهاية لشيء سوريا الثورة نامي على جراحكي و لا تستنجدي بأحد,0,standard,negative
لا بأس أيتها الجميلة ستزهرين,0,standard,positive
الله اكبر,0,standard,positive
اسعد الله صباحك بكل خير صباحك رضى و طمئنية من الرحمن لك الف تحية من المغرب طاب يومك,0,standard,positive
أكثروا من قول اللهم إنك عفو كريم تحب العفو فاعفوا عنا,0,standard,positive
جمال السماء و كأنه لوح مرسومة سبحان من أودع الجمال في كل شيء,0,standard,positive
اشتقت إليك بالإيطالي تقال لا تعني أشتاقك، ولكن معناها الحرفي بشكل دقيق كنت تنقصني المعنى لطيف جدا للافادة بقية,0,standard,positive
سلاما لمن ألقت الدنيا في طريقهم أشواكا فعبروا من فوقها راضين مرددين لعل نهاية هذا الطريق بستانا يزهر,0,standard,positive
لولا التغاضي مابقى معنا رفيق,0,standard,positive
يسعدني اكثر ان لا تصدر احكامك الخاطئة في حق الناس قبل فهم قصدهم,0,standard,positive
انا اللي نتعجب ليه كفاش حتي قنعهم او اقتانعو الجهل باق ف البلاد للاسف,1,dialectal,negative
كلمتان خفيفتان على اللسان ثقيلتان في الميزان حبيبتان إلى الرحمن سبحان الله وبحمده سبحان الله العظيم,0,standard,positive
للأسف منهم اغبياء وجهلاء يسيرون البلد,0,standard,negative
بالتوفيق للي عندهم اختبارات,1,dialectal,positive
أهديني أغنية ليصبح الطريق بيننا أقرب,0,standard,positive
الجمال هبة من الله,0,standard,positive
كم بطن للنحله اقرأ من سورة النحل يخرج من بطونها شراب ولماذا قال رب العزة بطونها بالجمع ولم يقل بطنها بالمفرد تبين ان النحلة فيها ثلاثة بطون تاخذ الرحيق ويدخل للبطن الاول فترة ثم يفتح صماما فينزل الى البطن الثاني الذي يحوله إلى عسل,0,standard,neutral
عزلة بعيدا عن هذا العالم البئيس,0,standard,negative
صراحة أحسن فيلم تفرجت فيه فكاهة رائع و حتى القصة أروع أستاذة فاطمة علي بوبكدي هرم الاخراج المغربي,1,dialectal,positive
لن نسلم من هذه الناحية فمصلحة البلد تسير طبقا لمصلحتها,0,standard,negative
مرض التفكير ليس له علاج حتى ولو استطعت أن تنام ستحلم بما تفكر به,0,standard,negative
اجي مرحبا بيك,1,dialectal,positive
يبتسم لك قلبي كل مامريت في بالي,0,standard,positive
الله عليك فعلا انا محب للبيئة,0,standard,positive
خلف كل نافذة مضيئة في وقت متأخر من الليل قصة,0,standard,neutral
سمحليا,1,dialectal,positive
صباحكم اللهم فرجها على أهل فلسطين,0,standard,positive
لعن الله المتشبهين من الرجال للنساء,0,standard,negative
عيونك تغفر كل زلاتك ، عيونك تهزمني كل مانويت أقسى,0,standard,mixed
”ولأنك خجلت من الرفض مرة صار عليك فعلها كل مرة البشر استغلاليون تعلم أن لا تستحي ”,0,standard,negative
قناة العربية تستحمر الشعوب,0,standard,negative
فساد كروى أتحاد قطري فاشل وفاسد شراء مشجعين للتواجد في مباراة و في نصف نهائي بطولة,0,standard,negative
تحياتي و كل احترامي لكي سيدتي,0,standard,positive
الله يرزق غا صحة وسلامة حتى نتا,1,dialectal,positive
علاش ياك اودي لاباس,1,dialectal,neutral
وماذا لو أخجلك الله بكرمه ومنحك تلك التي أقسمت أنها مستحيلة,0,standard,positive
بكلامك هذا اقصيت المغرب مبكرا,0,standard,neutral
رسالة اليوم,0,standard,neutral
ما وحشك اللي عجز دونك ينام,0,standard,negative
لا دخل لكم في بلدنا الصحراء مغربية وحررها المغاربه,0,standard,mixed
لاتحزن إن الله معنا,0,standard,positive
اعشق بلادي,0,standard,positive
البرلمان البريطاني يرفض بريكست دون اتفاق,0,standard,neutral
الله يرحم والدك ويرزقه فسيح جناته,1,dialectal,positive
الشاعر أخريف يوقع مفترق الوجود في طنجة,0,standard,neutral
من أراد البقاء فأبسط له قلبك,0,standard,positive
البحيرة الجميلة هذه تحتوي على العديد من البحرية الصغيرة كالأسماك الملونة والتي تتميز بجمال ألوانها,0,standard,positive
ربي يطول لك في عمرها و يحفظك ليها يا رب,1,dialectal,positive
آميين انما الاعمال بالنيات,0,standard,neutral
لغير الله لاتشكو ولا تلجأ ولا ترجو,0,standard,neutral
سآنزلك من حيث رفعتك,0,standard,negative
يخليلي الغاليين على قلبي انا,1,dialectal,positive
سمحي ليا هي قلات الأدب هو مول العقل هي مراهقة كاين طرق أخرى,1,dialectal,negative
مدلع كثر من القياس,1,dialectal,neutral
تعلق بربك ولن تؤذيك خيبات البشر,0,standard,positive
اش كاتعني ديك العبارة,1,dialectal,neutral
مبرع مع راسك,1,dialectal,positive
كأس الكاف الرجاء يتعادل مع ضيفه حسنية أكادير,0,standard,neutral
الجهاد الحقيقي هو حفاظنا على ان تكون قلوبنا نقية,0,standard,positive
مزيان كنت واحد المدة غادي نجي لطانطان ساعة مكتابش,1,dialectal,neutral
فشروط إصلاح البال ثلاثة مذكورة في كتاب الله الإيمان بالله عمل الصالحات العمل بتعاليم ما نزل على سيدنا محمد بشكل فعلي أراح الله بالي و بالكم ، وكفر سيئاتي وسيئاتكم ،، وهداني وإياكم طريق الصواب اللهم أصلح بالنا جميعا,0,standard,neutral
الوالدين نعمه ولا تقدر بثمن وقل ربي ارحمهما كما ربياني صغيرا,0,standard,positive
من مفارقات الحياة,0,standard,neutral
انا ذاك اللي عجز يلفته غيرك,0,standard,positive
الله ينصر الحق,0,standard,positive
شي حد دار ليها شي حاجة و عممتيها علينا كاملينا التعميم منطق الجهلاء كاينين ناس تغير على ولاد و بنات بلادها ماشي كلشي في سلة وحدة,1,dialectal,negative
كي لاتموت مرتين ، لا تعد لمن خذلك,0,standard,mixed
يكسرون فيك ألف خاطر ويعتقدون أنك بخير,0,standard,negative
أحب فيك ما لا تحبينه فاطمئني,0,standard,positive
الأسلوب سيئ,0,standard,negative
لوطيل سلسلة كوميدية على يوتيوب تنتزع إعجاب المشاهدين,0,standard,neutral
في ناس تراقبك حب وفي ناس تراقبك حقد,0,standard,mixed
ارفض و ارفض العنف بكافة أشكاله وألوانه ومصادره,0,standard,negative
كن بخير فهناك قلب يحب إبتسامتك كثيرا,0,standard,positive
وفيك بارك الرحمان,0,standard,positive
او عاودي ضغطي على اعادة تغريد لتمحى القديمة و عاودي غردي من جديد,1,dialectal,neutral
وجمعتك طيبة اخي الكريم,0,standard,positive
الآن حان وقت العربية الفصحى,0,standard,neutral
مرة الجاية ان شاء الله,1,dialectal,neutral
شكرا لك على هذه المعلومات القيمة,0,standard,positive
سير عالله خليها كما هي,1,dialectal,positive
حتى الاصحاب بينهم حب وحكايات واغاني,0,standard,positive
لا آريد منك الجسد، آريد منك الحياة والحلم معك، لا آريد منك آن تتزيني بالمساحيق بل تزيني بالكتب، ولا آريدك آن تكوني نصفي الآخر، بل كوني آنا وآنت بروح واحد,0,standard,neutral
السلام فين يمكن لي نلوح هاد اللعيبات,1,dialectal,neutral
النية الصادقة والإهتمام والأمان,0,standard,positive
هم اعداء نفسهم,0,standard,negative
لا بد من التنزه الإراحة النفس,0,standard,positive
عينان لا تمسهما النار أبدا عين بكت من خشية الله وعين باتت تحرس فى سبيل الله,0,standard,positive
الصورة عجييييبة,1,dialectal,neutral
آلف مليون قبلة على جبين المرآة مهما كانت صفتها آم آخت زوجة آو بنت,0,standard,positive
تعالى ياحبيبي تعالى,1,dialectal,positive
هذا ليس مضحك ، بل مخزي ، يا للخزى و العار,0,standard,negative
سلاما على من ارادو لنا الانكسار فخيب الله ظنهم وزادنا قوة بعد قوة,0,standard,mixed
احلى رفقة,0,standard,positive
و كفى يالله شهيدا,0,standard,neutral
ياشبية الغيم من بعد المطر يامطر قلبي وأحبابي أنا,0,standard,positive
هناك آشخآص لايتكررون يبقون هم آلمميزون بصدقهم بمبادئهم باخلاقهم,0,standard,positive
تعادل بطعم الإنتصار,0,standard,positive
حصيلة سنوات عجاف تمنع أفقر جماعات اشتوكة من الإقلاع التنموي,0,standard,negative
مشكلة كبيرة يسحاب ليه داكشي غادي يمر بدون حساب اليوم القيامة,1,dialectal,negative
من يستحق الموت هو القاتل الارهابي الكافر وكل من يمجدوا فعلته الموت لهم,0,standard,negative
وهبي يسائل العثماني عن تشكيكه في الانتخابات,0,standard,neutral
خلاصنا في العودة لشرع ربنا غير ذلك لا ارى سبيلا للخلاص,0,standard,neutral
زادت على القياس عبودية ماشي غا تبعية,1,dialectal,negative
ساتأقلم مع التغيير لاننا نحب التغيير,0,standard,positive
ناري لوقت شحال كتبدل,1,dialectal,neutral
التجاهل عقاب لذيذ,0,standard,negative
فعلا هو عالة على الفريق و لا حل له,0,standard,negative
لو تغيب شوي توحشني كثير,0,standard,positive
العثماني يؤكد استعداد المغرب لتقاسم تجاربه وخبراته مع العراق في عدد من المجالات,0,standard,neutral
الله يرحموا اكيد كانو حجات بزاف فرحوك,1,dialectal,positive
تماما أتفق معك,1,dialectal,positive
كرهت هدا الروتين,1,dialectal,negative
ماعرت علاش مازعمتش عليه بديت شوية ف الحلقة الاولى و ماكملتش,1,dialectal,positive
توقع شي نهار يطلبو منك الحالة المدنية كلها,1,dialectal,neutral
سرقه الحوثيين للمساعادات الانسانيه القادمه الى اليمن دون التمييز انهم اطفال وكبار سن,0,standard,neutral
ربي ينورك خويا,1,dialectal,positive
انا من حزن حظي اذا احتجتك تغيب,0,standard,negative
الله يعينك,0,standard,positive
بذلت كل جهدي,0,standard,neutral
تدوم بسمتك يا غالي اشتقتك والله يا اروع سليم,0,standard,positive
عادي عادي الله يهدي ماخلق,1,dialectal,neutral
هانتي تشوفي,1,dialectal,neutral
متشرفين احسن ناس و الله,0,standard,positive
دوام الخير ان شاء الله,0,standard,positive
قريب الروح لو داره بعيدة,0,standard,mixed
واش متأكدة محاولة سرقة ولا فقط وسوسة,1,dialectal,neutral
هاد الأيام كمية الحقد ازدادت فالتويتر,1,dialectal,negative
إذا حاصرك العسر من كل الجهات فاعلم أن اليسر يختبئ في زوايا قريبة منك,0,standard,positive
و الله انهم لا يفلحون الا في المكر و الخداع,0,standard,negative
وزارة الصناعة ترصد مخالفات في تجارة الإنترنت,0,standard,negative
ألف مره قلت لك وجهك من أسباب المسره حتى صوتك أغنية,0,standard,positive
وحدتنا التي أفسدتها بإخلافك المستمر لوعودك,0,standard,negative
سيكرهونك لفشلك وسيكرهونك لنجاحك,0,standard,negative
هاي نهاركم مبروك وسلامي لهاد الفن الجميل لي كيكون فالشارع تحياتي الخالصة نسرين كتسلم عليكم,1,dialectal,positive
جعلني الله أحسن مما تظنون ممتنة لكلامك,0,standard,positive
صلوات ربي وسلامه عليه وعلى آله وصحبه أجمعين,0,standard,positive
ما كان يبدو مستحيلا,0,standard,neutral
الذي كانت تأكله طيور الدوري بشكل مأساوي في جميع أنحاء البلاد قاضيا على المحاصيل فكان ذلك أحد الأسباب الرئيسية لمجاعة الصين الكبرى عام والتي تسببت بوفاة خمسة عشر مليون إنسان بالجوع,0,standard,neutral
الحگرة و كون كانت بنادم,1,dialectal,negative
تنعرفك اطيب خلق الله مادرتيهاش بلعاني اوا لغي الحضر عنها عافا خويا زوين,1,dialectal,positive
فنزويلا تمهل دبلوماسيين أمريكيين لمغادرة البلاد,0,standard,neutral
العودة ستكون بإذن الله لكن هل ستكون لنا بصمة فيها,0,standard,neutral
معك حق,0,standard,positive
اذا وصل اخر الشهر,0,standard,neutral
ظننتها حقيقية,0,standard,neutral
شكرا جزيلا لك أكيد سيكون ذلك,0,standard,positive
نهاية حزينة لعملية إنقاذ طفل سقط في بئر,0,standard,negative
مااجمل ان نكون نشتغل في انفسننا لا يهم احد سوى رضى الله لا يهمنا من حبنا او كرهنا,0,standard,positive
طابت أيامك وطاب قلبي المشتاق,0,standard,positive
من لحاجات زوينة كوميم من لمدن لقلال فالعالم لي مزال محتفضين على هويتهم وارثهم التراثي وحتى تاريخي هادشي لي كيخلي مراكش مميزة عن اي بلاصة فالعالم,1,dialectal,positive
عجبني الرد حياك الله,1,dialectal,positive
مرحبا نورتي,1,dialectal,positive
ما الحب إلا للحبيب الدي وفا,0,standard,positive
سورة سبأ,0,standard,neutral
السلام مفتاح المحبة كما اخبر الصادق الامين صلى الله عليه وسلم,0,standard,positive
صاحبك لي بصح صاحبك كيبغيك فوجهك و حتى فظهرك,1,dialectal,positive
هادشي لي عطى الله,1,dialectal,negative
صدموهم بالهدف الثاني,1,dialectal,negative
اتفق معك طبعا لكن الادارة لديها رؤية اخراى اعتقد,0,standard,positive
هم من قامو بسرقه المساعادت الانسانيه المقدمه من دولة اليمن واستكمالهم لمسيره السرقه والتخريب,0,standard,negative
لعنكم الله جهنم وبئس المصير ايها العازفون,0,standard,negative
سبحان الله ضريف و اقتصادي,1,dialectal,positive
لا حول و لا قوة الا بالله الله يرحمه و يوسع عليه,1,dialectal,positive
فرنسا تفعل بنا ما تشاء للاسف,0,standard,negative
محمد صلاح ينشر الاسلام في انجترا,0,standard,neutral
صباح الخير على الجميع وجمعة مباركة طيبة سورة الاعراف ولتكون منكم الامة يدعون إلى الخير,0,standard,positive
لهلا يخطيكم,1,dialectal,positive
القلوب الصادقة حظها قليل,0,standard,negative
قطر الخراب,0,standard,negative
نرجو من الله ذلك,0,standard,positive
ضبط هاتفا ذكيا مهربا بالميناء المتوسطي ب طنجة,0,standard,neutral
زمنهم جميل قصصهم فخر كلامهم حكم ترى ماذا سنحكي لأحفادنا عن زمن فارغ,0,standard,positive
رسالة صباحيه قلبا على الله أتكل ، محال أن يهزم,0,standard,positive
كنحس باللي نصيبي من الحظ قليل او في نفاذ,1,dialectal,negative
الأم هي الوحيده التي ستبقى تحبك مهما أخطأت,0,standard,positive
مصدر بوتفليقة يعود إلى الجزائر اليوم الأحد,0,standard,neutral
اه متافق معاك انفتاح و اغناء رصيد و ما الى ذلك لكني قلت ف التغريدة باللي تطلق عليهم,1,dialectal,positive
ما أشد حيرتي بين ما أريد وما أستطيع,0,standard,neutral
فوضت أمري لملك الملوك سبحانه,0,standard,positive
سلام على الدنيا إذا لم يكن بها صديق صدوق صادق الوعد منصفا,0,standard,neutral
ترى الخطأ ممدوح بين الجاهلين,0,standard,negative
الذين يسافرون يتغيرون تتغير نظرتهم للحياة تتغير فكرتهم عن الرفاهية عن رائحة الهواء عن معنى الراحة و ربما عن الإنتماء,0,standard,positive
توقعات الأرصاد الجوية لطقس اليوم الأربعاء,0,standard,neutral
الشياطين تستعين بالاسود لتعطيل الحواسيب,0,standard,neutral
في حب الله لا يوجد خذلان و لا خسارة شكرا لدعاءك اخي الفاضل و جزاك الجنة,0,standard,positive
يبتعد شئ ، ليقترب شئ أجمل,0,standard,positive
آخر رد لعمر بجاي على أغنية حليت عيني,1,dialectal,neutral
امين يا رب و حتى نتا,1,dialectal,positive
ليس كل من يدعى انه صديق فهو صديق حقيقي للأسف,0,standard,negative
هذا هو السؤال المحير,1,dialectal,neutral
لعنة الله عليكم فظحتونا,0,standard,negative
صدقت و هو اقرب اليكم من حبل الوريد,0,standard,neutral
شكرا ارجو لك كل التوفيق أيضا,0,standard,positive
الله يخلف عليك,1,dialectal,positive
اللهم آمين يا رائعة,0,standard,positive
لك في عيوني شوق ينتظر لحظة لقى,0,standard,positive
اكادير جمالها لا يتكرر ولا يقارن بأى جمال,0,standard,positive
هذا هو الصوت الشعب,0,standard,neutral
ماهذا الجمال بحق الرب,0,standard,positive
الحمد لله والشكر لله المهم بصحة فطوركم,0,standard,positive
مسلخير عليكم من جامع الفنا,1,dialectal,positive
وحدة تعيش معها مثل هاد اللحظة تكفي,0,standard,neutral
رغم الخسارة نالوا احترام العالم بلد الرجال المحاربين الكادحين المقاتلين لكن آقلهم حضا الشعب باكمله رجال نساء المغرب التابعة,1,dialectal,positive
الطول ماشي مهم المهم هو الخدمة,1,dialectal,neutral
الحمد لله كلشي داز مزيان كان جمهور فالمستوى شكرا ليكم بزاف على تشجيعاتكم شكرا لأعضاء الجمعية كااملين شكرا طارق أحرار رئيس الجمعية شكرا الأمن اكبر تحية ليكم كنبغيكم حبابي,1,dialectal,positive
الحمد لله على نعمة الإسلام الرسول صلى الله عليه وسلم بين لنا علامات الساعة الصغرى و الكبرى,0,standard,positive
قلت لك الحقيقة,0,standard,neutral
على أساس أنا عندي راه غير سنطيحة وصاف,1,dialectal,positive
الحب من أجمل المشاعر الإنسانيةوهو سبب في سعادة القلوب وفرحها وإدخال البهجة إلى النفوس,0,standard,positive
بلا احراج ديال تصاور ولكن انا الصراحة تبدلات حياتي درجة من لدابا ان شاء الله الي جاي احسن و احسن لينا جميعا,1,dialectal,positive
يمكن جات عليها مقولة فيها خير خير للنفس ترتاح و تسترجع الطاقة,1,dialectal,positive
شي دفيعة لهاد المرآة المكافحة الكادحة المقاتلة تترزق الله بكتافها و بكل تفاني لتحضر قوت الحلال رائع هذا يفرح تحياتي ترفع لك القبعة,1,dialectal,positive
القلوب الجميلة لا تنكر الفضل أبدا,0,standard,positive
الارجنتين اخويا معندهاش تشكيلة بجودة عالية خاطيني من هادوك الربعة اللي عندها ف الهجوم عطيني وسط سوبر اريير دروا سوبر اريير گوش سوبر مكاينش,1,dialectal,neutral
وتلك الأيام نداولها بين الناس,0,standard,neutral
ان كان المطبعون عرب مسلمون حقا التطبيع مع الكيان الصهيوني المحتل هو حرام من الكبائر بنص الآية الكريمة,0,standard,negative
سوريا ترتكب بها جرائم ضد الإنسانية,0,standard,negative
الله يملي قلبك فرح كثر الغيوم اللي ملت الدنيا مطر,0,standard,positive
فعلا شخص يستحق كل الاحترام,0,standard,positive
صحيح كلامك انا لا اختلف معك فيه لكن بدل التصدي لهذه المخططات ماذا فعل حكامنا الميامين,0,standard,positive
حراسة مشددة على مساجد اليوم وقت صلاة الجمعة,0,standard,neutral
يارب امين,0,standard,positive
مهما تغيب تبقى قريب,0,standard,positive
عيد ميلاد سعيد وكل عام وانت بالف خير,0,standard,positive
بغينا العرب ترضى لقينا العرب مرضى,1,dialectal,positive
يبدو ان هناك من غادر ليتيح لغيره الاحتفال بها,0,standard,neutral
تقبل الله منا و منكم صالح الاعمال,0,standard,positive
عندما يتجسد النفاق و الكذب في أسوء صفاته,0,standard,negative
سيفهموه عندما يذوقون مرارته لكم الله اهلها بسوريا الحبيبة,0,standard,mixed
اللهم شيئا جميلا لم يكن بالحسبان,0,standard,positive
ترحب بيك جنة غ ضربت طليلة حيت توحشتكم,1,dialectal,positive
الدعوة بلا حق ترجع لصاحبها و ان شاء الله يخرب بيتك انت,1,dialectal,negative
أخلاق و روح رياضية,0,standard,positive
دراهم لمتابعة مباراة في البطولة الاحترافية,0,standard,neutral
وحتى اللي ارتكبت معاه اخطاء كتحاول ما تكررهم مرة اخرى مع احد ثاني,0,standard,neutral
فرق كبير بين من يرعى أبنائه ومن يربيهم الأول يوفر المأكل والمشرب والملبس والثاني يبني القيم والقناعات ومعايير الخطأ والصواب,0,standard,neutral
أسوأ الناس خلقا من إذا غضب منك أنكر فضلك أفشى سرك و قال عنك ما ليس فيك,0,standard,negative
كيقلب على والديهم ماشي حبا فيهم انما باش اعرف اش دار لبهم فاش لاحوه في الزنقة,1,dialectal,negative
أهلا وسهلا بكم أصبحنا وأصبح الملك لله اللهم اجعل يومنا يوما موفقا يتيسر فيه كل صعب وتجنبنا فيه يا ربنا كل قبيح اللهم اعنا على ذكرك وحسن عبادتك وارحمنا واعف عنا وعافنا,0,standard,positive
المغرب يحتل مراتب متأخرة في تمثيل النساء داخل الحياة السياسية,0,standard,negative
الحياة خلقت لتعيشها لا لتفكر فيها,0,standard,neutral
الله يخليكم لبعض,1,dialectal,positive
ان الأمر لله كله,0,standard,neutral
النفس المؤمنة الصادقة تتألم لكثرة الباطل,0,standard,positive
حدراف معروف بي اخلاق ديالو,1,dialectal,positive
مبروك لفريق اتحاد طنجة إلى الموسم المقبل ان شاء الله,0,standard,positive
صباح النور والسرور,0,standard,positive
المغرب من أجمل بلاد العالم من حيث الطبيعة الخلابة,0,standard,positive
مامرتابطاش بيهم و لكن عندهم دور بالنهاية حنا ماعايشينش بوحدنا عايشين ف مجتمع بغينا و لا كرهنا كايأثر علينا,1,dialectal,neutral
حياة يقودها عقلك أسهل بكثير من حياة يقودها قلبك,0,standard,neutral
لم يكن حياء الفتاة وحده كافيا موسى لما قدم الى مدين كان خائفا من قوم فرعون و اراد مكان يستقر فيه و يختبئ و يطمئن ضميره حتى حين فوجده هناك و اب الفتاتان شرط عليه السبع سنوات و ان اكمل عشرا فمن عنده تقبلي مروري,0,standard,neutral
اتقي الله أيها المنافق فوالله لن ينفعك تمسحك الرخيص بابن سلمان حين تقف أمام الله عز وجل ليحاسبك,0,standard,negative
كلها يلعب قدام باب دارهم,1,dialectal,neutral
ماء العينين فضل فبراير كبير على المغرب,0,standard,neutral
أجمل إحساس فاش كنغني فأي بلاصة وتيجيو يتصورو معايا الناس الزوينين كنبغيكم بزاف وكنموت عليكم خليكم فجنبي حبابي,1,dialectal,positive
الله يسخر ليك و بلا ازمة ا سيدي,1,dialectal,positive
و أخيرا وصل العيد للمغرب بعد طول انتظار دام ساعة واش من نيتكم العالم كله معيد بارح حتال المروك اليوم,0,standard,positive
ربى يحفظ بلادى ويبعد عنها الحاقدين,1,dialectal,positive
اتفق معك تماما الناس تمشي على هواها و تبرر مواقفها على هواها و ما عسانا فاعلين غير التشبت بما نراه صائبا و ان تعرضنا للعراقيل فما من طريق سلمت من الشوائب,1,dialectal,mixed
الضرب المفضي إلى الموت يجر شابين إلى القضاء,0,standard,negative
بالرغم من اصابته قاوم و قاتل,0,standard,positive
وانت منهم مساء النور,0,standard,positive
اللهم يسر لنا الخير حيث كنا و حيث توجهنا,0,standard,positive
لم اناقشه في شي و لا اعرفه حتى دخل تغريدتي و تهجم عليا بدون سبب يذكر الكلب النابح السافل المنحط,0,standard,negative
الملحون غناء شعبي فيه كلشي,1,dialectal,neutral
الله يفكرنا في الشهادة,1,dialectal,positive
ما شافك اللي يقول الزين ما يكمل,1,dialectal,positive
إعتداء على مشجعين ل من طرف مجموعة من مشجعي,0,standard,negative
انها الحضارة الزائفة,0,standard,negative
بالرغم من آن البعد عن الناس راحه إلا آنك في بعض الآحيان تحتاج الى رفيق تثق به ويكون لك سندا فى مراحل حياتك,0,standard,neutral
العضو الجاهل لاتحاد الكرة,0,standard,negative
رئيس حكومة البيرو ممثل محترف ومحام متمرس,0,standard,neutral
كل شعب أدرى بقدرات منتخبه,0,standard,neutral
ويسعدك ويفرح قلبك يا رب,0,standard,positive
هناك شرفاء اخي الكريم من اللي قادرين على المسؤولية خاصهم غير يكونو متحررين من القيود وراك عارفني علامن داوي خاص غ الفكرة توصل,1,dialectal,neutral
طريقة الكلام ديالو بحال ديال العاهرات,1,dialectal,negative
الحمد لله و الشكر يا غالي انا مسرورة انك بخير و بركة دامت عليك السعادة و السلامة يا رب,1,dialectal,positive
اعتقال بطل المختلطة بتهمتي السرقة وارتكاب عمل إجرامي,0,standard,negative
صحيح اخلاقنا ضاعت فضاعت الامة الله المستعان,0,standard,negative
مما جاء في كتاب فك الله اسره قوله ولو أن المليارات الفلكية التي أعطيت لترامب وشركاته غير ما أعطي من الهدايا أنفقت لقضايا المسلمين وفكاك أسراهم، لكان خيرا حتى في السياسة الدنيوية,0,standard,neutral
جايين ضيوف عند الملك,1,dialectal,neutral
مشاركة وازنة في أشغال الدورة الخامسة لمنتدى كرانس مونتانا بالداخلة,0,standard,neutral
دعواتكم مع أبي الله يشافيه يا ربي,1,dialectal,positive
عسى الله ان تعودوا لنا سالمين غانمين,0,standard,positive
أمريكا ترخص لرئيس الكاف أحمد أحمد بالدخول إلى أراضيها مقابل هذا الشرط,0,standard,neutral
شوية وصافي,1,dialectal,neutral
الله يسهل عليك خويا فؤاد,1,dialectal,positive
تحليلك للامر في محله لا يجب ان نحكم على شيء من منظوره الخارجي و جب التريث للجزم في الامر,0,standard,positive
في بعض الأحيان أضطر لفعل ذالك وفي بعض الأحيان أشتكي لشرطيي المحطة الذين لايفعلون شيئا,0,standard,negative
آمين و جميع آباء المسلمين,0,standard,positive
رمضان بدت العشر الاواخر ، يارب تجعلنا من المعتوقين من النار,0,standard,positive
ستمر عليك آوقات ستعرف فيها آنك آقوى مما تتخيل و آن صراع مركبك الذي ظننته ضعيف و آتلفه الهواء يمكن آن يبحر بعيدا دون مساعدة من آحد,0,standard,positive
احذر أن تموت و ذنوبك على قيد الحياة,0,standard,neutral
اودي لي طيب القلب غير كاياكل العصا هاد الوقت,1,dialectal,mixed
تسلم من كل شر اخي,0,standard,positive
صباحك طمئنية و رضى ورحمة,0,standard,positive
سحور ديال النهار اللول,1,dialectal,neutral
الله يسر ليك,1,dialectal,positive
الناس تبني على الافعال اكثر من الاقوال,0,standard,neutral
الله يفرحهم,0,standard,positive
مدرب غبي,0,standard,negative
الصويرة مدينة الفنون و الألوان,0,standard,positive
لا تغرد بمثل هذا ثانية,0,standard,neutral
غالبا لا أفضل الدخول في جدال مع أمثالك لكن ليس هناك دولة ترعى الشر وغارقة في الفساد أكثر من السعودية في العالم والسعودية هي الدولة الأقل شفافية والأقل ديمقراطية في العالم قبيلة تحكم مجموعة من القبائل هذا هو النظام السياسي في السعودية,0,standard,negative
الله كيلطف بينا الحمد الله,1,dialectal,positive
سامح و اصفح إن الله لا يضيع أجر المحسنين,0,standard,positive
الأجر مع النية الحسنة و صافي صباح الخير,1,dialectal,positive
و نعم المثال الصراحة,0,standard,positive
لا دنيا لا اخرة على الاقل الى منتاحرش يكون عندو امل فسعادة الاخيرة,1,dialectal,negative
الله يصبرك اختي الغالية,0,standard,positive
مثل القمر تعتلي صورتك في سماء ليلي,0,standard,positive
تعددت الاسباب والموت واحد الطامة الكبرى هي انتشار الجهل و التخلف مكان العام و التنور,0,standard,negative
هناك ألف أبتسامه بعد ألتفكير بك,0,standard,positive
ستشفى بإذن الله أخي في القريب ثق بالله,0,standard,positive
تويتر جمعني باصدقاء غاليين واهل قريبين لقلبي واقل واجب ان اتشارك معهم الفرح لانه لاطعم له من غير مشاركتكم فيه,0,standard,positive
اقبل به لكن اين اخطأت,0,standard,mixed
الأحزان والآلام والخيانة والغدر وكل الحالات والكلمات السيئة,0,standard,negative
أحسن فعلا,0,standard,positive
مبروك للوداد والوداديين ديما راجا,1,dialectal,positive
وإني على صبر جميل حتى ألقى ما أريد,0,standard,positive
كده هتمشي و تسيبني وحدي للحياه و الدنيا ديه,1,dialectal,neutral
بالنسبة للحب يمكن نقولو باللي باقي الى غابت المصالح,1,dialectal,positive
صباح الخير ياعقيد كيف حالك اليوم هل أنت بخير,0,standard,positive
التلميح بالرسايل له حب ثاني,0,standard,positive
الله يبارك و يرزقك شي رانج روڤر,1,dialectal,positive
اللهم إنا نسألك دعوة لا ترد، ورزقا لا يعد، وبابا إلى الجنة لا يسد,0,standard,positive
دور الأئمة في ترسيخ قيم التسامح يلم مختصين بدوسلدورف الألمانية,0,standard,neutral
الله يرزقنا شي وحدة بحال خديجة,1,dialectal,positive
في رأيي مبادرة مزيانة,1,dialectal,positive
الله يا ربي الله امين,0,standard,positive
النقابات ترفض المقترحات الحكومية لطي الأساتذة المتعاقدين,0,standard,neutral
مصيبة هادي,1,dialectal,negative
شكرا جزيلا لك اختي الكريمة على تفهمك,0,standard,positive
فريد من نوعه غريب الأطوار,0,standard,neutral
سرقوا كل شي إلا حزني لم يقتربوا منه,0,standard,negative
ثوري يا امرأة حاربي فلم يعد فينا الكثير من الرجال ثوري و تحرري من عقدة بعض الرجال,0,standard,positive
شكرا لك ايمان كالعادة لا تتأخر عن مساعدة اي شخص يحتاج للمساعدة وتدعم مكتبة الثانوية التأهيلية الجديدة بارفود بمجموعة من الكتب القيمة شكرا لك ايمان والشكر موصول عبرك للجميع,0,standard,positive
إرسال رواد فضاء إلى سطح القمر,0,standard,neutral
يسلم عمرك,0,standard,positive
بقي يوم واحد وتبدأ القصة الجميلة وتعلو المساجد بأصوات الدعاء وتسكن السعادة قلوبنا اللهم بلغنا رمضان وبارك لنا فيه اللهم أهله علينا بالأمن و الإيمان و السلامة و الإسلام مبارك عليكم شهر رمضان وكل عام و أنتم بألف خير,0,standard,positive
التفسير الوحيد انتم و العرب ملة واحدة و لا ايمان لكم و لا ضمير,0,standard,negative
اغتصاب حرية الرأي في اليوم العالمي لحقوق الانسان,0,standard,negative
لانك شديد التحمل ظنوا انك لا تشعر,0,standard,negative
لا شيء يرحل تماما دائما هناك أثر,0,standard,neutral
فعلا ايام كانت زوينة,1,dialectal,positive
أحببتك بطريقة تمنيت ان يحبني بها احد,0,standard,positive
يجب سحب سفير جلالته من الأمم المتحدة فورا,0,standard,neutral
ان مستوى ما يتردد على لسانك من كلمات للتعبير يعود لما زرعته في قلبك وعقلك فإن كان الزرع جيد النوعية والمذاق كانت الكلمات على لسانك مذاقها طيب وجيد,0,standard,positive
صباح الخير للجميع,0,standard,positive
ليت لي حظ يشابه حظهم في لقاك,0,standard,neutral
يمنحون حارث فرصة جديدة,0,standard,neutral
دامت لكم الافراح أختي,0,standard,positive
شكرا، ليك بزاف، الغالية والله,0,standard,positive
من لا يراعي خاطرك لا تراعيه,0,standard,negative
هذا راه الله يعمرها دار كان للي تيهرس داك لماريو كامل و تتمشي للحفلة لابسة نظاظر,1,dialectal,positive
قمة في النقاء و روعة في الأداء,0,standard,positive
باركولي اليوم حصلتو علا جاءزة تنويه كون اتكلمو و اكتبو للوغة العربية بتلاقا، وأنا جدو سعيد بهادا لنجاز و قررت أن اوشارككم فرحتي ، ومن هذا المنبر اشكرو كل من شاركا معي في فرحتي ،واتمنا أن أكون عند حسن ضنكم بي و جزاكم الله خيرن,1,dialectal,positive
دابا السؤال المطروح مازال ماجوبتيش عليه جاوبني الله يرحم الوليدين,1,dialectal,positive
عيد ميلاد سعيد عصام,0,standard,positive
كل عام وأنت بعز وفخر وجبالك الشامخة ما أهتزت أركانها,0,standard,positive
تفسير القران عندو ماليه المهم الكلمة في شرحها العام تعني التراب المبلل,1,dialectal,neutral
حشود ضخمة في العاصمة الجزائرية بعد إعلان بوتفليقة تأجيل الانتخابات وتمديد ولايته,0,standard,neutral
صباح الخير يا فنان,0,standard,positive
مايكون معاك باس,1,dialectal,positive
الدولة اللي تعاقدات مع رحال باش توكل السجناء واش ما تقدرش تتعاقد مع الشيخ زايد باش تداويهم,1,dialectal,neutral
الجواهري يدعو إلى الاستثمار في التعليم لمواجهة الثورة الرقمية,0,standard,neutral
تعليم الاطفال الاغاني و الرقص بدل من تعليم القران الكريم بدل من تعليم الدين الله لا يوفقكم,0,standard,negative
في اطار محاربة الملل انا اكبر عاشق لهدوء الليل و صراحته,0,standard,positive
رغم الصعوبات والمشاكل لي كنمر منها كنحاول نضحك ونقول الحمد لله الله يدير لي فيها الخير,1,dialectal,mixed
انه الإعتقال السياسي القضية الطبقية ، الم نقل لكم أن جهاز الدولة ما هو الا جهاز للقمع الطبقي، وعلى اعتقالهم الوحشي نردد بهدوء اعتقل الثوار استشهد الثوار عاشت الثورة,0,standard,negative
عار عار مانحن فيه عار الدماء أنهار والشهداء,0,standard,negative
الله ينورك,0,standard,positive
أول فنان مغربي يغني لأطفال الشوارع سمعو لميمة شنو قالت ليا,1,dialectal,positive
تفرجي ف ا لدار مكاين ماحسن,1,dialectal,positive
المجاز حسنا لك ذلك,0,standard,positive
الصورة مضببة و نبغو نجتهدو شوية و لكن خاص نتوما تعاونونا فتوضيح الصورة,1,dialectal,neutral
كانت تبكي كل ليلة لتفرغ صدرها المحشو بالحزن,0,standard,negative
خالقين السعادة,1,dialectal,positive
للي ما يحب المغربية يبعث له حمى,1,dialectal,negative
اسعد الله مساءكم بكل خير,0,standard,positive
بالصحة,0,standard,positive
باسمك يا الله نبدأ هذا اليوم فاعطنا خيره واكفنا شره يارب ،,0,standard,positive
الجميع يفكر في العالم ولا أحد يحاول تغييره,0,standard,neutral
دير لي بغات تصرف غير مقبول من رجل تعليم,1,dialectal,negative
اجمل ما في المباراة,0,standard,positive
ملي قصدت طماعات ماشي لطريق البغاء او الفساد و انما للزاواج قصدت دوك اللي يبغو يتزوجو بغية تحسين و ضعهم المادي هذا قصدي,1,dialectal,mixed
ضرباتلي كلشي فالزيرو,1,dialectal,negative
ممكن متابعين,0,standard,neutral
يعجبني أشخاص سلاحهم العقل وليس اللسان,0,standard,positive
جميل ولكن الا ترى ان ما يقوم به الشعب صائب,0,standard,positive
جميل هذا الحب وسط الدمار المحيط,0,standard,positive
هذا الطائر تكلم يوما ولا زال كلامه مسطرا على صفحات القرآن الكريم قال إني وجدت إمرأة تملكهم وأوتيت من كل شيء ولها عرش عظيم وجدتها وقومها يسجدون للشمس من دون الله وزين لهم الشيطان أعمالهم فصدهم عن السبيل فهم لا يهتدون,0,standard,neutral
نحن في عصر اللاتواصل,0,standard,negative
علينا و عليك فهاد العواشر وسائر الأيام,0,standard,positive
يا الشيوخ السلاطين اتقوا الله,0,standard,positive
وزير التعليم لن نتراجع عن نظام التعاقد,0,standard,neutral
أجمل حوار ممكن تقرأه حياك الله اخي,0,standard,positive
لاعب كبير,0,standard,positive
تشبه صباح الشتاء كل ما فيك يفتن,0,standard,positive
مخفيك في قلبي ما للعلن فيك حاجه,0,standard,positive
تخايلوا معايا انه هذا مستشار,1,dialectal,neutral
ميركل كتشري نعناع فجامع لفنا,1,dialectal,neutral
رجولة الله يسر الامور,1,dialectal,positive
خودي راحتك تستاهل,1,dialectal,positive
كنتم الافضل احنااا معااكم في الحلووه والمره ندعمكم نساندكم,1,dialectal,positive
امين الله يكرمك و يحفظك,0,standard,positive
اللهم اميين و لك بالمثل اخي,0,standard,positive
أمطار الخير الحمد لله اللهم إنا نسألك موجبات رحمتك,0,standard,positive
صباح الخير لكل المغردين المغاربة احرار,0,standard,positive
و هل يخفى القمر,0,standard,positive
الاغلبية الساحقة تمارس الرذيلة وتدعي علينا الشرف,0,standard,negative
اوا مبارك اومسعود,1,dialectal,positive
مساء االحب في الله يحل مساءمع اجتماع اهل واحباب,0,standard,positive
لم تعد تحتمل تكرر دوائر العنف والعنف المضاد,0,standard,negative
يجب ان يعاد تأهيلك الى تعلم قواعد اللغة العربية اولا قصف عمرك قصدي طال عمرك,0,standard,negative
مشهد مؤسف و المشكلة في تزايد,0,standard,negative
الكشف عن ملاعب مصر المحتضنة ل كان,0,standard,neutral
الانتصار او افضل الموت و انا احاول,0,standard,positive
باش نيت يعرفو ب قيمة الشعب,1,dialectal,positive
اللهم صل و سلم و بارك على الحبيب المصطفى,1,dialectal,positive
إن الحب رزق و إنك لا تدري أي قلب سيرزقك الله,0,standard,positive
تسلم يا الغالي,1,dialectal,positive
والله العظيم هذا الولاية الشوهة ديال بصح,1,dialectal,negative
اللهم انصر إخواننا في فلسطين,0,standard,positive
غير كنضحك معاك العفو,1,dialectal,positive
المحكمة الدستورية تؤكد قانونية تعديل مرسوم الساعة الإضافية,0,standard,neutral
نعم إنه الحب الحقيقي,0,standard,positive
رئيس مقعد مريض لا يستطيع التحرك و الكلام لم يقدم خطاب للشعب منذ ما يقرب الخمس سنوات و الشعب يخشاه و يرتعش منه,1,dialectal,negative
بعض التفاصيل صغير اللي شادة ليا الدماغ صافي,1,dialectal,positive
و لله الحمد بكرة و اصيلا,0,standard,positive
حنا كنعرفوكم خونة من زمان,1,dialectal,negative
ياسلام على التقوى الايمان بيشع والله,1,dialectal,positive
في غرفة تعمها الظلماء لم يبق سوى ضوء شاشة هاتفي منير وانا متصل بالأنترنيت أتصفح هدا العالم الغامض حتى لمح بصري منشور يتحدث على ان الفتاة قد تم ايجادها ولله الحمد لهدا اقول لامها وعائلتها على سلامة بنيتكم اوجه شكرخاص لكل الاحرار اللي ساهموفي ايجادها بنشر الخبر على اوسع نطاق,0,standard,positive
وايلي عيد ميلاد سعيد ا سيدي العقبة تولي مئوي,1,dialectal,positive
رسالة صباحية ‌ اه ‌ ه,0,standard,neutral
و هل للمخلوق شأن في خلقه,0,standard,neutral
ظروفي النفسية سيئة استحملوني لحد ما ربنا ياخدني,1,dialectal,negative
عام سعيد على الكرة المغربية,0,standard,positive
صراحة معنيديش مع الكرة المغربية,1,dialectal,negative
فيكم و البركة اخوان و احباب غاليين أعتز وأتشرف بكم,0,standard,positive
جمال الأقدار,0,standard,positive
الحياة زوينة وبزاف عيش و نصيحة بغي الخير للناس تلقاه,1,dialectal,positive
انتي آخر ملامح يوسفية على الأرض,0,standard,positive
لهلا يخطيك ا ختي الله يكبر بيك,1,dialectal,positive
جميل شكرا ساضيفها الى معلوماتي,0,standard,positive
من أغرب ما قرأت اليوم,0,standard,neutral
فى مصر الانقلاب تعلو اصوات العهر والدعارة وتخفض اصوات الحق والعدل,0,standard,negative
هذا عدد الحافلات الكهربائية التي ستقدم خدماتها بمدينة مراكش انطلاقا من الصيف المقبل,0,standard,neutral
تقدري تفكري ف شي كتاب بعنوان العرب و الدقيقة التسعين,1,dialectal,neutral
ان الله على كل شيئ قدير,0,standard,neutral
عندما تجدبك الروح لا يبقى لشكل و المظهر قيمة,0,standard,neutral
حين سكت اهل الحق عن الباطل توهم اهل الباطل انهم على حق,0,standard,negative
التحدي هو لحل,1,dialectal,positive
تماما الملائكة لا ترى لاستحالة تحملنا لنورها,0,standard,neutral
الله يرحمه و يغفر له,0,standard,positive
المدارس لن تعود إلى التوقيت العادي,0,standard,neutral
و انا ملي كاتبان ليا العافية كانبعد و نقلب الطريق,1,dialectal,neutral
لا أبدا الطيبة واجبة علينا وليست شيء أندم عليه,0,standard,neutral
امل فين غبرتي,1,dialectal,neutral
فضائحهم لم ولن تنتهى,0,standard,negative
هادشي اللي انتبهت له و الله فاش كنت كنقرا ف الابتدائي كنت كنهتم بالثقافة العامة بزاف و كمثال بسيط كان عزيز عليا نعرف عواصم الدول و القارات ووو اما هاد الجيل ما كيهمو الا حفظ الاغاني و ياليلي يا ليلا الله المستعان,1,dialectal,mixed
قانون الراحه النفسيه هو أنك تكون إنسان متسامح,0,standard,positive
صحيح خطوة إلى الأمام لكن ليست كل شيء الله يوفقكم,0,standard,positive
يارب يارب,0,standard,positive
يكتب عن التفاؤل,0,standard,positive
ياحبيبي شرة العاشق كبيره كل ما زاد الغلا زاد العتاب,0,standard,positive
لانه في حالة خرج جميع اللاعبين خارج المستطيل الاخضر للاحتفال من حق الفريق الخصم ان يلعب الكرة و يروح يسجل,0,standard,neutral
قصدي هو تحسين أوضاع العيش عن طريق ملائمة عدد السكان مع الثروات ومقدرات الطبيعة,0,standard,neutral
ابسط الاشياء يمكنها ان تسعدنا,0,standard,positive
يمهل و لا يهمل,0,standard,neutral
اللهم امييين يا رب العالمين,0,standard,neutral
العثماني لا يستطيع تحمل المسئوليات وحكومته فاشلة,0,standard,negative
شكرا زين غادي نجربهم,1,dialectal,positive
المعاملة بالمثل ليست اسلوب العقلاء سلم علي نسلم عليك لا اتفق,1,dialectal,neutral
إن هذه الأيام تتطلب الكثير من الصبر، والصمت والتجاهل,0,standard,neutral
كل شيء له فرصه ثانيه ، إلا الثقة,0,standard,mixed
شكرا لكل من شارك,0,standard,positive
مسابقة لعام لم نعش فيه سوى أيام كيف,0,standard,neutral
شكرا بالزاف لما نجي نزوركم ان شاء الله,1,dialectal,positive
الحكومة مبغاتش تتنازل حتى حنا مغاديش نتنازلوا والأيام بينتنا,1,dialectal,negative
الجو جد بارد هده الأيام,0,standard,neutral
الوطن ليس جغرافيا الوطن هو قيمة الحب و الكرامة والفداء و العدل الوطن ثبات على المبدأ في ضجة البائعين وتشبث بال,0,standard,positive
بصحة غداكم ونهاركم مبروك,1,dialectal,positive
لفتة قال مطرف بن عبد الله في قوله تعالى وأما الغلام فكان أبواه مؤمنين فخشينا أن يرهقهما طغيانا وكفرا إنا لنعلم أنهما قد فرحا به يوم ولد وحزنا عليه يوم قتل ولو عاش لكان فيه هلاكهما فليرض رجل بما قسم الله له فإن قضاء الله للمؤمن خير من قضائه لنفسه,0,standard,neutral
بعض الليالي هواها يستفز الشعور,0,standard,negative
الانسان لا يعرف قيمة الحياة حتى يمر بها اما سعيد او شقي,0,standard,neutral
القلب والعين والروح تحلم تلقاك,0,standard,positive
انت واحد حقير,0,standard,negative
فعلا لكن الانسان يدير اللي عليه و الحاجة اللي مقدرة فما عندو عليها هروب لاننا نؤمن بالقدر خيره و شره,1,dialectal,neutral
مسلمين الاسلام كايقوليك تفضحي عباد الله و تشوهيهم,1,dialectal,negative
استمرار الحراك الجزائري الرافض نظام بوتفليقة,0,standard,neutral
الحراك يجب ان يكون سلميا ياكم ان يجروكم الى العنف و تخريب الجزائر لنا ليست لهم انهم عصابة سرق الجزائر,1,dialectal,mixed
اللهم طهر ايامنا وكل أوقاتنا من كل ضيق وعسر وأفتح لنا أبواب السعادة واليسر,0,standard,positive
فكرة جميلة جدا أعشق تفكيرهم الراقي,0,standard,positive
اللهم امين و لك بالمثل ان شاء الله,0,standard,positive
راحة و طمأنينة لا يعرفها الا من جربها,0,standard,positive
مسا النور والرفعة,0,standard,positive
العفو تستحق كل الخير,0,standard,positive
حلم الوحدة في المنطقة,0,standard,neutral
الولاء المطلق لله الخالق,0,standard,positive
حال البعض قريبا,1,dialectal,positive
ربي يجعل عام الابداع والامتاع والبطولات المحلية والاقليمية والقارية للرجاء العالمي,0,standard,positive
ضحكة الأحباب معدية,0,standard,positive
هانيا الله يحفظك,1,dialectal,positive
وكل واحد يفهم لي يعجبو,1,dialectal,neutral
ماتقولهاش,1,dialectal,negative
صباح الجمال,0,standard,positive
بمناسبة السنة الجديدة لا اتمنى لكم شيئ ان كنت تريد الصحة عالج نفسك ان كنت تريد المال إعمل بعرق جبينك ان كنت تريد السعادة اعمل الخير من حولك ان كنت تريد الحب ابحث عن شخص يلائمك,1,dialectal,neutral
وقت التهجد صح سحوركم,0,standard,positive
قال ابن رجب رحمه الله أفضل الصدقة تعليم جاهل أو إيقاظ غافل,0,standard,neutral
الصبر ثم الصبر أخي,0,standard,positive
يا سلام عليهم و على أيامهم,0,standard,positive
نتجاهل ليبقى الود مستمرا,0,standard,positive
متشرفين أخي,0,standard,positive
يا سلام لهلا يخطيك ان شاء الله,1,dialectal,positive
سبحان الله مبدعة الله يحجبها لولديها اللهم بارك,0,standard,positive
كلمات تبكي العين و الله,0,standard,negative
السخرية والإستهزاء,0,standard,negative
شكرا جزيلا,0,standard,positive
تلاميذ يصعدون من احتجاجاتهم ويعبثون بالممتلكات ويعرقلون السير,0,standard,neutral
تفرجي فيه قصة فشكل,1,dialectal,positive
امين يارب العالمين,0,standard,positive
و الله همنا هو تنجح المقاطعة و يدركو باللي البلاد خذات منعرج آخر واحد الفيديو شفتو دبا بتوقيت كيبين باللي المنصة خاوية على فكرة نتمنى تلغي الاشتراك ديالك ف قناةشوهة تيفي لانها لا تمت للاشراف بصلة,1,dialectal,mixed
الله يبارك فيك يا رائد,0,standard,positive
هناك ولاء لللاعب اكثر من النادي,0,standard,neutral
برافو فخر المغرب والعرب,1,dialectal,positive
هذا البرنامج يستطيع ان يغير الحياة,0,standard,neutral
كيجيتك وانا رومانسية,1,dialectal,neutral
هل من لقاء مرتقب بمدينة اكادير ضمن برمجتكم وشكرا,0,standard,positive
الحكومة تكشف الانتهاء من إعداد مشروع جديد للوظيفة العمومية,0,standard,neutral
امين و حتى نتي,1,dialectal,positive
تقدر تغلب عليها بمناعة الجسم في الحالات العادية,1,dialectal,neutral
عامل الناس بما يبدونه لك و الله يتولى ما في قلوبهم,0,standard,neutral
استمرار البحث عن ناجين من انهيار مبنى باسطنبول,0,standard,neutral
لا تحرم نفسك أجمل الأشياء ولا تجعل الحزن يفسد اجمل لحظاتك,0,standard,positive
الله يحسن اليك يا الوافي ويسعد صباحك وكل ايامك,0,standard,positive
حبابي أنا رجعت للإنتاج من بعد عامين كيف كتعرفو الموسيقى بوحدها فالمغرب منقدروش نعيشو بيها فلهذا إلا حتاجيتو أي حاجة فالسمعي البصري مرحبا بيكم تاصلو بيا أنا رهن إشارتكم,1,dialectal,positive
حصل ما حصل لا تضعف لا تبك لا تدس نفسك عن الحياة أنت لا تريد هذا لكن الله أراد أتعرف ما معنى أن يريد الله,0,standard,positive
الله يسلمك اخي العزيز,1,dialectal,positive
و درهم و لكن على العموم و الله ايلا مزيان,1,dialectal,positive
امين سيدي,0,standard,positive
الى دويتي على الكرامة مابقا حب,1,dialectal,mixed
لجنة تافهة,0,standard,negative
عندما يتكلم المال يسكت الصدق,0,standard,negative
الإشتياق مرض يزداد ليلا,0,standard,negative
ومع ذالك الفوز للحسنية إن شاء الله,0,standard,positive
استمعت منذ قليل للناطق الرسمي باسم الحكومة و فنذ في تصريح كل هذه الاشاعات و الله اعلم,0,standard,neutral
مدارسنا اضحت مناهجها تفتقد لتدريس القيم الدينية و الاخلاقية,0,standard,negative
صباح السعادة الممتدة من دواخلنا صباح الإبتهاج,0,standard,positive
الانسان مليء بالمشاعر المشكل في توظيفها الزمان و المكان,0,standard,neutral
و لله الحمد و الشكر,0,standard,positive
الله ينجيك و يبارك فيك خويا عمر شكرا جزيلا,1,dialectal,positive
مرحبا و سهلا,0,standard,positive
أحقرهم و أنذلهم و أوطاهم,0,standard,negative
بمجرد أن تخطئ ينسى الجميع أنك كنت رائعا يوما ما,0,standard,negative
كنت ساكت ماكنت اعمى ي صاحبي,0,standard,neutral
نحن لسنا مختلفون عن الغرب ولكن مختلفون عن الإسلام وما تخلفنا عن العالم إلا بعد تفريطنا في ديننا,0,standard,negative
البرلمان البريطاني يرفض مجددا اتفاق بريكسيت,0,standard,neutral
فكرة زوينة أ الصديق لعز,1,dialectal,positive
هل كتب على الريال أن تشقى,0,standard,negative
من بارز الله بالمعاصي خاب وخسر دنيا وآخرة,0,standard,negative
قمة التخلف والانحطاط,0,standard,negative
يوما ما سأقول لم يكن الامر سهلا ولكنني فعلتها,0,standard,positive
نعيش فوضى لا أخلاقية و انحطاط في المبادئ و القيم,0,standard,negative
و فرحانة اوي حضرتك,1,dialectal,positive
الطيبون للطيبات و الطيبات للطيبون الله يلاقينا مع اللي حسن منا,0,standard,positive
و حفظكم و اهلكم من كل شر,0,standard,positive
تعلم كل ما يفيدك,0,standard,positive
الطبقة الوسطى في طريقها الى الانقراض للأسف,0,standard,negative
هنا إزدادت و هنا سأعيش و هنا سأموت وطني بدون مقابل,0,standard,neutral
صباح ومساء الخير والسرور ربي هب لنا من لدنك رحمة وهيء لنا من امرنا رشدا,0,standard,positive
اسمح لي ان لم تكن ذو شهادات فلا عمل لك عند الغرب و عند العرب لا عمل لك سواء بها او بدونها,1,dialectal,negative
جابك الله لي من بياض الفال والحظ الكبير واستبشرت بك ضلوع صدري وفزت لك,0,standard,positive
الحمد لله بخير تشكراتي,0,standard,positive
ليت لي في ضمته حظ و نصيب,0,standard,positive
سوريا تعرضت لمؤامرة والامر المحزن ان ولاد سوريا انزلقو في المؤامرة,0,standard,negative
صباح الخير يا وجوه الخير,0,standard,positive
الريال عظيم في الشوط الأول كالعادة,0,standard,positive
فعلا كتاب رائع سبق لي قراءته مرات فيه كمية طمئنينة هائلة أحببته,0,standard,positive
وايلي نتوما ممحتاجينش الفرص باش تجيو,1,dialectal,neutral
كما يقولو ما ديرش ما تخافش الله يحد البأس,1,dialectal,positive
هذا جواب,0,standard,neutral
البركة فراسك الله يرحمها ووسع عليها,1,dialectal,positive
اسعد الله يومكم بكل خير,0,standard,positive
لك نفس الشى و اكثر بارك الله,0,standard,positive
السلام عفاكم هاد السيد تلاقيتو فالدارالبيضاء كيمشي على يديه مشلول من رجليه جا عندي هضرت معاه قالي محتاج كرسي متحرك قلت ليه غادي ندير صورة ونشرها ويقدرو يعاونوك الناس لي بغا يعاونو يراسلني,1,dialectal,neutral
يعذره قلبي قبل ينطق معاذيره,0,standard,positive
الف مبروك الرجاء البيضاوي,0,standard,positive
كأس آسيا فرصة العرب الأخيرة في البطولة,0,standard,neutral
بوتفليقة يعلن ترشحه رسميا لعهدة رئاسية خامسة,0,standard,neutral
انت مرتزق وممول,0,standard,negative
ماتبقاوش تسولوني بزاف اسئلة ما عندها معنى,1,dialectal,negative
من لم يصنع السعادة لنفسه لن يمنحها له الاخرون,0,standard,neutral
الغائب المهمل يحل محله الحاضر المهتم,0,standard,mixed
ماعرفتش جاتني زوينة من الوحدات للعشرات,1,dialectal,positive
لا زين لا مجي بكري,0,standard,negative
تماما خويا,0,standard,positive
حزن عظيم مسني,0,standard,negative
جمعة مباركة,0,standard,positive
في وقتنا حب المصلحة غالب لا أقول الكل و لكن الناس طوب و حجر,1,dialectal,negative
اللهم اجعلنا من السبعين ألف الذين يدخلون الجنة بلا حساب و لا عقاب,0,standard,positive
توقعاتكم لمباراة فرنسا و الارجنتين,0,standard,neutral
مادام دارو معاك هادشي إلا وحتى نتوما الله يعمرها دار,1,dialectal,positive
يارب بقدر صفاء نيتي تجاه كل شخص سكن قلبي احفظ لي من يريد قربي بصدق و ابعد عني من يبتسم أمامي و يطعن بي من خلف,0,standard,positive
بشرك الله بالخير,0,standard,positive
شكرا لك سيدي أتشرف بمتابعتك لي,0,standard,positive
العسل و الليمون الحامض شفاء لكل الأمراض,0,standard,neutral
عيدكم مبارك وكل عام وأنتم بخير,0,standard,positive
مبروك للرجاء البيضاوي في انتظار جلب الكأس من قلب افريقيا,0,standard,positive
عاصمة الانوار,0,standard,positive
لازم يحكم عليهم بالسجن,0,standard,negative
الحياة صعبة بدون كرة القدم,0,standard,positive
لاشهادة لفاسق ظالم,0,standard,negative
بالفعل أخلاق ديننا قبل اخلاقهم لكننا تعودنا على التقليد الاعمى للغرب نقلدهم في كل شيء لعل و عسى نقلدهم في اخلاقهم,0,standard,mixed
كلها و البلية ديالو احبيبة غير الله يعفو علينا,1,dialectal,positive
العنف والقتل مرفوض بالكامل,0,standard,negative
الى كنتي مغربية آلله يقطع لجد بوك الشقف,1,dialectal,negative
واش كاين غير هاد المعلق فالمغرب بربي حتى كايدير القوق,1,dialectal,negative
مايشبهك غيرك ولا غيرك جميل اربعينك حور ماخلقوا بشر,1,dialectal,positive
عرفتي أنا كتوقع ليا مع اللحية أنا تشوفني بلا لحية و باللحية تقول ماشي نفس الشخص,1,dialectal,neutral
غ البيض اللي تزاد تقريبا كلشي التفاح و البنان عندنا واصل درهم فلوس الدعم راهم يتبرعو بهم الفئة الدنيئة ف روسيا حسبنا الله فيهم,1,dialectal,negative
ماشي ف كل مرة تسلم الجرة,1,dialectal,neutral
سلمت يديك وتفكيرك حفظك الله ورعاك,0,standard,positive
مول النية يربح بركة عليك هذا اوصافي,1,dialectal,positive
تدعون للدين وتنشرون الأكاذيب,0,standard,negative
فكرة رائعة,0,standard,positive
سبحان الله وبحمده سبحان الله العظيم,0,standard,positive
الله يفرحكم بوليداتكم,1,dialectal,positive
اللهم ارنا فيهم عجيب صنعك فانهم اذلو الشعوب,0,standard,negative
تؤدي الى هذه الكارثة,0,standard,negative
امين كلامك صحيح اختي لان الاهتمام يوطد العلاقة كيف ما كانت,0,standard,positive
الكل يرغب و يدعوا للاصلاح لكن لا أحد قام بالخطوة,0,standard,negative
غير تنضحك,1,dialectal,positive
أي شيء يجعلك تبتسم أحتفظ به سرا,0,standard,positive
الله يكبر بيك شكرا,1,dialectal,positive
بصح تماما,1,dialectal,positive
ناس حالفها الحظ و ناس الحظ حالف عليها,0,standard,mixed
الا ياليل غيابه طالت ايامه علينا,0,standard,negative
مركز حقوقي أمن حماس يعتقل فلسطينيين بغزة,0,standard,neutral
مشروع بعيد المنال وفاتوراه مكلفة,0,standard,negative
قريب ان شاء الله,0,standard,positive
ساكن عيوني وهو ابعد الناس عنها,0,standard,positive
إنها فاجعة أليمة العثور على جثة الشاب ولد برو تغمده الله برحمته وأسكنه فسيح جناته وهي متفحمة,0,standard,mixed
اللهم بشرني بفرحه تسر خاطري للأبد,0,standard,positive
نزيدها فالقائمة,1,dialectal,neutral
نحن نفتخر بإسم الإسلام,0,standard,positive
جعلنا الله من اهلها غاليتي,0,standard,positive
عايشة حالة حزن,1,dialectal,negative
وكأنها إعلامية محترفة كاريزما وحضور وثقافة وحركات وضحكات تجبدك تخليك ماتشبع منها,0,standard,positive
فكرة زوينة,1,dialectal,positive
نعم القرار سيدي لكن صدقني ستحتاج إلى الكثير من الصبر عن تجربه أتحدث,0,standard,mixed
القصة الكاملة لوفاة عامل نظافة,0,standard,neutral
كان من الجيد أن أجازف وأقترب لأني لو لم أفعل كنت سأظل أعتقد بأن شيئا جميلا قد فاتني,0,standard,positive
جامعات مغربية تتسلق بخطى حثيثة سلم مؤشرات دولية,0,standard,neutral
اتفق معك لهذا نجد ان العلاقات اصبحت عابرة و لا تدوم طويلا,0,standard,negative
إما أنني أصبحت غريب أو أن العالم هو ما بات غريبا,0,standard,negative
يا نفس لا تتكبري سيأتي يوم لربك ترحلي,0,standard,neutral
اشاوا هادشي كاتقول,1,dialectal,neutral
المباراة ودية نعم ولكن داخل أيام الفيفا,0,standard,positive
آميين,0,standard,neutral
كلام جميل,0,standard,positive
الاماني في رجاء الله ماتخيب,0,standard,positive
داكشي لي كاين سنة سعيدة باشما تمنيتي,1,dialectal,positive
ياربي نجيبو كوب دافريك,1,dialectal,positive
سبحان الله الايام ستبين لنا من الاجدر باللقب حتى ذلك الحين تقبلي تحياتي,0,standard,positive
لن تكون هناك إسرائيل في الوجود نهايتكم باتت وشيكة,0,standard,negative
اللهجة سبحان الله بحال بحال رغم بعض الكلمات اللي موجودة حتى ف اللهجة ديالنا نلقاو بعض الكلمات اللي فيها صعوبات رغم ذلك فرقونا و شتتونا و جعلونا نكرهو بعضنا البعض,1,dialectal,negative
عاجل بالفيديو أردوغان يعلن لأول مرة عالهواء إسم الق ات ل الحقيقي لجمال خاشقجي,0,standard,neutral
الله يرضى عليك,1,dialectal,positive
تمتع و شوف اخواتك الحلوات,1,dialectal,positive
قمة الجهل لا حول ولا قوة إلا بالله,0,standard,negative
كوريا الشمالية تدرس إنهاء الحوار مع أمريكا,0,standard,neutral
عندما تسلبي ارادتك فلست حرة أبدا,0,standard,negative
جيت للدار لقيت الواليدة موجدة ليا بريكولات بنتي ديك مولينيكس ماعرت مالها بنتي ديك التلفازة لي ف الصالون شوفيها ليا شحال هدا مابقيت درت شي حاجة توحشت البريكولاج,1,dialectal,neutral
شكرا لكم وعلى انجازكم شرفتوني,0,standard,positive
امين برضى الله و نوره و عونه,0,standard,positive
السعودية حشدت الأصوات لصالح الملف الثلاثي الامريكي وضغطت للتصويت ضد الملف المغربي وصرح تركي آل بذلك علنا واحتفل الشعب السعودي بخسارة المغرب التنظيم كل هذه اسباب كافية,0,standard,negative
حبابي الناس الزوينين بغيت نعرف كل واحد فيكم من إنا مدينة فكومنطير,1,dialectal,positive
اللهم أبسط علينا من بركاتك ورحمتك وفضلك ورزقك,0,standard,positive
حقيقة الحرب على الارهاب الاسلام,0,standard,negative
نفس الشيء لن يتغير شيء أبدا,0,standard,neutral
هذه مواقف الرجال,0,standard,positive
الاتحاد الآسيوي ينهي احتكار بي إن سبورت,0,standard,neutral
هاد ساعة طيرتيني بضحك وتدوم ضحكتك,1,dialectal,positive
وإن عصفت بك الحياة يوما فاحرص على أن لا تظهر انكسارك أمامهم,0,standard,neutral
نت درت علاش تاخد العقوبة و انا مالي,1,dialectal,neutral
الهواية المفضلة للأطفال,0,standard,positive
حشومة حتى من الموت دارو منها فرجة,1,dialectal,negative
نعم أتفق معاك,0,standard,positive
الله يخزيهم,0,standard,negative
حسبي الله ونعم الوكيل همهم غير الفلوس وومسوقينش لبنادم,1,dialectal,negative
مرورك وتشجيعك اغلى من الذهب شكرا,0,standard,positive
شكرا ليكم كاااملين على الدعم ديالكم أحبكم وسأظل أحبكم خليكم فجنبي يا أغلى الناس دخلو شوفو آخر أعمالي هنايا وتابعوني باش يوصلكم الجديد,1,dialectal,positive
من عندي أنا غا توصل إن شاء الله,1,dialectal,positive
كلشي فرح ملي خرجو حيت عصبونا فالماتش مع المغرب,1,dialectal,mixed
التحالف العربي والقوات اليمنية فخر الامم العربية,0,standard,positive
انا تنفطر بكري مورا الفجر وبالتالي أستفيد من التغدية الصحية,1,dialectal,positive
ما يحس بقيمة الغالي إلا فاقده,0,standard,negative
الله يجيب لي يفهمنا,1,dialectal,positive
اللهم امين الله يحفطك امامنا,0,standard,positive
الضحك اللي تدار على السعودية غادي نهجروه غدا,1,dialectal,negative
التقارير ديال والو,1,dialectal,negative
ياربي السلامة,0,standard,neutral
آفضلهم آداء آقلهم حضا,0,standard,mixed
انتهز كل فرصة لتنظر إلى نفسك فى المرآة أي مرآة كانت حتى لو فى نوافذ سيارة واقفة,0,standard,neutral
الحمد لله على نعمة الاسلام,0,standard,positive
سبب عدم قدرتي على النوم هو الجوع,0,standard,neutral
فرق كبير,0,standard,neutral
شيئ مؤكد انك تافه,0,standard,negative
كن جميلا مع الكل,0,standard,positive
هل يرمم تغيير جلد الحكومة الجزائرية علاقات الجوار مع المغرب,0,standard,neutral
أحسن تقرير شفتوا على الأزمة التركية,1,dialectal,positive
معك حق اما حنا تشتتنا حتى ما بقا فينا ما يصلح,1,dialectal,negative
و في السماء رزقكم لكن واحد الظاهرة ولات عندنا بزاف وهي التسول اينما حليت و ارتحلت الا وتجدهم,1,dialectal,neutral
افشل ادارة على الاطلاق بصح نيت خاص ثورة ف حقهم ملي المقدم يرد راسو هو رئيس الدائرة اش تسنى فيه من خير مازال الادارة ف البلاد قاتلاها الرشوة الا من رحم ربي,1,dialectal,negative
بناتي كيحماقو عليهم علاش الله أعلم,1,dialectal,positive
صباح النور مسجد الحسن الثاني الدار البيضاء,1,dialectal,positive
انا كذلك افضل اخلاقي اتعامل بها لانها ارقى من اخلاق البعض,0,standard,positive
الله يحفظك يا ابن الاصول,0,standard,positive
حتى انا منقدرش,1,dialectal,neutral
المغربية ميزها الله بابتلاء الطعن في شرفها في الدنيا حتى يرفع درجتها في الجنة غذا في محكمة الله ناخد حسناتهم و ياخدون سيئاتنا الحق لا يضيع عند الله تعالى,0,standard,positive
انا بديت الاسبوع لي فات عاد كملت عييت بالتحاليل,1,dialectal,neutral
احترام المسافة القانونية,1,dialectal,neutral
قد تأتيك النعمة لانك ، تمنيتها لغيرك,0,standard,positive
و لا تحسبن الله غافلا عما يعمل الظالمون انما يؤخرهم ليوم تشخص فيه الابصار,0,standard,negative
يوم واحد يفصلنا عن اولى حلقات برنامج المواهب الذي يعرض على قناة,0,standard,neutral
لاعبين الكورة,1,dialectal,positive
يا روعة,0,standard,positive
أسد من أسود الأطلس,0,standard,positive
داكوغ شكرا,1,dialectal,positive
اوا ماتبقاش تشرط بزاف المرا مايعيبها غير جيبها,1,dialectal,neutral
كاين فرق بين العتاب و نكد,0,standard,negative
للأسف أخي لله المشتكى,0,standard,negative
تعيب الناس أنظر الى حالك البئيس,0,standard,negative
ربما لم يكن شيئا مهما بالنسبة لك,0,standard,neutral
بالتاكيد,0,standard,positive
لكن لازم نوقفو لهم ف وجوم و نوقفوهم عند حدهم باش يعرفو باللي حنا هما اصحاب القرار متى ما اردنا ان يقام مهرجان سيقام و متى ما اردنا ان نوقفه سنفعل و بكل جرئة و عزيمة,1,dialectal,positive
أخطاء قاتلة من المنتخب التونسي,0,standard,negative
قناة العهر,0,standard,negative
بالرغم من تطور لايزال جهاز من بين الأدوات المفضلة لدى الموظفين والأكثر شعبية بينهم,0,standard,neutral
اه هادي باينا و زوينة تصوير رائع,1,dialectal,positive
فالواقع البطولة اللي كتعكس المستوى الحقيقي للكرة الأفريقية هي الشأن و ما يتلج القلب هو اننا الاحسن افريقيا,1,dialectal,positive
سلاما على من اعتزل الاخرين حين تقلب مزاجه,0,standard,mixed
ايران تتكلم عن الجرائم وهي بلد الجرائم كلها,0,standard,negative
في طريقي إلى مدينة أكادير أكاديريين واش كاينين,1,dialectal,neutral
ملتقى الشباب والنساء يحتضن الفجيرة في طنجة,0,standard,neutral
روعة تبارك الله,0,standard,positive
الله يسر الأمور أخي,0,standard,positive
احب الوقت اللي يجيب لي صوتك,1,dialectal,positive
إذا كان لديك مثل هذا الخائن الكبير في البلد ماعليك إلا أن ترحل,0,standard,negative
اكادير مابقا فيها مايتشاف,1,dialectal,negative
أحاكيك بالرضا وأنا بالعتب مليان,0,standard,mixed
عمل فني رائع نحت على جذع شجرة,0,standard,positive
ممكن نعرف علاش,1,dialectal,neutral
حالي لما اكون سعيد,0,standard,positive
في مراحل متقدمة من اجل عقد صفقة من العيار الثقيل,0,standard,positive
فرحتلك يا حبيبتشي ربنا يتمم بيخير,1,dialectal,positive
اش هاد الفضيحة هادي,1,dialectal,negative
مع كل مشكل جديد لايكون العالم هو نفسهولاتكون أنت الشخص نفسه,0,standard,neutral
للأسف شبابنا تائه وسط الملاهي مع غياب رقابة الوالدين,0,standard,negative
هده الطريقة التي تنهجها فاشلة أخي,0,standard,negative
ياصديقتي كل عام وانتي بخير ويارب ايديم ايامك افراح,0,standard,positive
الفقير من اصدق العشاق ، لانه لا يوجد ما يقدمه من الاغراءات سوى قلبه,0,standard,positive
ناري تعصبات,1,dialectal,negative
بدون تعليق,0,standard,neutral
فاش كيمشي النعاس كنتكا وكنفكر في المستقبل كنبغيكم بزاف,1,dialectal,neutral
ميسي رونالدو قدم أداء رائعا أمام أتلتيكو مدريد,0,standard,positive
قال تعالى في الحديث القدسي كل عمل ابن آدم له الصوم فهو لي و أجزي به الا يكفيك هذا الكلام للعلم راني ما باغي لابريم لا تا وزة,1,dialectal,neutral
عيد مبارك أخوي محمد تقبل الله منا ومنك,0,standard,positive
عادي جدا و سيقول سلمان نعم سيدي سمعا و طاعة,0,standard,positive
علم الله فين لاحو النص الفوقاني ديال المغرب,1,dialectal,neutral
لكل انسان نقطة تحول الى الامام او الى الوراء,0,standard,neutral
لهذه الدرجه متخلفين في الوطن العربي,0,standard,negative
عارفين,1,dialectal,neutral
هدا هو الجواب الصحيح,0,standard,positive
مريض ومختل وكلامك اصبح متكرر,0,standard,negative
راه هذا من التفاهة,1,dialectal,negative
نعمة الله ما تدوم إلا على عبد حمدها,0,standard,neutral
سياستكم فاشله,0,standard,negative
الفكرة اكثر من روووعة ولكن للأسف لازلنا بعديين لتطبيقها لأن مفهوم الملك العام غائب عندنا فكرة نستافد واحافظ على هذ الشئ ثم أترك الغير يستفيد,0,standard,mixed
أعزكم الله و بارك فيكم,0,standard,positive
لا اعرفك ولا تعرفيني وجدت تغريدتك بالصدفة ووجدت فيها نفسي كلام يشبهني كثيرا لكن يمكن الفرق الي بيني وبينك انه انا مازلت متشبثة ببعض الامل انتظر ربما قد يحدث شيئ ويغير كل شيئ لا تدري لعل الله يحدث بعد ذلك أمرا,0,standard,neutral
كانوا معايا هاد الصباح في البرنامج الأسبوعي مع على,1,dialectal,neutral
لا حياة لمن تنادي,0,standard,negative
اذا توفر الادب و الاخلاق سهلت الحياة,0,standard,positive
حملة في بيوكرى تستهدف تحرير أملاك عمومية,0,standard,neutral
على سلامتك ان شاء الله خير تفاءلوا خيرا تجدوه,1,dialectal,positive
مبدع كالعادة أخي,0,standard,positive
شكرا شكرا انه لمن دواعي سروري أن احظى بتهنئة خاصة منك ارجو لك أيضأ سنة سعيدة كلها افراح ومسرات,0,standard,positive
حياك الله الله يحفظك,0,standard,positive
السؤال هل يستحق هذا العناء قصدي هذا التاريخ هلي يستحق ان يوثق,0,standard,neutral
حياكي الله واسعد حياتكي وادام لي وجودكي الطيب الجميل,1,dialectal,positive
جماليات مغربية التوقيع,0,standard,positive
ضعف الشخصية هو السبب,0,standard,negative
أمريكا تشيد بإعادة المغرب لمقاتلين في داعش,0,standard,neutral
اللهم صل وسلم وبارك على نبينا محمد عدد ماذكره الذاكرون اللهم صل وسلم وبارك على نبينا محمد عدد ماغفل عنه الغافلون,0,standard,neutral
حاكم دبي يكرمني شخصيا بجائزة رواد التواصل الإجتماعي,0,standard,positive
ماشاء الله تبارك ربي ما اعظمك,0,standard,positive
رشاوى قطرية ب مليون دولار لتنظيم المونديال,0,standard,neutral
سيري على قد جهدك تلقائي بزاف تاع الناس عندهم نفس الدخل و عايشين به مسألة حسن تدبير أو تبذير,1,dialectal,positive
على رآسي ورموش عيني,1,dialectal,positive
لو اجتمع غضب الانس والجن على دولة ما فعل بها من كوارث وجرائم وحوادث مثلما يفعل الانقلاب بمصر شياطين شياطين,0,standard,negative
لن يستطيع العلم اختراع مهدئ للأعصاب أفضل من الكلمة تقال في اللحظة المناسبة,0,standard,negative
موتو بالسم موتو بالسم يا لمسمومين,0,standard,positive
و الله مكنعرفها,1,dialectal,neutral
فاشل في الدراسة و مطرود من المدرسة يضرب مربي و مكون الاجيال,0,standard,negative
كلام عادي,0,standard,neutral
آمين,0,standard,positive
فريق يد بيد مباردة شبابية لخدمه المجتمع لعمل دورات تعليمية ، ثقافيه ، اجتماعية و صحيه ولمساعدة اخواننا من هم لحاجه المساعدة للاستفاده من ورش العمل والدورات او الانضمام نرجو متابعتنا,0,standard,positive
بادو الزاكي الأقرب لتدريب الدفاع الحسني الجديدي,0,standard,neutral
قمة النفاق و الكذب,0,standard,negative
كاين شي عيد اليوم,1,dialectal,neutral
كل المشاعر هينه الا شعور الاحتياج,0,standard,negative
حكينا و قلنا الصالح و الطالح في كل مكان بالارض و ليس هناك مدينة فاضلة بالعالم,0,standard,neutral
اللهم انتقم من القتلة الإرهابيين,0,standard,negative
أيام الشباب,0,standard,neutral
بشفاء العاجل ان شاءالله,1,dialectal,positive
اللهم اجعل أمي سعيدة الدارين قريرة العينين لا تشكي هما ولا حزنا ولا مرض,0,standard,positive
في الدول المتخلفة يقتل الآلاف و تحرق جثثهم,0,standard,negative
و حفظك الله ورعاك,0,standard,positive
لن تعود الأيام ، افعل ما يسعدك,0,standard,positive
طنجة الجميلة زمان,0,standard,positive
عيونها أجمل من السماء بنجومها,0,standard,positive
و ما هو الفرق يا حضرة الزعيم,0,standard,neutral
و من يتمتع بقلب كبير مثلي انا مثلا,0,standard,positive
اتاي قالو مامزيانش للصحة,1,dialectal,neutral
هيبه حضورك خلات الكل يبغيك,1,dialectal,positive
وا فرحتاه,0,standard,positive
الله يبارك و يجزيك بخير,0,standard,positive
مشاكل كبيرة أمر بها,0,standard,negative
و الله الى ما بقا ما يعجب كلشي القنوات المغربية مع الاسف,1,dialectal,negative
لا حول و لا قوة الا بالله العلي العظيم فين وصلونا,1,dialectal,negative
لم أهمل أحدا في حياتي من سقط مني لم يكن متمسكا بي جيدا,0,standard,neutral
الله يعطيك ما تمنيتي ف خاطرك,1,dialectal,positive
والله قلوبنا معكم,0,standard,positive
للأسف مجتمعاتنا تعيش في القرون الوسطى نحن من زمن آخر,0,standard,negative
هزلت لم يظلمكم هتلر يوم أحرق جلدة ابيكم عن بكرة جدكم يا ابن القردة,0,standard,negative
فيك الخير اختنا حفصة,0,standard,positive
عشرات القتلى والجرحى في هجومين على مسجدين في نيوزيلندا,0,standard,negative
كلنا في انتضار الاميرة,0,standard,neutral
مارسوا تجاربكم على كل شيء إلا مشاعر الآخرين فهي محرمة,0,standard,neutral
اللاعب مستمر مع ناديه لم يفسخ عقده,0,standard,neutral
نعم قل له قليلي الحياء و الأدب و منعدمي الاحترام والرقي مصيرهم المزابل مع احترامي لشخصك,0,standard,mixed
مرشدون يطلبون التسوية,0,standard,neutral
عاود اللقطة و شوف,1,dialectal,neutral
العفو خويا انا ما قلتش العكس,1,dialectal,positive
قال الشيخ ابن عثيمين رحمه الله من آداب الدعاء أن يلح الإنسان في الدعاء ويكرر,0,standard,positive
المشكلة انك متخلف بعقل حمار,0,standard,negative
الله يسعدك يا غالي,0,standard,positive
انا أعيش ايام صعبة أيضا لست وحدك,0,standard,negative
لقد كنت أنتظر كل الوقت,0,standard,neutral
فيديو قديم قبل مايولي رئيس فرنسا,1,dialectal,neutral
ارادة الشعب اللي خلاتو يهدر,1,dialectal,positive
مخزني يكوي طفلا شهور ووالد الضحية يتنازل لفائدة المتهم,0,standard,negative
و تويتر دمر دمرت,0,standard,negative
سيرو الله يصلح لكم التريكة,1,dialectal,positive
الله لا يوفق الي كان السبب و الله حرام,0,standard,negative
ما على حسنك ملام ولا على عيني عتب,0,standard,positive
حتى انا قلت اللي يجول في خاطري و نتمنى ما يكون شي سوء فهم,1,dialectal,neutral
نفاق,0,standard,negative
مهزلة,0,standard,negative
أحلى نصيب إنكتب لي لما القدر جابك,0,standard,positive
و بئس الميعاد,0,standard,negative
مبادرة جيدة نتمنى ان يدوم التواصل بين المديرية و المواطنين,0,standard,positive
اوديييي محضرتوش ليا فاش كنت قدو,1,dialectal,neutral
كنت اخاف عليك من الوجع لكنك اوجعتني,0,standard,mixed
للاسف كاين بعض الناس بغاو يديرو الشوهة للبلاد من داخل المغرب وخارجها وعندهم اطماع مشؤومة والبعض كيشدو الفضول باش يشوف الفيديو لي مافيه مايتشاف,1,dialectal,negative
أنت تزهرين كل مكان تمرين به، أنت جميلة جدا,0,standard,positive
كل واحد فينا فهاد الدنيا بلاصتو فاللخر هنايا كنتمنا من الناس لي كيظنو انهم غادي يديو معاهم,1,dialectal,neutral
معلش خيرها في غيرها,1,dialectal,neutral
افتح الخاص بارك الله فيك,0,standard,positive
عايش ولكن فيك ميت,0,standard,mixed
العفو صديقي,0,standard,positive
أحبك سماء ، والسماء بحق حبك قليل,0,standard,positive
لا تهمل شيئا لاتريد أن تراه بيد غيرك,0,standard,neutral
التعدد حلال,0,standard,neutral
سيري انا داعية ليك برضا للي رضت بيه السما على الارض,1,dialectal,positive
ختك انا احبيبة,1,dialectal,positive
تجاوز وسامح,0,standard,positive
انا معاكم تالموت,1,dialectal,positive
انا أيضا لا اختلف معك كون اللغة الفرنسية لها قيمة ادبية و فكرية مثل كل اللغات الحية رأيي هو اننا نعطي قيمة للغة الفرنسية اكثر من حجمها احترامي سي عبد الالاه,0,standard,neutral
إذا كان راتبك يكفيك لتأكل وتنام فقط فهذا ليس عملا ، في الماضي كانوا يلقبونه بالعبودية,0,standard,negative
هكدا يتكلم أشباه الوزراء في المغرب,0,standard,negative
مايحزفي النفس هومانسمعه من كلام ساقط في بعض اسواقنا وشوارعنا,0,standard,negative
الله يخفف ما نزل و يصبركم,1,dialectal,positive
رحلة الحفاظ على الوزن,0,standard,neutral
حتى هادي زوينة,1,dialectal,positive
كانگولها من زمااان حق الله العظيم,1,dialectal,positive
دائما الخير فيما اختاره الله,0,standard,positive
يمكن ان اصعبهم هو المتواطئ و المشارك ف الجرم لهذا قلت من كذا مرة باننا بحاجة لجيل ثائر فكريا و اقول فكريا كي لا يقول احد انظر ماذا فعلت الثورة بالبلدان العربية نحن عندنا مشكلة فكر,0,standard,negative
الإكتفاء بشخص واحد لذة,0,standard,positive
مكفوفون يقتحمون وزارة الحقاوي ويهددون بتنفيذ انتحار جماعي,0,standard,negative
لم أكن أعتقد أن هذه الأغنية ستعنيلي شيئا يوما ما,0,standard,neutral
تعدد الجهل و الموت واحد,0,standard,negative
تبرد قهوتك إذا غفلت عنها، فما بالك بمن تحب,0,standard,negative
كثر الله امثالك,0,standard,positive
بلا عندهم هؤلاء الموصوفون باشباه الرجال المخنثين المكبوتين,1,dialectal,negative
أنت مليتي عيوني و أنا فيك أكتفيت,0,standard,mixed
الله يصلح الحال هذا اللي كان وراء هاد التغييرات الله يهديه و صافي,1,dialectal,positive
البركة فراسكم الله يرحمها يارب,1,dialectal,positive
تجاهل التغريدة هو الحل,0,standard,neutral
الأروع ان يأسرك حسن تعامله وخوفه عليك في تلك اللحظة سيطيب لك القيد الروحي وتكتفي بسجن من ورود شكرا لمرورك,0,standard,positive
تتشابه الناس وانت مالك شبيه كل الجمال المسمى منك يتفرع,0,standard,positive
صورة توضح بشاعة ما وصلنا اليه اخلاقيا رجل في مكانته لم يشفع له تاريخه كي يعامل معاملة كريمة زمن يصدق فيها الخائن و يكذب الصادق,0,standard,negative
هل أقدر اجد متعايش مغربي يريد زواج,0,standard,neutral
عما قريب في المغرب,0,standard,neutral
اوا الله يرد بينا هدا ما كان,1,dialectal,positive
مرحبا به عند كيفما كان الحال غ يكون احسن من دو سانتوس,0,standard,positive
الشرطة الاسبانية تدخل الى مسجد مغربي وكما تظهر الصورة فعناصر الشرطة دخلو باقدام حافية للتعرف على المعتكفين وبعدها استدعاهم الامام لجلسة شاي واخذ صورة معهم ينصر الله الدول الكافرة ان كانت عادلة ولا ينصر الدولة المسلمة ان كانت ظالمة,0,standard,neutral
انهم اهل الكاريكاتور و لك في جرائدنا خير مثال,0,standard,neutral
ماأقبح الأول وما أجمل الثاني فإن صادفته في حياتك فتمسك به أخي,0,standard,mixed
بالتوفيق,0,standard,positive
رونو كيخلصوا للعاملين درهم وبغاو يتحكمو في شعب بأكملو,1,dialectal,negative
انتظر الاجابات,0,standard,neutral
ترقبوا حلقة جديدة من برنامج هذا المساء ابتداء من الساعة على قناتكم ميدي تيفي,0,standard,neutral
ابدعت اناملك الذهبية,0,standard,positive
ارتفاع في أرباح مجموعة موانئ دبي العالمية,0,standard,neutral
اااه وهو كذلك مشكورة علي المعلومة,0,standard,positive
يا ربي آمين و حتى أنا معاك,1,dialectal,positive
حظ سعيد للمنتخب العربي القطري الحر,0,standard,positive
الله يخلي لنيا العونيات,1,dialectal,positive
حمى الاعتقال فاقت الواقع والخيال,0,standard,negative
الحزن دايم والفرح بس لحظات,1,dialectal,mixed
ما قويت اختار غيره واعشقه رجعت احبه في غيابه من جديد,0,standard,positive
الله على اخلاقهم فخر العرب,0,standard,positive
الله يعطيك الصحة والعافية,0,standard,positive
لا ذكرتك اشتعل فيني الحنين,1,dialectal,positive
ربي يحفضك ويسعد ايامك ويطول عمر والديك يا رب,0,standard,positive
أمضينا وقتا طويلا في الحديث حول هذا الموضوع,0,standard,neutral
الإنسان يفكر بكل أعضائه لا بدماغه,0,standard,neutral
لم نخلق لنرضي الخلق,0,standard,neutral
كيفاش,1,dialectal,neutral
دمتم على خير,0,standard,positive
وجوه الخير باركو ليا وليت عم,1,dialectal,positive
مقاطعون و على العهد باقون,0,standard,positive
خافوا من الله في الناس,0,standard,positive
مكتب التسيير فاسد يديره مجموعة خونة,0,standard,negative
المغرب يحتاج لاناس واقعيين,0,standard,neutral
الحياة أقصر من أن تشرح للناس حسن نواياك,0,standard,neutral
نتي الفن في حد ذاته حبوبة,1,dialectal,positive
من الحقائق الثابتة انك تستطيع النجاح بسرعة و بأفضل طريقة عندما تساعد الأخرين على النجاح,0,standard,positive
الحمد لله هاد القنوات ديال السعودية كينقلو الدوريات الكبرى,1,dialectal,positive
هداك كاس ولا سطل دلحمام ناري شحال كبير,1,dialectal,neutral
يقولوها فينا مزيانة,1,dialectal,positive
هذا في الحلم او في الكتب اما الواقع فيجبرك على عيش المشقات و تحدي الصعاب,0,standard,negative
عندما يجتمع الجهل و السلطة فالنتيجة هي هذا المخلوق,0,standard,negative
الله يعاونك عليها,1,dialectal,positive
صافي امشي عندوا بسلامة عليك,1,dialectal,neutral
تحياتي وكلنا نحب بعضنا نحن ابناء وطن واحد,0,standard,positive
الصورة من الحساب الرسمي,1,dialectal,neutral
وصل خويا لعزبز تحياتي لك يا طيب,1,dialectal,positive
انت من عشاق البحر اذا انت رفيقتي,0,standard,positive
لقطة لا تصدق ولكنها حقيقة,0,standard,positive
اللهم إنا نسألك موجبات رحمتك وعزائم مغفرتك والسلامة من كل إثم والغنيمة من كل بر والفوز بالجنة والنجاة من النار,0,standard,positive
انا لا أقدر بثمن,0,standard,positive
لا غير ضاحكين,1,dialectal,positive
مزيان مربوحة ان شاء الله,1,dialectal,positive
لله المشتكى غدا في محكمة الله سياخدون حقهم اضعاف مضاعفة,0,standard,negative
نهاية الموسل الاول صدمتني وهوأكثر مسلسل أخذت منو صدمات,1,dialectal,negative
ضيعوه في حقه مسكين,0,standard,negative
و لكم في قصصهم عبرة هذا الى كان اصحاب القصص يعتبر منهم,0,standard,neutral
واخا و لكن راه العدد مهم,1,dialectal,neutral
اراقبك من بعيد و اكتم بقلبي الف شعور,0,standard,mixed
الحمد الله وانت فين غبورك,1,dialectal,positive
روح خد لك دروس تارخية من عند محليلينكم السياسيبن قبل التفوه بحماقات تثير الاشمئزاز,1,dialectal,negative
و الله شحال من مرة طرحت على راسي هاد السؤال كيفاش يفرطو فهاد الاجواء الجميلة مع انها تكون مرتين في العام فقط,1,dialectal,mixed
المهم فرحنا و حنا متناسين ان المشاكل يلاه كيبداو من بعد الباك,1,dialectal,mixed
جميل جدا,0,standard,positive
وييه فاش باقي كانت النية,1,dialectal,neutral
مرورك جميل ك جمال روحك و كلامك طيب ك طيبة قلبك تسعدني دائما بوجودك على تغريداتي,0,standard,positive
نفذ صبري مع هذا الجاهل المستفز,0,standard,negative
بارعة,1,dialectal,positive
نتمنى نشوف مبارة كبيرة تطغى فيها كرة القدم عن اي شيء ويكون الفور للأفضل,1,dialectal,positive
أنا مسؤول عما أكتب وانت مسؤول عما تفهم ولست مسؤولا عما تشم خصوصا إذا كنت تقرأ بأنفك,0,standard,neutral
اكابر والكبر لله احبك بس انا مغرور,0,standard,mixed
لقد ضربني البرد,0,standard,neutral
ممكن,0,standard,neutral
فخباركم يوم من الايام كان حلم حياتي نحج ونصلي مور السدسي فاش تنفكر هاد الحلم دابا كنحشم من راسي,1,dialectal,mixed
غير ديرو فينا التيقة واحنا قادرين نربحوهم ان شاء الله و نخرجوهم كي دارو فيكم,1,dialectal,neutral
كذاب,0,standard,negative
لا نتوما بالنسبة للمجتمع يلاه بديتو فحياتكم,1,dialectal,neutral
مع احترامي لك لكن لهجة السخرية في تغريدتك و الردود مستفزة جدا,0,standard,mixed
من يبعدهم الله عنك ، لا تحاول إعادتهم إليك,0,standard,neutral
امين و حفظك و حفظ أحبابك و غواليك,0,standard,positive
يا صاحب الوسام شد الحزام بانت عورتك واختل النضام,0,standard,negative
أن نكون أحرارا في المؤخرة أفضل من أن نكون عبيد في المقدمة,0,standard,positive
هدي تسمى الخيانة لعظمى تسمح ف بلادك,1,dialectal,negative
الحمد لله على فهمك,0,standard,positive
ذكريات الطفولة المغربية أيام البهجة و الضحك,0,standard,positive
رحمه الله وغفر له و جميع موتى المسلمين,0,standard,positive
من أسباب السعادة أن يكون لديك عينا ترى الأجمل وقلبا يغفر الأسوأ وعقلا يفكر بالأفضل وروحا يملأها الأمل,0,standard,positive
حياك الله اخي الكريم,0,standard,positive
مساء السعادة علي حبيبتي امين جزاك الله خير الله يبارك فيك الله يحفظك من كل سوء وشر انت اهلك يا قلبي,0,standard,positive
امين أختي الغالية,0,standard,positive
لن ينفع مع اليهود والصليبيين إلا السيف,0,standard,negative
موضوعه يستحق التأمل لانه تطرق لمسألة تكررت فيما سبق هذا و الله اعلم بما سيقع مستقبلا,0,standard,neutral
عقبات تعترض تفعيل قانون الوصول إلى المعلومات,0,standard,negative
الفارق صنعه انريكي,0,standard,neutral
حبيبي أتشرف بكلامك هذا,0,standard,positive
علينا وعليكم عزيزتي بدوام الخير والسعادة والامان وراحة البال,1,dialectal,positive
شكرا,0,standard,positive
هاذا هو فكر الخوارج الجهلة الباغين,0,standard,negative
مافيها باس و كوليها يدعي معاك,1,dialectal,positive
من لا يخشى حزنك لا يستحقك,0,standard,negative
وانا كدالك تلميذ عادي و آقتبس بعض كلماتك الجميلة,0,standard,positive
هده هي الحقيقة للاسف,0,standard,negative
حالنا نحن وإخواتنا المصريين,1,dialectal,neutral
افشل بلدية هي اكادير و انزكان ايت ملول,1,dialectal,negative
بشرى هي من اصحاب النوايا الطيبة العافين عن الزلات المبتسمة في الأيام صفاء قلبها من رقي اخلاقها اللهم اسعدها يارب,0,standard,positive
من بغاك ما نساك,1,dialectal,positive
شوفو صورة طريقة تحديد موقع,1,dialectal,neutral
الواحد هو لي يشكر راسو صباح العز و الفخامة,1,dialectal,positive
من يضمن المستقبل قال لا تلقو بأنفسكم إلى التهلكة,0,standard,neutral
كن شيئا جميل، فالجميل لا ينسى,0,standard,positive
بدأنا فصل جديد وبدات آمالنا واحلامنا فياربي حقق ما تراه خيرا لنا في ديننا ودنيانا وأخرتنا,1,dialectal,positive
ولا منجا منك إلا إليك، إنك على كل شيء قدير,0,standard,neutral
و الله بعض الناس يستحقوا كل الاحترام و التقدير,0,standard,positive
الله يعاونك على مشاغلك,1,dialectal,positive
حنا راه الله يعمرها دار والله,1,dialectal,positive
إلى اللي يستحق الشكر هو انتما على المجهودات ديالكم والتضحيات ديالكم على ود ولاد الشعب تحياتي لكم,1,dialectal,positive
دعواتنا معهم الله ينصرهم على العدوان الغاصب ماتت الروم لما كنا خيولا و كبونا فقامت اسرائيل لك الله يا غزة و فلسطين,0,standard,mixed
ااااه مزيان عبرتي عليه,1,dialectal,positive
باش تعرفي الغباء نتاع المسؤولين دياولنا السيد مافاهام والو وتيبغي إشرح باز حاشي صنتيحتو صحة,1,dialectal,negative
شي حاجة كتر من مريض,1,dialectal,negative
عليك أن تؤمن بشيء الذين لا يؤمنون أرواحهم خاوية,0,standard,neutral
رصيف الصحافة زوجان يجران العثماني والدكالي إلى القضاء,0,standard,neutral
الامر بحد ذاته مهول ميحتاجش يزيدو لمغاربة يهولوه,1,dialectal,negative
صافي ماكاين غير تفاؤل,1,dialectal,positive
و و و تحماو علينا ويلاه جابو معانا التعادل,1,dialectal,positive
أنفلوانزا الخنازير مسؤول عليها وزير الصحة والحكومة والدولة ياك والحمى القلاعية واش نقدرو نقولو أن هو اللي مسؤول عليها,1,dialectal,neutral
سبحان الله و بحمده سبحان الله العظيم عدد خلقه و رضا نفسه و زنة عرشه و مداد كلماته,0,standard,positive
خطوة جديدة,0,standard,neutral
بحبك الحب كلمة قليلة بالنسبة ليك,1,dialectal,positive
الله يلاقي كل واحد مع اللي يتمنى و الله يهدي ما خلق,1,dialectal,positive
ليت الشعور يروح مع روحة أصحابه,0,standard,neutral
همنا التعبير عما يجول ف خواطرنا و الاستفادة و الافادة ان استطعنا اما ارضاء المتابعين ف هدك امر صعب المنال,1,dialectal,mixed
سلامتك احبيبة الله يبعد عليك كل شر يليق بعينك ان تلمع من جديد,1,dialectal,positive
نيمار سيعود الملاعب في ربع نهائي الشامبيونزليغ,0,standard,neutral
كوني امرأة لا تتباهى إلا بعقلها نصيحة أبدية,0,standard,positive
احسن لك و الله لكن من باب الحذر وجب العلم تحياتي,0,standard,positive
امين و جميع نساء المسلمين,0,standard,positive
يا اخوتي لازم تكون عندك ديما الخطة ماشي ديما تسلم الجرة,1,dialectal,neutral
نعم فريق ضعيف جدا جدا ولا مجال للمقارنة,0,standard,negative
اسيدي راك فنان بمعنى الكلمة عمل يستحق التنويه و التشجيع,0,standard,positive
عندما تشاهد طفل ينظف سيارة الأمم المتحدة التي ترفع شعار حماية الطفولة اعلم أن النفاق هو الذي يحكم العالم,0,standard,negative
ذكائي الخارق لا يناقش,0,standard,positive
فادي خويا لعزيز يجمع الله مع احبابك و الغاليين على قلبك يا رب,1,dialectal,positive
ما معنى الاستحقاق في قاموسك,0,standard,neutral
ليس دائما عندما يلتقي الجمال والحظ والذكاء نكون أمام الكمال والكمال شيء مطلق والمطلق الكامل مخيف,0,standard,neutral
خفف حمولة قلبك بالتخلي ليست كل الأشياء تستحق الإهتمام,0,standard,positive
بدون تعليق صراحة,0,standard,neutral
سيزهر الطريق الذي سلكته يوما و سيتلاشى عنكي كل التعب,0,standard,positive
ودعت بك عام مضى واقبلت بك عام جديد,0,standard,positive
المشكله احنا امه لا تتعلم من غيرها,0,standard,negative
لنا في امهاتنا المؤمنات قدوة و مثال و ليس خيال,1,dialectal,positive
أختي واخا وجهي قاصح كنحشم,1,dialectal,positive
امين ازين ربي يخليك,1,dialectal,positive
فيها يكمن الجمال يخليلي الجمال انا,1,dialectal,positive
من الظلم أن ابدو لك قويا وتعتقد أنني أستحق الألم,0,standard,neutral
حرام الوصل ما يجمع قلوب عن هواها بعاد,0,standard,positive
بصحتك غرت,1,dialectal,positive
جلالة الملك محمد السادس يهنئ مجموعة فناير,1,dialectal,positive
و الله سهيلة حالة صعبة,1,dialectal,positive
اللهم يسر سنة سعيدة,0,standard,positive
ياااا رب اميين,0,standard,neutral
رغم الخسارة ربحنا هذا المقاتل ابن الريف الامازيغي نور الدين مبارة ممتعة وقتالية اجبرت البرتغال على اللعب ب مدافع زائد الحكم تحية ابناء تمزغا وبالوفيق لتونس الحبيبة المثل الثاني لتمزغا,0,standard,mixed
واعلم أن اليد الممتدة نحو السماء لا تعود فارغة أبدا,0,standard,positive
مخابرات فرنسا وألمانيا والجزائر تكشف انقلابا إماراتيا في تونس بتعاون مع وزير الداخلية المقال,0,standard,neutral
حيا الله اصلك يا طيب,0,standard,positive
غ يؤثر بطريقة أو بأخرى على مردود الوداديين ان شاء الله يعوضو ف الاياب,1,dialectal,positive
اخر جملة احيييك جدا عليها ياريت كلنا في العالم العربي وشمال افريقيا نعترف بالمشكلة لانها اول خطوة لحل المشاكل,0,standard,positive
صورتها وهي صغيرة,0,standard,neutral
لا يهمنا اشكالهن ف لله في خلقه شؤون انما الامم الاخلاق ما بقيت ان هم ذهبت اخلاقهم ذهبو,0,standard,neutral
اشتقت للفجر القديم اشتقت لأيامي معك,0,standard,positive
أعجبتني,1,dialectal,positive
اخر انجازاتهم ايام الاستعمار,0,standard,neutral
إجابة رقم واحد,0,standard,neutral
برامج رمضان عندما يغيب المعنى يصبح الكوميدي مهرجا تعواج الفم ماشي فن,1,dialectal,negative
ربنا ما خلقت هذا باطلا سبحانك فقنا عذاب النار,0,standard,neutral
لعنة الله على الظالمين,0,standard,negative
ربي يتغمدهم في رحمته ومغفرته ويسكنهم الفردوس الاعلى,0,standard,positive
بداية اسبوع موفقة للجميع خاصة الرجاويون,0,standard,positive
اختي راه الكبت والجهل راه كينتجو الوحوش البشرية,1,dialectal,negative
الارجنتين لها منتخب فاشل و لا تتوفر على لاعبة بجودة عالية باستثناء الهجوم و هو غير كافي لا وسط و لا اجنحة و لا دفاع بعكس الالمان يتوفرون على منتخب مكتمل و خانهم الحظ تارة و اختيارات المدرب تارة اخرى,0,standard,negative
تماما هو هذا,1,dialectal,positive
بغيت التفاصيل,1,dialectal,neutral
من أروع المدن المغربية فعلا,0,standard,positive
الله يحفظ,0,standard,positive
يعزك و ينورك و ينصرك غاليتي,0,standard,positive
عيوني هاك هذي قبل هذي,1,dialectal,positive
اه فهمت و حتى انا فقط للاشارة,1,dialectal,neutral
على الوداع ان يكون سريعا كي لا تعطي الفرصة للأخر ليرى الدموع في عينيك,0,standard,neutral
يا غريب وكل شي فيك أعرفه,0,standard,negative
الاحترام التفاهم تقدير الاخر و الثقة,0,standard,positive
الله يعوض علينا شكون تيغنيها,1,dialectal,positive
بنعبد القادر المغرب رائد في الحكومة المنفتحة والحكامة العمومية,0,standard,neutral
شهد مجلس البرلمان اليوم مهزلة كبرى عند استقبال الرئيس للتلاميذ المتفوقين في الباك هناك من أتى من الداخلة و كلميم و وجدة برفقة والديه و على نفقته ليحصل على هدية البرلمان والمتمثلة في كتاب خاص عن البرلمان قمة الحزن والأسى والندم في وجوم على ضياع الوقت والمال والبدن,0,standard,negative
لا شيء يحدث للإنسان إلا وقد منحه الله القدرة على تحمله مفهوم عميق لقوله تعالى « لا يكلف الله نفسا إلا وسعها »,0,standard,positive
يا مثبت القلوب ثبت قلوبنا على دينك,0,standard,positive
ارجو لك كلها سعادة وبتحقيق كل النجاحات,0,standard,positive
يشهد الله ماشغل البال غيرك,1,dialectal,positive
اللهم في يوم الجمعه أفرحنا بخبر جميل و أشف كل مريض و أرحم كل ميت و أشرح صدورنا وأجعل هذه الجمعه أستجابه لكل دعاء,0,standard,positive
الكتاب دائما إذا قرأت ولو صفحة واحدة فهذا أفضل من لاشيء,0,standard,positive
الحراك الجزائري القضاة يرفضون الإشراف على انتخابات بوتفليقة,0,standard,neutral
رسميا الإعلان فاتح شهر جمادى,0,standard,neutral
شكرا جزيلا استاذة شيماء,0,standard,positive
نهضة الغرور والأنانية يدعمها النفاق,0,standard,negative
أحيانا خطاك الوحيد أنك كنت الطرف الذي يحب أكثر,0,standard,negative
لا أطيل النظر في عينيك حرم الله ما يذهب العقل,0,standard,mixed
ااه بصح معا هاد الخرجات زادو غ كبرو نسبة المعارضين,1,dialectal,neutral
خير ان شاء الله,0,standard,positive
من باب خيانة الامانة,0,standard,negative
شكرا أستاذ,0,standard,positive
تماما احسنت و جزاك الله خيرا,0,standard,positive
أشوفك للدروب المعتمة نور وملاذ وضي,0,standard,positive
لا ما جات نتشفاو فيهم الله يهدي ما خلق تقبلي مروري,1,dialectal,positive
و كأن الليل والنهار في ملامحه,0,standard,neutral
الله يطمن قلبك ويشفيك ويحفظك يارب,0,standard,positive
ان القلب ليحزن لما نسمعه من أخبار عن الصراع الطلابي الذي راح ضحيته عدد من الضحايا و ما يحز في النفس أكثر ان غالبيتهم او جلهم من اولاد الشعب تطاحنات بين فصائل طلابية تحدث في غالب الاحيان لأسباب تافهة الجامعة او الكلية مكان لتحصيل العلم و ليست ساحة معركة,0,standard,negative
الحمد لله الذي تتم بنعمته الصالحات,0,standard,positive
هل يوجد إعادة للبرنااامج,0,standard,neutral
نعم ولنا كامل الحرية فاختيار الزاوية,0,standard,positive
و رؤيتهم سعداء و مبتسمين يحولون قساوة الحياة و مرارتها فرح و ابتهاج,0,standard,positive
ايوااا لحمدوو الله مين هداهم الله ودخلوه,1,dialectal,positive
جمال مدن المغرب لا يضاهيها جمال,0,standard,positive
باش يديرو ما بغاو فهاد البلد السعيد,1,dialectal,negative
نعم صحيح,0,standard,positive
كلامك صحيح,0,standard,positive
لكي الحق أن تعتزي بأعمالك ولنا الحق أن نفرح معكي سهيلة توب حالة فانزك اليوم,1,dialectal,positive
الله يبارك فيكم تبا لكل من فرق بين الاخوة,0,standard,negative
المرجو النشر لاصحاب القلوب الرحيمة,0,standard,positive
حسب بعض وسائل الاعلام ريال مدريد تواصل مع زيدان للعودة لتدريب الفريق,0,standard,neutral
القمح فاسد الخضار و الفواكه مواد كيماوية شوارع حفر و مطبات,0,standard,negative
فويل للمصلين الذين هم عن صلاتهم ساهون,0,standard,negative
كيدرتي ليها ع,1,dialectal,neutral
موضوعك هذا جميل و حساس احييك عليه لكن و جب العمل على الخلل الخلل فيا و فيك و ف لاخر وزيد وزيد علاش لاننا ما بقيناش مهتمين بلاصلاح بقدر حبنا للفضيحة و الشوهة و نرى اقرب الاقربين يعانون ام انني اخربق اختي,1,dialectal,mixed
جمهور الوداد ياسلام,0,standard,positive
ما يجري فى سيناء إرهاب,0,standard,negative
مساكم سعادة و فرح,0,standard,positive
وقفت اليوم في سطوب مع المغرب وقالي بوليسي شعل الضو قلت ليه لا قالي علاش قلت لو العثماني قاليك حفضو على الطاقة رد عليا بوليسي قالي العثماني حمق,1,dialectal,neutral
تنبثق من أعماق اللغة الفصحى و سهلة لمن يريد تعلمها,0,standard,neutral
متقولش هكاك والله هذا من كرمك صديقي وانت قمت بأكثر من الواجب والله اكثر من امثالك الله يعطيك الخير,1,dialectal,positive
ساءرون في دروب الحياة راجيين ان ينورها الله بنوره انار الله دروبك وشكرا لمرورك الكريم,0,standard,positive
اول شيء في المرحلة القادمة هو تحديد المدرب الجديد و تقديم له كل الصلاحيات,0,standard,neutral
وي زوين,1,dialectal,positive
المغرب الأخضر مشاريع البستنة بمنطقة الغرب,0,standard,neutral
اللهم امين وياك يارب,0,standard,positive
أمة المظاهر,0,standard,negative
تقبل الله منا و منكم صالح الأعمال الله يجعلنا من الفائزين في هذا الشهر الكريم,0,standard,positive
يليق بكي ان تكوني ضوء لا ينطفئ و ان تكوني وردا زهريا لا يموت و ماءا يروي العطاشا و لا يجف يليق بكي ان تكوني كل الاشياء السعيدة,0,standard,positive
هذا كله و لست من هواة التصوير فماذا لو كنت كذلك,0,standard,neutral
واعرة واعرة,1,dialectal,positive
يسعد مساء الغاليات على قلبي,0,standard,positive
لكل افراد العائلة الكبيرة و الصغيرة اهدي اجمل المتمنيات,0,standard,positive
غير الدنيا و صافي سول فيك الخير و الرباح,1,dialectal,positive
وانا كنت امزح معك أنت تذكرني باخي الصغير,0,standard,positive
اه دابا فهمت,1,dialectal,neutral
صباح الخير اليوم عيد,0,standard,positive
آمين يارب العالمين اللهم إنا نسألك الهدى والتقى والعفاف والغنى اللهم إنك عفو كريم تحب العفو فاعف عنا برحمتك يا ارحم الراحمين,0,standard,positive
ولعل مصطلح أوحاه الشيطان للناس حتى لايدعوا للأموات بالرحمة والغفران اللذين هم شديدوا الحاجة لهما,0,standard,negative
يتاجر البعض بالحريات كما يتاجر آخرون بالدين والثمن يدفعه دائما الإنسان المسكين,0,standard,negative
أشد أنواع الجهل عندما يكون مغلف بغلاف ديني وهو مشوها له,0,standard,negative
اسعد الله يومكم بكل خير وبركة,0,standard,positive
نهضة بركان تتأهل إلى ربع نهائي كأس الكاف,0,standard,neutral
والله الى يضر فالخاطر لكن الله المستعان أمثال هولاء التلاميذ الي يستحقو يحفزوهم كيعاملوهم بحال هكا,1,dialectal,mixed
الجنة اللتي ستدخلها أنت لا أريد دخولها، جهنم أشرفلي وأهون علي من أن أكون مع أحد الوهابيين المنحطين,0,standard,negative
القسم الثاني وجزاك الله خيرا,0,standard,positive
فريدة من نوعك,0,standard,positive
سياسة القطيع للأسف,0,standard,negative
هل السعودية دولة متى تم التصويت على دستورها أين مؤسساتها المنتخبة السعودية ليست دولة ولا ينطبق عليها مفهوم الدولة هي مجرد قبيلة وينطبق عليها مفهوم القبيلة اكثر من مفهوم الدولة كما تم التأصيل لها في الفلسفة السياسية وكما هو متواضع عليه في العلوم السياسية,0,standard,negative
حبابي نهاركم مبروك تقبل الله صيامكم كنبغيكم ابن جرير,1,dialectal,positive
يقال كن ذئب ولا غ يأكلك الذئاب,1,dialectal,neutral
جبال الاطلس و جبال الريف ب بلدي المغرب,0,standard,positive
المهم يكون البديل المميز حيت البطولة خصها نفس طويييييل,1,dialectal,positive
طرق المغرب الساحره,0,standard,positive
اوا راه ضروري خاصك تزعم باش تقاد شوية الفرقة,1,dialectal,positive
بلغه سلامي و قل له ساكلمه قريبا,0,standard,positive
ثم إن عينيك تقول الحب يبقى شابا حينما يشيب كل شيء,0,standard,positive
كاميرات في حافلات البيضاء,0,standard,neutral
اللهم إنه يوم الجمعة نسألك ان ترحم أمواتنا وتغفر لهم وتسكنهم فسيح جناتك يارب,0,standard,positive
يعتبر جمال النساء فى المغرب من أحلى و أجمل النساء فى العالم,0,standard,positive
سعيد العين من صادف مبسمك,0,standard,positive
غتكوني درتي علاش,1,dialectal,neutral
اكبر حملة نظافة في تاريخ المغرب جمعية مغاربة ونفتخر,0,standard,positive
قريت اول جملة من التغريدة تهزيت افتكرت كارثة تارخية,1,dialectal,negative
شقيق امسية سعيدة,0,standard,positive
من ضمن جميع الرويات التي قرأتها لا زلت أبحث عن تلك الرواية,0,standard,neutral
تقبل الله منا ومنكم عيدكم مبارك سعيد وكل عام وانتم بألف خير نتوما العيد عندكم الاربعاء معانا,0,standard,positive
شي عقليات حارو فيها العلماء اختي,1,dialectal,negative
مدينة جميلة باردة فالشتاء و الحرارة في الصيف,0,standard,positive
حبيبي إن ضقت صدري موطن أحزانك,0,standard,positive
الوداد يا معذبهم,0,standard,positive
مثل المطر أنت حتى قليلك به حياه,0,standard,positive
الحمدلله ع كل نعمه أحاطت بي ولم أبصر قيمتها,0,standard,positive
رساله واضحه جدا,0,standard,positive
ا الله اودي الى مارقت لبا صطوف لمن تروق,1,dialectal,positive
إحرص على الأثر الطيب دوما,0,standard,positive
حسبي الله ونعمه الوكيل فيكم انتم وكلابكم الأستاذ أصبح يهان,0,standard,negative
راه ماكذبوش لي قالو خاف من لي قريب او كان قريب ليك اما البعاد هانيا,1,dialectal,neutral
تصبح على خير ا دكتور,1,dialectal,positive
غير معقول,0,standard,negative
عليهم غضبك و نقمتك إلى يوم الدين اللهم دمرهم و شتت شملهم,0,standard,negative
يارب لك الحمد على هذا التقدم ستكون قصة كفاح كتبت بقلم الابداع الذي يصف التفاصيل باجمل طريقة متحمس لقراءتها عند نجاة البطل,0,standard,positive
التعادل فهاد الظروف وفالكامبنو راه فوز عريض,0,standard,positive
والله مرحبا بيك وآلف مرحبا انت ومالين الدار,1,dialectal,positive
وفي نهاية البطن الثاني صمام لايسمح بنزول العسل منه الى البطن الثالث الا للضرورة وبشيء قليل ، والبطن الثالث فيه احشاء النحلة اذ تتغذى بهذا القليل اثناء طيرانها ولتستكمل رحلتها وعندما تعود النحلة الى الخلية هنا المعجزة فانها تستعيد مافي البطن الثاني من العسل الصافي,0,standard,neutral
يا من سجدت له الجباه وبكت له العيون وخشعت له القلوب اقض حاجاتنا وفرح قلوبنا ويسر أمورنا يارب وصلي اللهم وسلم وبارك على سيدنا وحبيبنا محمد وعلى اله وصحبه اجمعين,0,standard,positive
اللهم امين صباح الخير والتوفيق,0,standard,positive
والله معزتكم كبيرة,1,dialectal,positive
زوينة غادي نبدا بيها,1,dialectal,positive
أول مرة يتم تفعيل الدستور في المغرب,0,standard,neutral
امنح كل الحب لنفسك,0,standard,positive
في وجود الببلاوي الفاشل تزداد معاناة المواطن,0,standard,negative
منيب نهاية الإسلام السياسي قريبة وديمقراطية المغرب صورية,0,standard,neutral
نتظآھر ب آلقوة و لگن بدآخلنا وطن يبگي,0,standard,negative
الناس اللي تحلم بتحرير سبتة و مليلية و الجزر الجعفرية ووووو,1,dialectal,neutral
مقاييس التساقطات المطرية المسجلة,0,standard,neutral
خلق العرب لينهزموا للأسف,0,standard,negative
حب الله و الوالدين,0,standard,positive
هدا من فضل ربي,0,standard,positive
ملامحك في خاطري ما تغيب,0,standard,positive
وزارة الداخلية ووزارة الشباب والرياضة تخصصان تذاكر ذكية لمباريات للحد من الشغب,0,standard,neutral
كيعجبني نتصنت له عندو ما يقول و يتكلم ف بزاف المواضيع,1,dialectal,positive
بخصوص نهائي آسيا قلبا و طقالبا مع قطر بالتوفيق لهم,0,standard,positive
اللهم وفقنا الي فعل الخيرات وترك المنكرات جزاك الله خير يا اخي احمد,0,standard,positive
يخطئ القلب لحظة فيعاقبه العقل سنين,0,standard,negative
ماشاء الله,0,standard,positive
لا لا عسل عسل,0,standard,positive
شيئ مقزز لا يستحق المشاهدة,0,standard,negative
كتب نهايتها العرب المسلمون,0,standard,neutral
انا زرت تونس و اكلتها مع احترااامي المطبخ المغربي الذ و اكثر تنوعا,0,standard,positive
مطبل من الدرجة الأولى بامتياز,0,standard,positive
سبحان الخالق,0,standard,positive
إلى العمل من جد وجد,0,standard,positive
اضطرابات الأكل تصيب ثلث طلبة الطب في المغرب,0,standard,negative
وجهة نظر ولكن ميزته انك انت اللي تختاري واش تحبي ماشي مفروض عليك كما كاين الخايب كاين الزين فعلا اغلب ما يجول سب و شتم و قذف ولكن هده مجرد ريح عابرة ستزول مع نهاية المونديال المهم الواحد ما يتسرع يمكن غ ترتاحي الى غبت مدة من ا,1,dialectal,mixed
مرحبا بأي وقت,0,standard,positive
أحب التغريد في تويتر و اكره النفاق و ماجاوره و اشجب الرسائل المعسولة على الخاص و دوك الفعايل المغضوب عليها,1,dialectal,negative
كل حر في قراراته و اختياراته,0,standard,positive
هادشي حسب كيف انت تشوفي راسك,1,dialectal,neutral
لا يوجد كفائات بالاردن قادره على اداره هذا المشروع للأسف,0,standard,negative
ماكنتفرجش ولكن ان شاء الله تربح الوداد,1,dialectal,positive
الساكت عن الحق جبان,0,standard,negative
ما هو البال هل هو عضو في جسم الانسان كثيرا ما نسمع راحة البال والله يصلح بالك فما هو البال وهل الكلمة عامية أم فصحى ما هو البال سئل رجل ذات مرة لو كانت هناك أمنية واحدة تلبى لك الآن ماذا ستتمنى فقال راحة البال,0,standard,neutral
شكرا شكرا,0,standard,positive
الأشياء التي تأتي بلا مناسبة جميلة جدا,0,standard,positive
المهارة في الخياطة البيع الملابس,1,dialectal,positive
اللهم اقوي ايمانك ياشيخنا الفاضل,0,standard,positive
انهيار النظام بالجزائر لا يفيد المغرب,0,standard,negative
لا لا عادي كلنا هكاك فالأول ملي شفتها معرفتهاش,1,dialectal,neutral
مبروك و الله يفرحك بها,0,standard,positive
هاد المسالة ديال ضرب الاقتصاد الوطني في الصميم,1,dialectal,positive
الارهاب و القتل هي سياسة محضة و ان كانت بدواعي الدين و الارض و لكن اصول المشكل سياسي على ما اعتقد شخصيا,0,standard,negative
كيف يعني تدافع عن وطنك,0,standard,neutral
دخول بعض الناس لحياتك هو مجرد درس تتعلم فيه أشياء تطبقها باقي حياتك أولها هو عدم الإفراط بالعاطفة وثانيها أن قلل توقعاتك بالأشخاص,0,standard,neutral
كاين امل هاد العام,1,dialectal,positive
حق مولانا,1,dialectal,positive
وقعت عيني على بعض من التغريدات المؤلمة جدا تنعي أشخاصا ذهبوا ضحية الحادث,0,standard,negative
عيونها السود من يقدر يعآتبها,1,dialectal,negative
كلامك صحيح و في الصميم العزلة اصبحت تستهوينا حتى حد ما بقات عاجباه شخصيتو الحقيقية الكل يحب يعيش ف المجهول للاسف,1,dialectal,negative
فعلا التربية عندها دور كبير فهادشي,1,dialectal,neutral
اللهم نور القبور المظلمة واشفي الأجساد المتعبة,0,standard,positive
كاين اللي بعيد عليك ويتمنى لك الخير,1,dialectal,positive
الشعب غبي بمتعلميه و امييه,0,standard,negative
شوفي ليك شي تذكرة لجزر الوقواق دوزي تما شي شهر,1,dialectal,neutral
ضعف إيمانك بعد مارأيت حبل المشنقة ملتفا حول رقبتك,0,standard,negative
ترد الروح شوفتك لو هي دقايق,0,standard,positive
عاجبك الحال,1,dialectal,positive
اللي يحبك صدق صعب يخليك,0,standard,positive
كلامك صحيح يعطيك الصحة وربي يقدرني على فعل الخير شكرا,0,standard,positive
اخيرا نطق عاقل,0,standard,positive
بنزيما مهاجم فاشل أحيانا لكنه أب جيد,0,standard,mixed
الحمد لله دارت معايا مزيان قالت ليا تقاد حتى تقاديت عاد صورات بنت الناس الله يعمرها دار,1,dialectal,positive
سأطبل كما يحلو لي,0,standard,positive
ضلم تحكيمي واضح,0,standard,negative
أظن دولة اروبية,0,standard,neutral
تحياتي الشعب التونسي الغالي فلسطين فالدم سلامي من المغرب,0,standard,positive
البوحسيني تنتقد تمييع الحياة السياسية المغربية,0,standard,neutral
الحفظ يركز على جانب واحد وقدرة واحدة من قدرات الدماغ وهو اثارة الذاكرة وتخزين الكلام فيها وهو الغاء للتحليل والفهم والتدبر والاستدلال وهي قدرات أساسية أيضا فعل الحفظ مفصول عن الفهم ومفصول عن فعل القراءة مع احترامي للجميع طبعا أنا قلت وجهة نظر والفكرة تناقش والرأي يحترم,0,standard,neutral
يخليلي لبوكوصات انا,1,dialectal,positive
عن أبي هريرة رضي الله عنه قال قال رسول الله صلى الله عليه وسلم لأن أقول سبحان الله، والحمد لله، ولا إله إلا الله، والله أكبر، أحب إلي مما طلعت عليه الشمس رواه مسلم كتاب الأذكار للنووي رضي الله عنه,0,standard,neutral
لي دار الذنب استاهل العقوبة,1,dialectal,negative
تستطيع تسيير امورها بنفسها وبدون الحاجة لتدخل اي رئيس,0,standard,neutral
فارسي المبجل يخليلي انا المتيم قلبي به,1,dialectal,positive
يجيبك الله إن كان في جيتك خيره,0,standard,mixed
المجتمعات التي تقدر قيمة الانسان وتأمن بقدراته على العطاء,0,standard,neutral
ف امان الله,1,dialectal,positive
في بلادي البقرة ترضع الغريب وتترك آبناءها بلا حليب,0,standard,negative
لا صحة و لا تعليم ولا والو بلاد الموت البطيئ,0,standard,negative
هذا ما كنا نبحث عنه دائما التنافس بين الاندية الوطنية في دورينا,0,standard,positive
أتمنى ان يكون اجمل إحساسك مثل إحساسي,0,standard,positive
و ايامك يا رب لهلا يخطيك الزين اينو,1,dialectal,positive
باختصار شديد,0,standard,neutral
الله عليكم يا شعب التويتوما العظيم,1,dialectal,positive
اشياء أخرى,0,standard,neutral
الكثير يندد بالعهدة الخامسة,0,standard,negative
تهنئة خاصة يسرنا ويسعدنا أن نتقدم إليكم بأصدق التهاني والتبريكات بمناسبة قرب عيد الأضحى,1,dialectal,positive
و يسعدك ويحميك يا رب,0,standard,positive
تهدينا الحياة أحيانآ أشخاصآ يعطونا سعادة بأبسط الأفعال أدام الله تلك الأرواح الجميلة من حولنا مساء الخیر,0,standard,positive
نحن مستهدفون في عقيدتنا وطننا دافعواعن دينكم دافعواعن وطنكم دافعوا عن ابنائكم وعن الأجيال القادمة,0,standard,mixed
مانواعدك بوالو ولكن يكون خير حنونة,1,dialectal,positive
في حالة إستمرار لعبهما قطعا الفريق سيقصى من كأس الملك و رابطة الأبطال الحقير سولاري لم يعطي نصف,0,standard,neutral
الحنين للماضي المشرق,0,standard,positive
لا احب الموسيقى و لا اصحابها ولا اهتم بمشاغلهم,0,standard,negative
حامضة شوية ولكن غاندير ليك خاطرك و نضحك,1,dialectal,mixed
منظمة الصحة تحذر ساكنة العالم من انتشار حتمي جديد للإنفلونزا,0,standard,neutral
لا أخي أنت مخطئ هذا الڤيديو ببلدي المغرب ليست حبوب وإنما تسمم غذائي,0,standard,negative
لو جمعت ايام عمري من فرح لوجدتها لا تساوي لحظه من وقتي معك,0,standard,positive
توقعات الأرصاد الجوية لطقس اليوم الإثنين,0,standard,neutral
الصورة متداولة في تويتر أختي كل ما أرجو من الله أن يحفظ الدول العربية ويبعد عنها من يريد تخريبها,0,standard,positive
الصحفي حميد المهداوي التهمة كصحفي في بلد حرية التعبير قال ما لا يجب ان يقال العقوبة ثلاث سنوات و غرامة درهم,0,standard,negative
من بغاك ما لهى عنك ونساك,0,standard,negative
ايوا شكون بحالنا,1,dialectal,neutral
ما أحقر الانسان عندما يعتقد أن هذا الكوكب خلق له وحده فقط وهو الآمر الناهي فيه الله عز وجل ميزنا عن سائر المخلوقات بالعقل لنتفكر لا لنتجبر زرع فينا القلب لنرحم ولا لنعذب او نقتل بهذه الهمجية والقسوة حسبي الله ونعم الوكيل,0,standard,negative
يا اسطورة انت,1,dialectal,positive
جديد دي إس سيارة صغيرة للمسالك الوعرة,0,standard,neutral
تونس تمنع طائرات بوينغ من عبورها مجالها,0,standard,neutral
احب الشوكولاتة بجميع أنواعها,0,standard,positive
الله يشفيه ويرفع عنه ويحفظ له صحته يارب,0,standard,positive
شي واحد تاني قتل صاحبتو ف عين ذياب,1,dialectal,negative
سبحان الله باش عرفتيها,1,dialectal,neutral
خاطرة طيبة,0,standard,positive
و انا كذلك كانت بعيدة علينا المدرسة بشي كلم المعاناة ديال بصح اما دبا تمشي معاه ماماه فالصبح و يتلقى له باباه فالعشية و النقل المدرسي و زيد و زيد,1,dialectal,neutral
بصح مكان زوين بزاف,1,dialectal,positive
شوف من ولينا عايشين اشباه الرجال حتى واحد ماقدر يتحرك,1,dialectal,negative
واصل البحث ستنجح بإذن الله,0,standard,positive
حتى و ان اخطأت فالكل يخطئ و كما قلت المهم هو التعلم,0,standard,positive
قافلة طبية متخصصة تقدم خدماتها لفقراء خنيفرة,0,standard,neutral
الواقع يفرض علينا ان نكون حازمين في قراراتنا الكلام يبقى مجرد كلام مقارنة مع ما يعيشه المرء,0,standard,positive
الشعب سيتقاسم معهم الثروة و هادشي اللي ما بغاوه كبار الكروش,1,dialectal,neutral
اودي في فترة الخطوبة كل واحد كيبغي يبان بأنه مثالي داكشي علاش مخصهاش تكون معيار,1,dialectal,negative
إذا فاز بوتفليقة بالعهدة الخامسة سوف يدخل الشعب الجزائري موسوعة غينس لأرخس واطحن شعب في العالم,0,standard,negative
العفو ياجميل,0,standard,positive
ربنا ينتقم من العصابة واحد واحد,0,standard,negative
باحث مغربي هذه حقيقة وصول الرحالة ابن بطوطة إلى الصين,0,standard,neutral
مبارك عليكم الشهر الفضيل حتى ذلك الحين لا تنسونا في دعائكم,0,standard,positive
لا حياة لمن تنادي حسبنا اللة و نعم الوكيل,0,standard,negative
و نعم بالله العلي القدير و جمعتك اطيب,0,standard,positive
عاهاتك يا وطن عاهاتك يا وطن,0,standard,negative
ما أجمل أن تبدأ العمل فقط منذ أربع أيام و تصبح في اجازة ليوم كامل,0,standard,positive
الحمد لله على تفاهتنا,0,standard,mixed
المصالح تغلب على كل ميدان,0,standard,negative
تحليل واعر,1,dialectal,positive
اللذين امتلئت نفوسهم بالحب ، لا ينتظرون ان يحبهم احد ولا يمكن لهم ان يتسولوا المحبة من الاخرين دمتم بخير,0,standard,positive
لتنشيط الدماغ,0,standard,neutral
مرحبا صديقي ساتواصل معك الله اعطيكم الخير,1,dialectal,positive
لهذا وضعوا له خطط لاسقاطه,0,standard,neutral
طالما انت فاشل لهذا الحد لماذا أخدت منصب سيدك الدكتور محمد مرسي,0,standard,negative
بادة هو سباب,1,dialectal,neutral
التربية من البيوت هي الاساس و لكن ماشي كافية ضروري من الاحتكاك بالمجتمع لتكتمل المواصفات,1,dialectal,neutral
تلقاي الخير حبيبتي,1,dialectal,positive
نعم صحيح شتان بين اوردغان و بين المجرم قاتل شعبه الطاغية بشار,0,standard,negative
الشخص المهم في حياتك ليس الشخص الذي تشعر بوجوده ولكنه الشخص الذي تشعر بغيابه,0,standard,neutral
مشكلتنا نحن العرب نتجادل ولا نتناقش,0,standard,negative
بطاقات هوية مزيفة,0,standard,neutral
شفت بعض المحسوبين على الرجال كيف تداول صورة لك بسخرية و انتقاص وو احييك اولا كونك مسلمة وتفتخرين بحجابك و كذلك لتجاهلك اياهم فجواب السفيه انت تعلمينه واصلي حياتك حتى حد معندو دخل فالصورة اللي خلقنا بها الله يهدي ما خلق,0,standard,mixed
جمعية باب تازة تنجح في تنظيم الدوري الإقليمي لكرة القدم ب,0,standard,neutral
شيء ليس بالغريب او الجديد هادي اخلاق اغلب لاعبيهم,0,standard,neutral
تمام غاليتي,1,dialectal,positive
في زمن انعدمت فيها القيم و المبادئ,0,standard,negative
لا خير يرجى منهم الا من رحم ربي,0,standard,negative
كرهت هادالبلاد البئيسة,1,dialectal,negative
الا لعنة الله على السيسي و عبيده و المصفقين له و الراضين بحكمه,0,standard,negative
لا شيء يحدث بحياتك عبثا ستنتهي أشواك حظك وستزهر روحك يوما ثق بقدرة مالك الملك العزيز المتعال,0,standard,positive
كاينين ناس مالقاو حتى تمرة الفطور الله يشوف من حالهم وبصحة والراحة,1,dialectal,mixed
هذا هو الجواب الصحيح,0,standard,positive
غير غير بشوية عليك لا زربة على صلاح,1,dialectal,positive
بعض الأمور جمالها أن تكون سرا,0,standard,positive
خاصك غ ضبطي المقادير,1,dialectal,neutral
المغرب يعلن رفضه المشاركة في مؤتمر وزراء الاتصال لدول تحالف دعم الشرعية في اليمن والذي سينعقد في يونيو في مدينة جدة السعودية نبارك هذه الخطوة,0,standard,positive
ونحن بدورنا نريد إحتلال تركي للمغرب السلع التركية مع جودتها الممتازة لكن هناك بعض الجهات تحاربها,0,standard,mixed
جزاكم الله خير,0,standard,positive
اللهم استرنا فوق الأرض وتحت الأرض ويوم العرض عليك,0,standard,positive
من كرمك أستاذي,0,standard,positive
واحد التلميذ قالوا الأستاذ جيب ولي أمرك خرج لقي واحد لمرة كبيرة رغبها تدخلوا مشى عند الأستاذ قالو هالواليدة ديالي صدقات هديك لمرة خالت الأستاذ شدو الأستاذ وعلقوا فالباب,1,dialectal,positive
واش بغيت تحمقيني,1,dialectal,negative
من نعم الحياة إنك تحب شخص يستاهل,0,standard,positive
لو تفضلت اكتب بالعربية الفصحى يا عربي,0,standard,neutral
حدث مالم يكن في الحسبان للأسف,0,standard,negative
اقل واجب اننا نتمناو الخير لبعضنا اخي الفاضل ان شاء الله مسيرة موفقة على جميع الاصعدة,1,dialectal,positive
رب اجعل هذا البلد آمنا,0,standard,positive
السلام عليكم ورحمة الله وبركاته حسب بلاغ لوزارة الأوقاف والشؤون الإسلامية المغربية فإن فاتح رمضان هو يوم غد الخميس ان شاء الله وفقنا الله جميعا لطاعته,0,standard,positive
الله يحفظها ليكم اخاي حمزة,1,dialectal,positive
حتى هما زوينين,1,dialectal,positive
ياقل الناس في قلبي و ياكثرك,0,standard,mixed
الف مبروك للعروسين,1,dialectal,positive
هناك أشخاصا يتمنون لك يوما جميلا وملئة سرور وطمأنينة طاب مساؤكم بالخير,0,standard,positive
آلله ينصره على اعداؤه فينما كانو,1,dialectal,positive
واقعيا نصف السعادة أنا و النصف الاخر أنا أيضا,0,standard,positive
نصركم الله,0,standard,positive
التدخين مضر بالصحة,0,standard,neutral
حشومة عليكم ا,1,dialectal,negative
لا حول ولا قوة اللا بالله العظيم ،لم أكن أعلم ان نسبة ذكاء العرب منخفضه جدا الى هذا الحد,0,standard,negative
و الله مضحكة و مسخرة لكن وراهم وراهم والزمن طويل,0,standard,positive
تركيا فتحت ابوابها على مصرعيها وطردت الاخوان من حمايتها والارجح ان السبب هو الرئاسه التركيه الجديده,0,standard,neutral
حادث تحطم طائرة إثيوبية يخلف صدمة كندية,0,standard,negative
الله ارحموا وأجعل مثواه الجنة يارب العالمين,0,standard,positive
نضرة من عيونك تذوبني,0,standard,positive
غالبا,0,standard,positive
الله يهدي ماخلق صراحة شي حاجة كتحشم وحق الله,1,dialectal,negative
وصارت سنين العمر في غيبتك صعبه,0,standard,negative
لا يعجبني مستواه أجده في بعض الأحيان جاهل,0,standard,negative
أكبر تمثال ثلجي في روسيا,0,standard,neutral
استغفر الله العظيم واتوب اليه,0,standard,neutral
تسجيل نادر للمفكر المغربي المهدي بن عبود,0,standard,neutral
لن يتم اصلاح التعليم الا من طرف فقراء الوطن اللي عندهم غيرة على ابناءهم اما ان انتظرنا الاصلاح من اللوبيات المتحكمة و الاحزاب المندسة وراء قناع الاصلاح و هم السبب في ما وصل اليه تعليمنا من انحطاط و فقدان,0,standard,negative
اللهم آمين يارب العالمين,0,standard,positive
من أقبح القبائح أن تحسب نفسك وحدك الصالح,0,standard,negative
و اياي اللهم امين يا رب العالمين,0,standard,positive
وقتاش شاركو فشي مظاهرة من غير المظاهرات ديال دعم الشعب الفلسطيني,1,dialectal,neutral
قلبي شاف فيك الهناء وأكتفى بك,0,standard,positive
في هذه الحياة ستتعلم كل شيء وحدك,0,standard,neutral
يارب اكون بحلم ماشفت بعيني,1,dialectal,positive
يمكن العكس هو الصحيح الجهل يولد الفساد خيانة الامانة,0,standard,mixed
مني كل الاحترام والتقدير,0,standard,positive
حكمة اليوم,0,standard,neutral
و يسعد كل اوقاتك يا رب,0,standard,positive
يارب اجعل كل مادعيته لك سرا وجهرا تكتبه لي واقعا يفرح به قلبي,0,standard,positive
فأردنا أن يبدلهما ربهما خيرا منه زكاة وأقرب رحمة ليس كل ما نفقده خسارة قد يريد الله تبديل النعمة بخير منها,0,standard,positive
مزيان هواية و صافي,1,dialectal,positive
الفقر والحرمان هما مدرسة الجندي الجيد,0,standard,negative
ممكن لكن ردي كان على الناس اللي قالو باللي شافو الملائكة,1,dialectal,neutral
عيني من صباح وهي كترفرف,1,dialectal,neutral
البعض جميل لكن من بعيد فقط,0,standard,mixed
أنا فقط لا أجيد النسيان,0,standard,neutral
صباح الخير يا اهلي الخير,0,standard,positive
ماهز ثقل عيني إلا طرف مبسمك,0,standard,positive
معادلة كلما طال سكوت الحمار ، طال ثبات الراكب,0,standard,neutral
أتمنى من كل قلبي أن يضربكم زلزل مدمر إن شاء الله,0,standard,negative
يد مدت إلى الله، لن تعود خائبة,0,standard,positive
هادي كاينة عندك,1,dialectal,positive
جاري العمل بها مستقبلا لكن شرط ان يلبو نداء الشعب,1,dialectal,positive
بكل لغات العالم عيدكم مبارك سعيد,0,standard,positive
اذا الشعب يوما اراد الحياة قلوبنا و دعواتنا معاكم يا نسور الله يوفقكم يارب,0,standard,positive
الحقد والكراهية بنت حرام,1,dialectal,negative
صباحي انتم مع ابتسامة و مسائي وجودكم مع عطر فواح اش ظهر لك في ماكلة لمخاخ,1,dialectal,positive
إخلوني زعما نمشي نخدم بلاص جدي,1,dialectal,neutral
الله يصاوب الامور,1,dialectal,positive
طبعا طبعا,0,standard,positive
ناس الغرب خير الناس,0,standard,positive
يمكن ماشي هكا اغلب المغربيات كيصبرو على قبل ولادهم خوفا من الضياع عكس الگورية يمكن متوفر لها و لولادها كل شيء يخص مستقبلهم,1,dialectal,neutral
صباح نور راه عرفت يا استاذ غير يلاه جابتها الظرووف باش ندوي عليها,1,dialectal,positive
كاينين شي مسائل اختلف فيهم العلماء و الاحسن العمل بقول الجمهور انت ادعي مع امك و سائر المسلمين من مكانك و القبور خليها لاهلها,1,dialectal,neutral
وأين المشكلة هنا يكفي نشر للكراهية,0,standard,negative
على هونك أنا و الشعر و الليل العتيم ونظرة عيونك مثل قلبك مثل كلمة أنا أحبك و طول العمر ما أخونك,1,dialectal,positive
العرب و الأفارقة هناكم الله لا احد احسن من الاخر,1,dialectal,neutral
اكيد غالتي,0,standard,positive
الجمال في البساطة داك شي لي كاين,1,dialectal,positive
من يحرص على إرضاء الجميع، يخسر نفسه,0,standard,negative
آمين يارب الله يحفظك,0,standard,positive
هذا مزال ماتفرجت فيه العز,1,dialectal,positive
مبروووك فوز قطر بالكأس الأسيوية وليمت الحساد بغيضهم,1,dialectal,positive
انا مصدوم,0,standard,negative
الحمد لله على نعمة العقل والدين,0,standard,positive
نحن العرب فينا عقدة النقص والتخلف,0,standard,negative
مساء الجمال لعيون رأت الجمال حولها ف تفاؤلت خيرا مساء السعادة لمن علم أن القادم أجمل,0,standard,positive
حسبنا الله ونعم الوكيل فكل ظالمين,0,standard,negative
كم ساحر بعيونها النجلا انخرس ،,0,standard,positive
نعمة لمن يقدرها,0,standard,positive
العنوان شي حاجة سهلة لكن المضمون صعيب,1,dialectal,mixed
وفيك بارك الله اخي الكريم,0,standard,positive
زيدوهم زيدوهم هادشي مايكفيهم,1,dialectal,neutral
صحيح دكشي لي كاين يا اختي,1,dialectal,positive
كنتكلمو على أثمنة خيالية على فكرة حتى المستوى ديال التعليم الخصوصي في بعض المدارس هابط,1,dialectal,negative
وبعضهم فضل العزلة على ضجيج المنافقين,0,standard,neutral
هذا فرع من فروع الرابطة,0,standard,neutral
اييه يا زمن نوكيا كنت تشحنها تنساه أسبوع,1,dialectal,positive
لا تحسب ليالي الحب كل ساعه بها حلوه,0,standard,positive
ثنائي لطيف,0,standard,positive
ف هدك القساوة فاش كاينا الحلاوة لانها توريك الطريق الصحيح اما الى كانت ميسرة و هينة تشك واش نتا نيت على الطريق الصحيح و لا لا,1,dialectal,positive
الله يكمل عليك بالخير يارب,1,dialectal,positive
السلامة يا آلله,0,standard,positive
شكرا لكل هذا الكلام العظيم والايجابي ممتنة لوجود مثقفين امثالك بصفحتي لك مني باقات ورد وشكر,0,standard,positive
عين العقل والصواب,0,standard,positive
صفحة سوداء من صفحات القضاء المغربي الحكم ب سنة على شباب ذنبهما الوحيد أنهم تكلموا نيابة عن المقهورين و المحتاجين لأبسط ظروف العيش الكريم لماذا بربكم لماذا اللهم انصر اخواننا المظلومين و أرينا عجاءب قدرتك على الظالمين,0,standard,negative
لي دارها بيديه يفكها بسنيه,1,dialectal,neutral
يا نعمتي بالدنيا,0,standard,positive
انها الشخص المناسب جدا,1,dialectal,positive
فهمتني غلط فظلمتني,0,standard,negative
موهبة تبارك الله,0,standard,positive
انا لله و انا اليه راجعون قتلوه ظلما,0,standard,negative
داك السيد ولد الناس,1,dialectal,positive
شركة تقوم باعادة صيانة لقاعدة بيانات الموقع ، لذلك ستواجهون بعض الصعوبات والمشاكل في تصفح الموقع,0,standard,neutral
بصراحة هل توافق على منحك جنسية أوروبية مقابل عدم عودتك للوطن للأبد و لا لزيارة حتى,0,standard,neutral
تقليد أعمى,0,standard,negative
جابك الله لي هدية من السماء,0,standard,positive
وقد وصلت إلى مكانها وشكرا لكم جميعا,0,standard,positive
انظرو الى الأعمى فكرو في الأصم تأملو الأبكم راقبو المشلول لتعلمو أنكم مستودع نعم و كنز من العافية و قلو الحمد لله,0,standard,positive
اللهم آمين يا رب العالمين,0,standard,neutral
السلام وعليكم أمين رغيب بغيت نشكرك بزاف على الفيديوهات لي كاتلوح ديما وتوحشناك تلوح شي حاجة خرى,1,dialectal,positive
مساء الخير,0,standard,positive
بطء الأوراش يثير انتقادات بالبيضاء المجلس الآجال محددة,0,standard,neutral
كان من الأفضل أن لا تتأهل الوداد,0,standard,mixed
أنا يا سيدي إمرأة أمازغية عربية شرقية مغربية إن إستبحت قلب رجل أسكنه ولا تشاركني البقية,0,standard,positive
الاعتراف بمشاكلك وتقبلها هي أول خطوة المواجهة,0,standard,positive
الكمال لله وحده فلا تحاول البحث عن الكمال في إنسان، حتى لا تخسره,0,standard,mixed
جميل وش اسم هذا المكان,1,dialectal,positive
قال رسول الله عليه صلى الله عليه وسلم رزقت حبها,0,standard,positive
اللهم امين صباح,0,standard,positive
هاديك السيدة معمرها هضرات في هاد المواضيع,1,dialectal,neutral
المضمون فيك الله يحفظك ختي,1,dialectal,positive
حرام والله حزنت عليه,0,standard,negative
اسمح لي أنا و انت مشاهدين يعني نستحق المتعة و ليس الكرة المريضة ديال سبليون و المتعة هناك بانجلترا,1,dialectal,mixed
في مبسمك يجتمع معنى الحياة وفي عيونك لي من الفرحه كثير,0,standard,positive
روعة جبل توبقال كأنه كعكة حلوى بيضاء وسط جبال الأطلس المغربية مناظر رائعة,0,standard,positive
حمدلله عالسلامة اختي,1,dialectal,positive
ربي يحفظ بلاد الحرميين,1,dialectal,positive
احييك على الفكرة اخي الفاضل ربما الملابس القديمة عند البعض هي جديدة عند البعض اتمنى ان تتبرول الفكرة الى الوقع,0,standard,positive
انت اطيب اخي الغالي الهي يحفظك,0,standard,positive
هذه هي حالة الجو اليوم,0,standard,neutral
طلبة الطب يحتجون بالرباط ضد الإقصاء وعشوائية الكليات الخاصة,0,standard,negative
لاشكرا على واجب خويا,1,dialectal,positive
سلام وجوه الخير صراحة هادشي زوين أول مرة كنحضر ليه يا سلام,1,dialectal,positive
اعتدارك على راسي وعيني و حصل خير ان شاء الله,1,dialectal,positive
نحن الان نعاني من ضائقة مالية كبيرة و شحة مياه شديدة,0,standard,negative
اااه لاحظت لباس الممرضات لكن مسألة هل هن محليات ام اجنبيات لا اعلم,0,standard,neutral
الحضارة ديال بالصح,1,dialectal,positive
بكل سرور,0,standard,positive
سأقوم بتحدي شخص آخر يوميا مع كل تغريدة,0,standard,neutral
ٱشد ٱنواع الٱلم لحظه ندم,0,standard,negative
من علامات الإعتماد على العمل نقصان الرجاء عند وجود الزلل المسلم مكلف بالعمل لنيل رضوان الله تعالى ومكلف بالوقت نفسه ألا يعتمد على عمله للوصول إلى رضوان الله تعالى لأنه مهما عمل لا يؤدي حق الله عز وجل قال الله تعالى وان تعدوا نعمة الله لا تحصوها,0,standard,neutral
نعست و فقت غادية لخدما دابا,1,dialectal,neutral
الأهل والمدرسة والمجتمع، عوامل مهمة في تطوير موهبة الطفل,0,standard,neutral
للعلم و الله اعلم هاد الرمز لشعب بوذا بوذا و ليس لنا نحن المسلمين,1,dialectal,neutral
متى تعلن الدولة انتصارها على المجتمع من خلال حربها المفتوحة على أبنائه والذين من بينهم اعتقلته غربته بعيدا عن أهله جردته من ثيابه بطريقة مهينة أدانته ب سجنا نافذة واليوم تخفي عنه جلطة دماغية تهدده بالشلل,0,standard,negative
صافي دابا خسرتيها مابقا عندك ماتعتق,1,dialectal,negative
سؤال لو كنت مكان الاستاذ كيف ستتصرف مع التلميذة,0,standard,neutral
لم يرتكبها احد يا للنفاق الرخيص,0,standard,negative
بالتوفيق لك,0,standard,positive
انتم اطيب,0,standard,positive
هو نولد على حافة القبر هل تعرف مايعنيه ذلك أنا لا هو يعني اننا نبدأ بالاحتضار فور ولادتنا، العمر يمر بسرعة لا تبدده لا تبدده لا تبدده و كررها تمشي فلوس و تجي فلوس اما السعادة مرتبطة بما تقدمه للغير اسعد الناس لتسعد اكثر,0,standard,positive
ارجو ان ننجح في تأسيس مكتبة بالثانوية وأكيد سننجح بفضل هؤلاء الناس الطيبين,0,standard,positive
نكتب الأوجاع ونحن نعلم بأن الكتابة ليست سبيلا لمحوها ولكن وجع مكتوب خير من وجع مكبوت,0,standard,mixed
الدولة باستطاعتها منع هذا البلاء إن أرادت لكن تبقى هي متسترة على الامر و بذلك فهي المساهم الاول في انتشار البلاء و تشرد ابناء الوطن,0,standard,negative
لساني الطويل,0,standard,negative
تلك هي المنطقة الآمنة الوحيدة هنا,0,standard,neutral
الله على الظالمين,0,standard,negative
المهم حنا مقاطعون بغاو ولا كرهوا و عزيمة الشعب غ تنتصر ف الاخير,1,dialectal,positive
متافق معاك لكن هدا راه اعتماد للتوقيت العادي بطريقة دبلوماسية,1,dialectal,neutral
كل ضربة تؤلم قلبك توعي عقلك,0,standard,mixed
غبرت هاد الفنانة شخصيا كنضن مبقاتش كاتبان بزاف,1,dialectal,neutral
القلب الصافي,0,standard,positive
أنا تندير العمل التطوعي من سنوات وتندرس علوم القرآن في بعض المدارس القرآنية والخصوصية,1,dialectal,neutral
الكاف يوقف حكم مباراة نهضة بركان و لمدة سنة كاملة,0,standard,neutral
غادي يجي اللي غتدي اطنز عليهم ويندمو في الأخير,1,dialectal,negative
ما اعجبني انه بعد انتهاء احتفالهم راحو يقبلون رأس الصحفي و يعتذرون منه,0,standard,positive
شكرا على المعلومة اخي,0,standard,positive
رسالة للحكومة ألستم أنتم من قلتم إن الوطن غفور رحيم فلماذا كان مع المناضلين الشرفاء شديد العقاب,0,standard,mixed
يا وجهك المملوح فيك النظر نعمه,0,standard,positive
الأم مدرسة إذا أعددتها أعددت شعبا,0,standard,neutral
شئ بديهي,0,standard,neutral
وجوه الخير شهية طيبة بصحة فطوركم,1,dialectal,positive
امين ياربي,0,standard,positive
مع الأسف الجامعة ترفض التأجيل,0,standard,negative
ولازال سائر على نفس المنوال,0,standard,neutral
الصدق منبعك,0,standard,positive
غير بالصحة,1,dialectal,positive
اللهم آمين يارب العالمين ولجميع المسلمين,0,standard,positive
شاركنا آخر مقولة قرأتها وأعجبتك,0,standard,positive
فيدرالية اليسار تدخل على خط حديقة المندوبية,0,standard,neutral
ارجو لك الشفاء العاجل يارب,0,standard,positive
أحيانا تسعد غيرك ب كلام أنت تحتاج تسمعه,0,standard,positive
الله افرحك يا بو قلب طيب,1,dialectal,positive
السلام عليكم ورحمة الله وبركاته نهار سعيد للجميع,0,standard,positive
كذب مستحيل,0,standard,negative
الفيفا يدرس استضافة دول مجاورة لقطر بعض مباريات كأس العالم,0,standard,neutral
في امان الله لا تنسى السحور,0,standard,positive
جمعتك اطيب اختي,0,standard,positive
تم بالتوفيق يارب,0,standard,positive
يهود و اعداء للإسلام,0,standard,negative
الله يرحمها ويغفرلها,0,standard,positive
انا و ما زلت أحتفظ بها,0,standard,neutral
كلام جميل هموسة الحلوة,0,standard,positive
بزاف عليك وعلى راسك باش نطلع ليهم,1,dialectal,negative
لا تنتظر حبيبا باعك,0,standard,negative
كانت حلقة خفيفة ضريفة جميلة فيها كمية حلاوة وجمال الجميع ابدعو الصراحة بانتظار باقي الحلقات,1,dialectal,positive
صح لسانك,0,standard,positive
حموشي يتفقد المدرسة الجديدة للشرطة بمدينة فاس,0,standard,neutral
مرحبا نورتو المكان,1,dialectal,positive
مجتمع ذكوري سيداته النساء من اجمل ما قرأت,0,standard,positive
بصح نرجعو لعادتنا اللي كنا عليها شحال هادي,1,dialectal,positive
اللهم اغفر لها و ارحمها و ارزق اهلها الصبر و السلوان,0,standard,positive
مثل الطفل أمسك يديك ، مالي حياة إلا معاك,0,standard,positive
الرسم بالحبر تحت الماء,0,standard,neutral
كلما أسعدت أمك رضيت عنك الحياة,0,standard,positive
الله يشفيه شفاء لا يغادر سقما ولا ألما,0,standard,positive
الله يعفو عليك تولي تحتارم حرفتك,1,dialectal,negative
حافظي عليها فدفئها احن من دفئ البشر,0,standard,positive
هذه الانتخابات غير عادلة لن نقبل بها أبدا,0,standard,negative
تحت التغريده حط اجمل شطر قرأته,0,standard,positive
لكي مودتي غاليتي,1,dialectal,positive
لا تنتظر السراب,0,standard,negative
فساد في بعض المستشفيات الغير خاضعة للرقابة,0,standard,negative
كيف أتحاشى قربها وعنها أداري غيرتي,0,standard,neutral
لا بأس طهور ان شاء الله الله يشافي,0,standard,positive
لو تغيب مايغيب الا الجسد انت في قلبي وغيرك لا احد,0,standard,positive
من نوى الخير صادقا بقلبه هيأ الله له أسبابه وفتح له أبوابه إن يريدا إصلاحا يوفق الله بينهما,0,standard,positive
غير سمحو لينا,1,dialectal,neutral
عش حياتك فخورا بنفسك قويا لأجلك قنوعا بقلبك فالحياة لن تكون كما تريد دائما,0,standard,positive
اللهم إنا مقصرون وانت الكريم، ومذنبون وانت الحليم وفقراء إليك وانت الغني عنا، اللهم تجاوز عنا بعفوك ومغفرتك ياأكرم الأكرمين,0,standard,mixed
رئيس الوزراء الجزائري ينشد الحوار ويعد بتشكيل حكومة موسعة,0,standard,neutral
المشاكل التي أعيشها كفيلة بأن تنسف معنويات فيل أو ديناصور,0,standard,negative
وتحية ليك على هاد التغريدة,1,dialectal,positive
هذه دعواتنا اختي و عزيمتنا ان شاء الله رغم كيد الكائدين,0,standard,positive
مع هاد السياسة اللي غادين فيها كلشي ممكن,1,dialectal,neutral
الله يجيب الشفا,1,dialectal,positive
أحمد موسى الغباء ينزل منه من كل مكان,0,standard,negative
غريب آمرهم يسمون قوارب النجاة بقوارب الموت لا يوجد موت آكثر من هذا الوطن,0,standard,negative
شكرا على الدعاء اخي وربي يصلح حالنا اجمعين,0,standard,positive
نابغة,0,standard,positive
هل يتساوى الشرف مع الروح إدا كان الجواب نعم فالسيدة الجانية فعلت ما يجب أن يفعل,0,standard,neutral
قناه الجزيره هى الفتنة والخراب,0,standard,negative
انتحر لأنه تعب من الحياة فقالت له لو كنت تقدرني ما انتحرت أحيانا نسيء لمن نحب بإيذاء أنفسنا,0,standard,neutral
شكرا جزيلا لك اكيد سيعجبونهم وسيساهمون في اغناء المكتبة وستعم الفائدة كل من مر بالثانوية,0,standard,positive
اللهم إنك عفو كريم تحب العفو فاعفو عنا,0,standard,positive
كل كسر يهون الا كسر الشعور والخاطر,0,standard,negative
متفق,0,standard,positive
و لي ما عجباتو الاوضاع يرحل,1,dialectal,negative
الوطن غفور رحيم,0,standard,positive
من نيتك المشكلة في حزبكم انكم سارطين نفس الكاسيطة يختلف المتحدث ونسمع نغس الخطاب إستراتيجيات التلقين تعطي مفعولها نختصر لك العمل ديالكم طيلة سبع سنوات فهاد المثال,0,standard,negative
انا متحمسة نعرف,1,dialectal,positive
لا اله الا الله محمد رسول الله,0,standard,neutral
رب الخير لا يأتي الا بخير,0,standard,positive
أعوذ بالله من الشيطان الرجيم,0,standard,neutral
عشرون سنة سجنا لمن علا صوته و جهر فقط بكلمة حق الرسالة بدون تشفير لكل من ستخول له نفسه الإقدام على أي خطوة كما كانت منذ ازمنة بعيدة، من طلب حقه طلب سجنه و موته العين بصيرة و اليد قصيرة يا أبناء الريف لك الله يا,0,standard,negative
أتطلع إلى مواصلة العمل معكم,0,standard,neutral
تمكين الفتيات من الحصول على التعليم المناسب موضوع مهم,0,standard,neutral
عندما تجد رغبة مثل هذه تشعر بفرح غريب صدقوني هذا الشعب يستحق حكومة افضل ويستحق تعليم أفضل ويستحق صحة افضل,0,standard,positive
الله يشافي,0,standard,positive
عليه الصلاة و السلام,0,standard,positive
اودي لا تستغرب مابقاتش المصداقيه في كلشي المجالات,1,dialectal,negative
تا هو الله يجيب,1,dialectal,neutral
يا من جعلت الجنة تحت أقدامها بارك لنا في أمهاتنا و ارحمهن في الدنيا قبل الآخرة,0,standard,positive
صباح الخير استاذي,0,standard,positive
حيا الله اصلك يا ابن الاصول,0,standard,positive
ضعيف ولا قوي راه يدل على تقارب المستوى وان هناك تنافس كبير,0,standard,neutral
المؤمن لا يلذغ من الحجر مرتين,0,standard,neutral
الدين الرسمي للمملكة طبقا للدستور هو الدين الإسلامي ولما نتحدث عن الإسلام، نعي جميعنا أن شرائع الله تؤخذ كاملة من دون تمييز مبدإ إسلامي على آخر هذا الدين الحنيف الذي لو طبقت تعاليمه لعاش المسلمون في رغد من العيش، وعادت الحقوق إلى أصحابها وانتفى الظلم والغش والمحسوبية,0,standard,neutral
اهلا بك كلشي بيخير,0,standard,positive
اموال طائلة تدفع لقاء هذا السكوت و غض الطرف اختي فتمت من يمهد لبيع ما تبقى من تلك البقاع,0,standard,neutral
تدوم ضحكتك غاليتي,0,standard,positive
معلوم هانية الى خسرتيها على راسك و لا على شي ناس عزاز,1,dialectal,positive
هاد وقع الصدمة انا اللي قلتها,1,dialectal,negative
بغيت بنيتة و نسميها زمردة,1,dialectal,neutral
سباق نسوي على الطريق في عيد المرأة بسطات,0,standard,neutral
ناقصكم غير يتيم,1,dialectal,neutral
بوتفليقة يقرر عدم الترشح ويؤجل انتخابات الرئاسة,0,standard,neutral
ماتخافيش حبوبة نحن النساء رحيمات ب بعضنا,1,dialectal,positive
من صلى الفجر في جماعة فهو في ذمة الله,0,standard,positive
في صباح هذا اليوم أسأل الله أن يشملكم برحمته ويرزقكم ماتتمنون,0,standard,positive
سؤال في محله والله العظيم,0,standard,positive
لا شيء قابل للفهم مع مثل اولئك,0,standard,negative
رائعة بالتوفيق واصلي,0,standard,positive
رسالة من إمرءة حكيمة,0,standard,positive
سخافه,0,standard,negative
نتا لي الله يسمح ليك,1,dialectal,positive
و الله ما فهمت اش قلت,1,dialectal,neutral
تغريدتك تكلمت عن الرجل لم تحددي و انا اجبتك بان منهن من يستحق جراء افعالهن اما بخصوص هي امة عند احدهم فهذا موضوع و له اراء تختلف حسب الفرد طرح موضع للنقاش يجب ان يكون محددا ليس من العام للخاص وانا تعمدت اجابتك عموما لانكم معشر ال,0,standard,neutral
زريكم قرار الحكومة تحرير سعر المحروقات شجاع وخيار نهائي,0,standard,neutral
اودي عشنا نكسات و فرحات مع منتخبنا,1,dialectal,mixed
ظاهرة تستفحل المجتمع العربي,0,standard,negative
معبرة شكرا شكرا,0,standard,positive
الله يعفو علينا من هاد البلاد الكحلة,1,dialectal,negative
عيب النفس في كثر الخطايا وعيب العين من قلة النوم وعيب العقل في موت الخلايا وعيب الڨلب دسان الهموم وعيب الروح في خبث النوايا,0,standard,negative
جمعة مباركة طيبة على الجميع,0,standard,positive
يناديني وأحس اسمي بصوته غير أجمل من نطق اسمي على لسانه,0,standard,positive
الجميع الى ملعب ابن بطوطه لدعم مبارة مهمة,0,standard,neutral
ربي يسعدكم ويفرح قلوبكم,0,standard,positive
رغم كل ماحصل معي مازال مافقدتش الأمل,1,dialectal,positive
الحمد لله على شهادة الحق,0,standard,positive
توحشك الجنة غاليتي الله الحمد لله والشكر,1,dialectal,positive
جلسة مشبعة بالجمال,0,standard,positive
يجب عل ألانسان ان يكون كلامه باصق من قلبه,0,standard,neutral
من يتحملك وأنت في اسوء حالاتك هو من يستحق قلبك,0,standard,positive
السجادة التي نفترشهآ ل لقاء الله، وطن لا يخذل ساكنيه,0,standard,positive
بارك الله فيك اخي,0,standard,positive
ها اللي صحيح مشكور,1,dialectal,positive
الله سترنا اختي,1,dialectal,positive
سوف تتم المسيرة بعدد متوسط من المتظاهرين وسوف يشعر الشعب بالنشوة والإنتصار وسينتهي الأمر,0,standard,neutral
ظهر الحق و زهق الباطل,0,standard,positive
حشد مرتب لمدة ست ساعات لتبرير عملية الخيانة والغدر والإنقلاب,0,standard,negative
سلاما على من قرأ و ما ظنك برب العالمين فقال خيرا يا رب أطيب المنى,0,standard,positive
ليس كل الشعوب,0,standard,neutral
واحد الصديق ديالي وراني الفيديو ندمت اللي شفت هديك البشاعة والله اخويا الا كرهت تسدات ليا الشهية,0,standard,negative
علينا و عليكم,1,dialectal,positive
بعتث معاك نسيت ديما تنبغي نبلغك ليك سلام ايوب,1,dialectal,neutral
عاد انتبهت لهاد الحساب غيرت الشكل حتى حسبتك غائبة على العموم اعذريهم لعلهم لم تصلهم فكرتك بوضوح,1,dialectal,neutral
الحب كلو بالتوفيق,1,dialectal,positive
عندما تعطيك الحياة مئة سبب للانكسار والبكاء,0,standard,negative
ما شفتي والو و لكن الحمد لله تعلمنا بزاف د الحوايج,1,dialectal,positive
بعض المرات التشبث بالامل غلط كبير و كايكون من الاحسن تقلب الصفحة و تخلق أمل جديد,0,standard,mixed
صباح السعادة والفرح,0,standard,positive
أحبك لو حبك تعب، راضي أحبك للأخير,0,standard,mixed
ليالي الباردة لا تجعلك فقط تحقد على بلدك و إنما تنكره,0,standard,negative
لو قلت عادي غيابك لاتصدقني,0,standard,positive
التظاهر وكأن شيئا لم يكن مرهق أكثر من الخلاف نفسه للأسف,0,standard,negative
الله يغبر ليه الشقف,1,dialectal,negative
عقد الحارس المحمدي يشغل النهضة البركانية,0,standard,neutral
الله يسعدكم ويوفقكم لما يحبه ويرضاه,0,standard,positive
جدران المقابر الفرعونية تعج بالمشاهد التمثيلية,0,standard,neutral
عصبتيني غنمشي عند الطبيبة,1,dialectal,negative
اضمها في برد الايام وادفى,0,standard,positive
عندك الحق الرجاء خسرات بسبب التساهل و الاستهتار بالخصم,1,dialectal,neutral
اه بصح انا عندي مشكل مع الضوء هو اللي ما يخليني ننعس حساس,1,dialectal,neutral
بيخير و لله الحمد رب الخير هل لديك أقوال أخرى,0,standard,positive
معندي مشكل معا حد غير الإنسان إتستتر,1,dialectal,positive
هناك أيام بحياتك كنت تظنها لن تمر كانت همك الكبير مرت ولعلك نسيتها والآن أيضا سيمر لاتقلق,0,standard,positive
صباح الانوار,0,standard,positive
لكل الأوفياء لكل الذين أفتخر بصداقتهم ومحبتهم لكل من دخل صفحتي مسائكم وفاء,0,standard,positive
تماما اوا دوماج يا خسارة,1,dialectal,negative
فعلا صدقت تفاعلك أجمل,0,standard,positive
نعيم الحب في وصالك,0,standard,positive
لا نعرف اليأس ولا التعب لأجل أحبابنا نتحمل الصعاب,0,standard,positive
وا ماتخلنعنيش ياك قلتي بيخير,1,dialectal,positive
الثقة بالنفس ليست غرور,0,standard,neutral
ونعم الأخوة,0,standard,positive
نامي على كتفي لا جاك الحزن، أنا لك أمن وأمان,1,dialectal,positive
أترك نصيحة واقعية من تجربتك في الحياة لعل أحدهم قرأها وأخذ بها,0,standard,positive
العذراء هي كلمة مؤنث,0,standard,neutral
ابوظبي معروف عليهم جودة في البث لكن اللي ما فهمت علاش كايبان الماتش باهت و خافت و الصورة بحال الى مصورة بجودة ضعيفة المشكل ما عرفت واش فالبث و لا النقل و لا البلاد,1,dialectal,mixed
من بين كل هذا التزمي بالكتب و ليقولو ما يشاؤون,0,standard,neutral
قلبك كبير و صدرك رحب اذا أحببت تحب بصدق ناجح في حياتك لا تتراجع باصعب المواقف,0,standard,positive
فين تتقترح عليا نمشي ناكل الحوت,1,dialectal,neutral
و الله ماعرفت دابا غنقلها ليه,1,dialectal,neutral
حبيبي لو نساني مانسيته,0,standard,mixed
نفاق الجموع من آفات مجتمعاتنا,0,standard,negative
الواقع العربي واقع متأزم ومعاق,0,standard,negative
دوسري جدآ من أفضل الحسابات الساخرة ويستحق الاضافه,0,standard,positive
يعلم الله إني بذلت حتى ذبلت,0,standard,negative
الله يرحمو مسكين,1,dialectal,positive
الله يستر وصافي راه حتى انا خايف من هادا الشي حيت ديما فمراكش كتكون الاستفزازات وتبدا المشاكل,1,dialectal,negative
وراء كل خطوه جميله ، دعوة ام,0,standard,positive
نتمنى لكم رمضان كريم بالصحة و السلامة,0,standard,positive
الله أكبر الله أكبر الله أكبر لا إله إلا الله الله أكبر الله أكبر ولله الحمد الله أكبر كبيرا و الحمد لله كثيرا و سبحان الله بكرة و أصيلا,0,standard,neutral
أجمل مسلسل,0,standard,positive
هاد مرحلة الرغيب راه غير جس نبض الشعب اما هما ما غ يتراجعو الى اخر رمق و نحن لهم بالمقاطعة الى ان يرث الله الارض كنتعجب لقسوحية روسهم اغلب الدول لوقع فيهم سيناريو مماثل استاجبو لشعوبهم في مدة قصيرة,1,dialectal,negative
اشنو بغاو زعمة من الحكم ايدير مفهمتهمش,1,dialectal,neutral
هدي عامين ونا كنستعمل هد الخطة,1,dialectal,neutral
الصراحة ماشي عيب,1,dialectal,positive
قلت وقال وطني إن لم يكن بكم عشق فدعوني وشأني إن وطنيتي ليست لطمع وإنما ني من وطني ووطني مني,0,standard,positive
نعم و بكل تاكيد الا في انجاب الأطفال,0,standard,positive
أنت وصلك روح وغيابك ممات,0,standard,positive
ياك بعدا شكرا شكرا,1,dialectal,positive
السلام عليكم ورحمة الله وبركاته إن الذين آمنوا و الذين هاجروا و جاهدوا في سبيل الله أولئك يرجون رحمت الله و الله غفور رحيم تأمل قوله تعالى «يرجون رحمة الله»، ولم يقل «ثواب عملهم» ليدل على أن وإن عمل ما عمل فهو يرجوا رحمة الله وفضله، إذ يرى عمله ناقصا,0,standard,positive
شكون سمع اغنية اهاب امير جديدة,1,dialectal,neutral
تبقى ب قلبي مهما خذاك البعد,1,dialectal,positive
اللهم اجعلنا ممن يتبع القران العظيم قولا و عملا,0,standard,positive
امتلك من هاد الدنيا لي بغيت دابا يجي النهار وترجع للتراب كيف جيت,1,dialectal,neutral
عيد مبارك سعيد ادخله الله عليكم بالنجاح و التوفيق و التفاؤل و الأمل و الإستمتاع بالحياة,0,standard,positive
بوركتي اختي الكريمة,0,standard,positive
بشموخ وعزة أنا بنت الصحراء المغربية بتقاليدي وحضارتي الوطنية بتقافتي و رمالي الذهبية,0,standard,positive
مفتي جامعي لا يجوز الدعاء على الرئيس المذيع حتى لو كان الرئيس محمد مرسي المفتي الجامعي لأ محمد مرسي حاجة تانية,0,standard,neutral
اضيفو هذا الحساب مميز ورائع,0,standard,positive
ماخاب من سماك يوما عارفا,0,standard,positive
ماقدر اعيش العمر لحظة بدونك,0,standard,positive
وجهة نظر تحترم انا مازال كنقلب على شي واحد تعطيني تعريف حقيقي ملموس لهاد مصطلح وطن,1,dialectal,positive
سلام انا فرحان حنت عرفت بزاف ديال الناس جداد فحياتي فهاد السنة ودازو بزاف ديال اللحظات,1,dialectal,positive
كأنكم تريدون من الشيطان ان يتحول الى ملائكة ما هذا الغباء يا عرب,0,standard,negative
جمعية تأسيسية كافرة,0,standard,negative
تذكير بصيام الأيام البيض ابتداء من غدا الإثنين,0,standard,neutral
ابدعتي بشرى,0,standard,positive
علينا وعليك خويا ريي يخليك,1,dialectal,positive
نعم التنازل أساس إستمرار العلاقات كل العلاقات كيفما كانت صداقة أو جوار أو حب أو زواج,0,standard,positive
الله يسهل الامور,1,dialectal,positive
اتعب على النادر وخل العادي للعادي,0,standard,neutral
الحياة تنقلب بلحظه,0,standard,negative
ادين بشدة استمرار الانتهاكات والاعتداء,0,standard,negative
لم تكشف كل أسرارها حتى الآن,0,standard,neutral
و انت الى جهنم و بئس المصير,0,standard,negative
حقارة صحيفة الفجر,0,standard,negative
حجز كميات شيرا ومعدات محظورة في طانطان,0,standard,neutral
من يستمتع برؤية الناس في مواقف محرجة فهو غير اصيل و نفسه ضعيفة و مريضة,0,standard,negative
ما العيب في ان كل واحد يكون علاقات مع ابناءه بحال هكذا رغم العدوانية تبقى المحبة غالبة,0,standard,mixed
المفسد على رأس منصب وزارة التعليم,0,standard,negative
الله يشافيك ويعافيك,1,dialectal,positive
بعد الله سبحانه حيا الله اصلك و معدنك خويا ماعنديش شك في شهامتك ربي يحفظك,1,dialectal,positive
اردت المساعدة فقط حبيبي,0,standard,positive
صحيح ما أروع نظراتهم البريئة,0,standard,positive
صباح الأمل المشرق بالخير والمحبة والعطاء صباح الخير,0,standard,positive
و الله ما اعرف قصده لكن الاحترام واجب علي و عليه للمقدسات,0,standard,positive
الدعم الفرنسي ينقل احتجاجات البوليساريو إلى السفارة المغربية,0,standard,neutral
النفسية محتاجة شي كوخ فهاد المكان الرائع,1,dialectal,positive
والله العظيم الى كلامي صحيح,1,dialectal,positive
راك حشمتيني انت والله ومساعدتك للتلاميذ جميلة ورائعة شكرا لك ربيعة,1,dialectal,positive
الحمدلله مهارتي هي منخاف من حتى حاجة إلا من الله و أنا لست عبدا للعبيد ثانيا الوفاء في الصداقة صديقي اذا احتاجني اعطيته قلبي و أؤمن بأن الرجال مواقف و ليس كلام نسوان,1,dialectal,positive
تماما يا أخي,0,standard,positive
هادوك الناس دارو العدل هو الدستور ديالهم و الله ينصر الدولة العادلة و لو كانت كافرة كما قيل,1,dialectal,positive
فهمت عليك حيت فيه بنعطية شي حاجة واضحة,1,dialectal,neutral
شكرا لك اخي عادل وربي يبارك فيك,0,standard,positive
الانتخابات ألأخيره كانت بين اختياريين كلاهما مر,0,standard,negative
أشعر بالشفقة على من يصف فبركات السيسي يوم يونيو بثورة,0,standard,negative
بارك الله فيك اختي الكريمة,0,standard,positive
بصحة وراحة,1,dialectal,positive
زيادة من الراس لحمق,1,dialectal,negative
اللهم اجعلنا ممن يحبك و يطيعك,0,standard,positive
الله يخفف ما نزل و يلطف,1,dialectal,positive
اعتقد انك اتيت و علقت دون ان ترى على ماذا,1,dialectal,neutral
كن كما أنت ، وليتقبلك من يتقبلك,0,standard,positive
عادي جدا و طبيعي كثيرا,0,standard,neutral
عجيب هدش,1,dialectal,neutral
مختفون كاين الخير في المغاربة,1,dialectal,positive
اعذريني في جمال عيونك ان طولت النظر,0,standard,positive
هذا كان لقطة الموسم,0,standard,positive
جريمة فردية والفتاوى تعيق الاندماج بالغرب,0,standard,negative
بصح الهاتف اصبح معيار لشعبية الانسان,1,dialectal,neutral
هداك حكايتو حكاية غ خليها على الله,1,dialectal,negative
دائما الإبداع و التميز دمتم متألقين,0,standard,positive
كل شيء رائع جدا ولا أحد سعيد,0,standard,mixed
لقاء جميل جمعنا بمعالي محمد الأعرج وزير الثقافة و الاتصال المغربي في المعرض الدولي للكتاب الدورة بالدار البيضاء,1,dialectal,positive
اللهم آشرح لي صدري و يسر لي أمري و أبعد عني كل ضيق,0,standard,positive
غير توصل وقت النعاس گاع ما نعقل عليهم,1,dialectal,neutral
تقرير دولي يهدد المغرب بدخول القائمة السوداء للتهرب الضريبي,0,standard,negative
ويبقى فن العيش المغربي أرقى أنماط الحياة الحضارية والحب به حياه,0,standard,positive
سيدة جدا محترمة,0,standard,positive
التجنيد الاجباري في العالم للدفاع عن الوطن لكن عندنا لقمع و تركيع الشعب للأسف,0,standard,negative
الله يحفظه و يخليه ليه,1,dialectal,positive
ومازلت انتظر ان يهديني القدر هدية كهذه,0,standard,positive
و على العهد باقون فيديو داير ديال طاكسي صغير د طنجة و قفو الحركة و الله اعلم,1,dialectal,positive
منطقة زوينة و تستحق الزيارة و خصوصا في فصل الربيع سبق لي و زرتها و ناسها من الطف خلق الله,1,dialectal,positive
تم تنزيل قانون الخدمة العسكرية في الجريدة الرسمية وجدوا ريوسكم,1,dialectal,neutral
‿ أمران ينفعان كل مؤمن حسن الخلق ، وسماحة النفس وأمران يرفعان شأن المؤمن التواضع ، وقضاء حوائج الناس وأمران يدفعان البلاء الصدقة ، وصلة الرحم ••• ‿ طابت أوقاتكم,0,standard,positive
الآشخاص الطيبون لا تتغير صفاتهم حتى لو تغيرت آحوالهم فالكريم يظل كريما حتى لو افتقر والمتسامح يظل متسامحا حتى لو ظلم والمحترم يبقي يمنح احترامه للجميع حتى لمن لا يستحق إذ هذه الصفات تكون نزعة آخلاقية فيهم وليست سلوكا عابر,0,standard,positive
الجهلة والأغبياء يسخرون مما لا يستطيعون فعله,0,standard,negative
قريبا ساغادر تويتر كما ستغادرنا سنة اعتذر لمن أسات له و اسامح من اساء لي,0,standard,positive
عيب عليكم فعل هذا,0,standard,negative
هاد الجيل ديال دبا بغا كلشي بلا تمارة مكرهش هو ينجح بمعدل مزيان بلا ما يخدم,0,standard,neutral
الله يحفظك شكرا,0,standard,positive
حتى من سواعدة كيتشكاو منك ابادة,1,dialectal,negative
تمسكي بخيط العنكبوت ولا تستسلمي حبيبتي,0,standard,positive
ما أرتجي رجعتك ، بس انت أجمل من خذلني,0,standard,mixed
رحمك الله يا جدي,0,standard,positive
حتى لو كانت الوضعية ميسورة هي لي عندها الحق تقرر او يكون داكشي بالتراضي المرآة ماشي ملك مادي يتصرف فيه الراجل كيف بغا,1,dialectal,neutral
شكرا على المعلومة,0,standard,positive
ناعمة انتي ك غصن ياسمين مدهشة ك عين طفل ضغير تشبهين الورد و كلماتك عطر و ان ضحكتي يصبح الورد يشبهك,0,standard,positive
اللهم آني أسألك أيام حلوة تورد الحياة بداخلنا ك دعاء يستجاب أو أمنية تتحقق,0,standard,positive
عيدي مبارك يا عيد ألايام,0,standard,positive
نحن شعوب واعية في مواقع التواصل الاجتماعي فقط وغير واعية في الواقع,0,standard,mixed
الله يجيب الشفاء,0,standard,positive
من حقكم أن تفتخروا بهذا الحارس الكبير,0,standard,positive
صباح النور,0,standard,positive
افلا ينظرون الى الابل كيف خلقت,0,standard,neutral
لقيت فيك أجمل من اللي تخيلته,1,dialectal,positive
شكرا على تفهمك تحياتي,0,standard,positive
فعلا وحتى الفعاليات للي كانت كاتنظم فيه كثيرة,0,standard,neutral
سلطات أكادير تفض مخيم مهاجرين ونشطاء يشيدون بكفاءة التدخل,0,standard,neutral
إتزن في مشاعرك من البداية لا تاخذك اللحظات للسماء وتردك للقاع,0,standard,neutral
حاول تقبل كفها من داخل، لان جزء من قلبها في يدها,0,standard,positive
كنت غانتخنق بالماكلة بالضحك,1,dialectal,positive
هل ما زلتم مقاطعون لمحطات أفريقيا,0,standard,neutral
تطور ملحوظ,0,standard,positive
الزهر ديالهم لا يعلا عليه,1,dialectal,positive
ونهارك أسعد ان شاء الله,0,standard,positive
احسنت القول,1,dialectal,negative
ضاقت عليها الدروب,0,standard,negative
محترفين,0,standard,positive
اودي راه غير تنعديو اما الحالة صعيبة للأسف,1,dialectal,negative
الأصدقاء لي كيكونو معاك فاش كتكون بيخير و فاش كيوقعو ليك مشاكل و كطيح أون پان كيخويو بيك و كيقلبو عليك ليسو أصدقاء بل أصحاب الحاجة الله يلاقينا بما أحسن,1,dialectal,positive
الجامعة مافيا,1,dialectal,negative
مدينتي الرائعة اشتقت لكي كثيرا,0,standard,positive
مراكش مدينة مليئة بالألوان وغنية بالتاريح يمكنك هناك القيام باشياء كثيرة رائعة,0,standard,positive
وقع رجل في جزيرة كلها نساء,0,standard,neutral
استمتع بوقتك عيش حياتك كلشي فايت,1,dialectal,positive
وأخيرا حبابي الجديد فهاد الأيام كونو على بال كنبغيكم,1,dialectal,positive
شكرا لك على كل شيء,0,standard,positive
اشكرك على الاهتمام اخ احمد لكن الامل كان بالفوز بالمباراة الاولى غير ذلك اراه صعب المنال بمواجهة كبيرين من كبار اوروبا,0,standard,mixed
هدف رائع للوداد البيضاواوي في شباك العين الاماراتي,0,standard,positive
راه الصحافة و البوليس تاهما مواطنين لي صور مريض و لي بارطاجا مريض ماكاين تا فرق,1,dialectal,negative
حيت الادمان واخا تعالجو تقدر ترجع له مرة اخرى,1,dialectal,neutral
الاستغفار لايصنع الأمل فقط بل يرمم احلامنا استغفر الله العظيم واتوب اليه,0,standard,positive
ما يحدث ضد المتظاهرين السلميين غير مقبول ولا يمكن السماح به,0,standard,negative
صحيح لأنها من الأشياء الغريزية,0,standard,neutral
و انت لا خير يرجى منك,0,standard,negative
وتخرجه من فمها وتضعه في فتحات الخلية وليس من امعائها سبحان الذي اعطى كل شيء خلقه ثم هدى سبحان من أبلغنا بأن للنحل بطون وليس بطن واحد أفلا يتدبرون القرأن أم على قلوب أقفالها سبحان الله وبحمده سبحان الله العظيم,0,standard,neutral
مبروك ا بالتوفيق إنشاء الله يا فنان,0,standard,positive
كونكي امرأة عربية هو شيئ صعب للغاية للأسف,0,standard,negative
ربما العثماني لم يرشيء,0,standard,neutral
الله يحفظك بالصحة و الراحة,1,dialectal,positive
ملي تنتأمل في حال المسلمين و لهذا الذل لي وصلوا ليه الحكام و الحكرة لي بين الشعوب و الغدر,1,dialectal,negative
و لك بالمثل,0,standard,positive
اعلام ديال الزبل الى الزبل,1,dialectal,negative
بسم الله عاوني منين نبدا,1,dialectal,positive
واضح جدا انك متابع,1,dialectal,neutral
امين بارك الله فيك,0,standard,positive
من حقك تعطي رأيك اخويا ولكن انا شفت مقارنة ب امرابط قديما اللاعب كان نااقص,1,dialectal,negative
ربي يحفظك اخي الغالي كلامك دائما مايخجلني,0,standard,positive
الى الجحيم سر,0,standard,negative
يا ابن آدم رزقك في السماء فادع الله ولا تتذلل لمخلوق,0,standard,neutral
مايؤلم الإنسان هو أن يموت بيد من يقاتل لأجلهم,0,standard,negative
امين لهلا يخطيك,1,dialectal,positive
مبيعات رونو تتصدر سوق السيارات في المغرب,0,standard,neutral
لاتيأسي و لاتستعجلي,0,standard,positive
قال رسول الله صلى الله عليه وسلم «من صام رمضان، إيمانا واحتسابا غفر له ما تقدم من ذنبه» فاستحضر يا رعاك الله هذا المعنى العظيم كلما أوجعتك بطنك من الجوع وكلما جف حلقك من العطش,0,standard,positive
يجب التفكير في تحويل زخم مسيرة اليوم في الرباط الى اطار جامع شامل يؤطر النضالات عبر ربوع الوطن,0,standard,neutral
كانت رحلة رائعة,0,standard,positive
الأخت الكبيرة عندي معكازة و الأخرى حادكة,1,dialectal,mixed
يا رب فاستجب لدعوة المظلومين وانصرهم فإنك يا كريم قلت لدعوة المظلوم بعزتي وجلالي لأنصرنك ولو بعد حين,0,standard,positive
رصيف الصحافة كولر يدعو الجزائر وموريتانيا إلى مائدة جنيف,0,standard,neutral
مرحبا أكيد لنبقى على تواصل,0,standard,positive
قد اصبح الحزن صديقي,0,standard,negative
في اطار تشجيع المواهب و داكشي هذا ما كان,1,dialectal,positive
اللهم فرحة لآ تنكسر,0,standard,positive
صباح الخير يا حبيب الصبح و أول محبيني,0,standard,positive
اقبل بالمكان الذي أنت به تذكر أين كنت ولكن الأكثر أهمية أن تعلم المكان الذي تريد الذهاب إليه أتمنى لك بداية جميلة ويوم رائع,0,standard,positive
عصبية ومتناقضة ومزاجية وكتومة لكن مستحيل أكذب بشعوري او أمثل الحب أنا اذا حبيت أعطيك أصدق شعور,0,standard,mixed
أحب الحديث معك رغم أني لا أملك ما أقوله أحيانا,0,standard,positive
استغفر الله العضيم,0,standard,neutral
ثق بالله فهو لا يخذل عباده,0,standard,positive
ربي يوفقك ويسعد عمرك,0,standard,positive
الحداگا و داكشي,1,dialectal,positive
اللهم انا نشكو اليك ضعف قوتنا و قلة حيلتنا حسبنا الله و نعم الوكيل,0,standard,negative
خاب ظنكم,0,standard,negative
ماشاء الله تبارك الرحمان سبحان من وهبها هذا الجمال في صوتها ياربي تحفظها,0,standard,positive
أصبحت أعي جيدا معنى أن يخفق قلبك لصوت رسالة,0,standard,positive
عندي يقين بذلك و الحمد لله شكرا احبيبة على كلامك الطيب,1,dialectal,positive
هذا وصف الشريعة والدين يا محترمة,0,standard,positive
من يفكر هكذا هو المغفل لانه غفل عن طيبوبة هدا الانسان الذي سيفتقده مستقبلا,0,standard,negative
فرحت لك والله,0,standard,positive
في هذه الامة اصبح الحليم فيها حيران,0,standard,negative
الحقيقة و صافي,1,dialectal,positive
مستهترين للاسف,1,dialectal,negative
صحيح انك سافل,0,standard,negative
جميل نشريه,1,dialectal,positive
اللهم آميييين,0,standard,neutral
وي راك شاد الحساب الحمد لله,1,dialectal,positive
هانيا بصحتك,1,dialectal,positive
يا ربي تربح روسيا,1,dialectal,positive
له الحمد سبحانه وتعالى,0,standard,positive
لا أجيد النسيان ، لكن أجيد تمثيله,0,standard,mixed
اللهم اجعلنا من ممن سعدوا في الدنيا و الآخرة,0,standard,positive
البوكوص,1,dialectal,positive
دريس ماعنديش الگانة لهادشي غير نصيحة عمرك تدعي على شي واحد ببحال هادشي ماعرفتي فين تخرج,1,dialectal,negative
مؤسف أن يصبحوا عابرين، بعد ما كانوا وطن,0,standard,negative
خصنا ملك بذكاء وعبقرية الحسن ولكن ماشي بنفس استبدادوا وديكتاتوريتوا,1,dialectal,mixed
فراقك خلصتو بالدموع,0,standard,negative
كلنا من أجل إطلاق قناة تلفزيونية خاصة بفريقينا الغالي الرجاء الرياضي مثل كافة الأندية الأوروبية والعالمية,0,standard,positive
خصهم يتعالجوا فآقرب وقت,1,dialectal,neutral
تفهم الأشياء وفق عواطفها وليس وفق عقلها دائما يحاولون فهم الأشياء كما يريدون وينظرون لها وفق منظارهم وهذا إحدى وظائف الايديولوجيا وهي التشويه بمعنى محاولة قلب الواقع,0,standard,negative
اش نقول ليك,1,dialectal,neutral
عصر الانبطاح اخي,0,standard,negative
وايلي و اش هداك الخير,1,dialectal,positive
و يييه حتى حد ما بغا يضحي للاخر كلشي بغاها موجودة,1,dialectal,neutral
أجمل تواريخ العمر يوم حبيتك,0,standard,positive
سبحان الله العظيم,0,standard,neutral
صلوات ربي و سلامه عليه,0,standard,neutral
بمجرد شفت التغريدة جاني الضحك تدوم الضحكة ان شاء الله,0,standard,positive
في خطبة الجمعة قال الامام آيها العباد اصبروا إن آرزاقكم في السماء نظرنا الى السماء فجمع النظام ما تحت آقدامنا فوسفاط ذهب آراضي ثروة سمكية فصنع بها جنة لا يدخلها الفقراء ومن ينظر للسماء,0,standard,mixed
آمين و اياك اختي و يوفقك فيما تسعين لتحقيقه,0,standard,positive
تبارك الله عليك دقة الملاحظة ها واحد الصورة تقريبية للاناناس,1,dialectal,positive
لا ينتصر للظالم ويقف بصفه ويؤيده إلا ظالم,0,standard,negative
ايوا شفتي هانتا جاوبتي راسك على كلامك فتويت لولا,1,dialectal,neutral
لو ارجع الفلوس الي خسرتها في الجامعة حصير مليونيرا,1,dialectal,neutral
هل الخبر مؤكد,0,standard,positive
سخيفة,0,standard,negative
عندي نفس الامنية,0,standard,neutral
كاين مشكل في الرابط,0,standard,neutral
تركاب البوطة تا هو ولا سميتو بريكولاج,1,dialectal,neutral
إذا كان الماضي لا يستحق الحديث فلنصنع مستقبلا يستحق أن يحكى,0,standard,positive
ما يصفك كثر الكلام ولا يصفك كثر القصيد,0,standard,positive
الله يبارك فيك مشكورين على حسن الضيافة,1,dialectal,positive
أنا من هذا البلد البائس لا فرق بين أن تستيقظ صباحا أو مساء أو أن لا تستيقظ أبدا ومع ذلك لا للإستسلام,0,standard,mixed
لابأس ياصديقي سيمر,0,standard,positive
مهما ساء حالك فاحمد الله فهناك دائما من هو أسوأ منك حالا الحمدلله,0,standard,positive
شكرا فاتي النور نور عينيك,0,standard,positive
وذلك ليذوقوا ايران وسوريا وشيعتهم وبال امرهم لعنهم الله,0,standard,negative
شكرا لكرمك هدا من لطفك و انت بالف خير,0,standard,positive
الحكومة لا تلتزم بالقانون للأسف,0,standard,negative
حظ من شافك وأنا لشوفتك مشتاق,0,standard,positive
موقف يحترم تحياتي,0,standard,positive
اولئك الذين يحبون الشاي مثلي يمكننا الاعتماد عليهم,0,standard,neutral
الكرامة لا تعوض بالأموال، وهي ليست سلعة تباع وتشترى، والإمارات لديها أموال ولكن ليست لديها كرامة كالعاهرات تماما,0,standard,negative
الارهاب النصراني هكذا يعمل,0,standard,negative
أو لسبب آخر يهمه هو شخصيا و ليس له علاقة بفرعون أو قيصر أو روما,0,standard,neutral
الله يجيب اللي فيها الخير,0,standard,positive
نظرة حنين واحلا سنين عشناها ياقلبي الحزين,0,standard,mixed
إياك أن تأذي روح لا يسمع أنينها الا الله,0,standard,neutral
اللهم في يوم الجمعة لا تجعل جائعا إلا اطعمته ولا فقيرا إلا اغنيته ولا مريضا إلا شفيته و هما إ فرجته و ميتا إ رحمته,0,standard,positive
وما اكثر الجمال في جوفك يا سماء,0,standard,positive
في القادم ان شاء الله كلشي عند الله قريب,0,standard,positive
معندك ماديري,1,dialectal,neutral
صباح الخير اوحشومة عليك,1,dialectal,mixed
قال الشيخ عمر الأشقر ولما كانت الملائكة أجساما نورانية لطيفة ؛ فإن العباد لا يستطيعون رؤيتهم ، خاصة أن الله لم يعط أبصارنا القدرة على هذه الرؤية ، ولم ير الملائكة في صورهم الحقيقية من هذه الأمة إلا الرسول صلى الله عليه وسلم,0,standard,neutral
صوتك وحش,0,standard,negative
لا اظن ذلك للأسف,0,standard,negative
ضحكتني,1,dialectal,positive
صباح الخير خويا الله يسهل الأمور في هاد النهار,1,dialectal,positive
بجب أن يخاطبه الجميع بهذا الخطاب,0,standard,neutral
سؤال عجيب هذا,1,dialectal,neutral
اللهم اجعلنا ممن تغيرت أقدارهم للأحسن ولاتحرمنا من ما نطمح إليه ولاتصعب علينا أمرا وارزقنا حظ الدنيا ونعيم الآخرة,0,standard,positive
الى الحكومة و ما جاورها كيف تريدون من الشعب ان يرضخ لمطلبكم بالتراجع عن من اجل مصلحة الوطن و انتم من واجهتموه بآذان بلاستيكية عندما كان يطالبكم بالتخلي عن تقاعدكم السمين ام ان الوطن لنا وحدنا و خيراته لكم فلتستمر المقاطعة حتى اشعار اخر كلكم مسؤول و كلكم مسؤول عن رعيته,0,standard,negative
لعنة الله على وجهه الممسوخ,0,standard,negative
انت حاد الطبع و مسيطر و لكنك تتميز بالجاذبية والعقلانية لذلك تنقدك حنكتك في المواقف الصعبة,0,standard,positive
فلا تعتقد أنك بقطع رزق مخلوق أو التضييق عليه يتسع رزقك ويطيب عيشك كما تشاء فالأرزاق قسمها الله بحكمة وتكفي للجميع ولعل من قطعت رزقه وقوته كان يدفع عنك الكثير من الشرور العظيمة وأنت لا تعلم سبحان من خلق هذا الكون بتوازن يذهل العقول,0,standard,neutral
بشفاء العاجل اخي,1,dialectal,positive
الله يزين ايامك,1,dialectal,positive
بغيت ربي يحفظه بحفظه و يحميه بعينه التي لا تنام,1,dialectal,positive
هاد الميساج حتى هو واعر,1,dialectal,positive
لك الله يا مواطن و يا شعب,0,standard,negative
اييه ايام البركة و الخيرات و الحيا و الحشمة,0,standard,positive
المهم هاد البدية غ تزعزعهم و يقدروا يفكرو يلغو المهرجان و الا فمصيره ما رأينا الليلة لان الشعب عازم على المقاطعة,1,dialectal,neutral
لو عكسنا الدور ترضيك افعالك,0,standard,neutral
لا تندم على نية صادقة منحتها ذات يوم لآحد لم يقدرها بل افتخر أنك كنت و مازلت إنسانا يحمل قلبا من ذهب,0,standard,positive
هاد الجيل صعيب كلنا العصا حتى شبعنا و ما وقع لينا والو بالعكس زادت من التربية ديالنا كنا نشوفو المعلم و تشدنا القفقفة اما هاد الجيل كلمة مني كلمة منك,1,dialectal,mixed
أسرع طفل في العالم يحطم رقمه القياسي السابق,0,standard,neutral
من أحب الأعمال السينمائية عندي,0,standard,positive
على البال كل التفاصيل على البال,0,standard,neutral
قلوبنا من طيبها تحفظ الطيب و ردى الناس ننساه,0,standard,positive
الواقع يتكلم,0,standard,neutral
القوة العمومية تفض اعتصام المكفوفين ب وزارة التنمية الاجتماعية,0,standard,neutral
ربي يبارك فيك خالتي اللهم امين وان شاء الله تفرحي بتخرج شيماء,1,dialectal,positive
صباح النور والسرور الله يسعد صباحك بكل خير,0,standard,positive
مربوحة إن شاء الله,0,standard,positive
الحكومة تتوقف عن تطبيق تعديلات مدونة الضرائب خوفا من توسع احتجاجات التجار,0,standard,neutral
لولا التعب لما كان للراحة لذة,0,standard,neutral
ساعات قليلة تفصلنا عن المبارة,0,standard,neutral
تا نتي قريتي الساعة الاضافية فظلام,1,dialectal,neutral
الله يكمل عليك,1,dialectal,positive
تسلم اخي,0,standard,positive
ربي افتح لنا الخير في كل الأمور,0,standard,positive
مشيت نشرب اتاي جيت لقيتهم سجلو,1,dialectal,neutral
لا لا صافي شكرا,1,dialectal,positive
بداية الشتاء الهاديه جالسة تغير مزاجنا ب لطف,0,standard,positive
للأسف مشاعري اللي كنت اكنها للبعض اختفت,0,standard,negative
اللهم أجرني من موت الغفله ولا تأخذني من الدنيا إلا وأنت راض عني,0,standard,positive
رغم رحيله جماهير الرجاء تحمل غاريدو مسؤولية الإقصاء,0,standard,neutral
أعلم جيدا أنه لا يعود كما كان,0,standard,neutral
لا يمكن اعتبار توزيع الظلم بالتساوي وجها من اوجه العدالة العدالة هي توزيع العدل بين الجميع بالتساوي,0,standard,neutral
الله يوصلك على خير,1,dialectal,positive
أسعد الله يومك,0,standard,positive
وأنا قلت إن وجهة نظرك تحترم,0,standard,positive
بوتفليقة يقرر عدم الترشح للرئاسة ويجري تعديلات حكومية,0,standard,neutral
آخر الزمان هو هذا,1,dialectal,negative
لاجديد قلبي ينبض شوق واللهفه تزيد,0,standard,positive
يانسيم الصباح سلم علي,0,standard,positive
اتمنى التوفيق لمنتخب دولة الشقيقة الفوز ان شاء الله,0,standard,positive
مابعد روحك مدينه ولا بعد قلبك مكان ولابعد عينك احد,0,standard,positive
الله يسعد المساء,0,standard,positive
دائما جميلة مادو أحبك,0,standard,positive
و انت من اهل الجزاء بعض مما عندكم,0,standard,positive
اللهم صل على محمد وعلى آل محمد كما صليت على إبراهيم وعلى آل إبراهيم إنك حميد مجيد وبارك على محمد وعلى آل محمد كما باركت على إبراهيم وعلى آل إبراهيم إنك حميد مجيد,0,standard,neutral
الفضاء مفتوح للجميع للأسئلة,0,standard,neutral
الامور اعمق بذلك بكثير,0,standard,neutral
شكون قصدك,1,dialectal,neutral
أناقة,0,standard,positive
عجبني انك معترفة بالواقع و متصالحة معاه,1,dialectal,neutral
على اهبت الاستعداد,1,dialectal,neutral
أنت صدفه ما غابت عن البال لحظة,0,standard,positive
نظرة استكشافية للمنتجع السياحي فيلا اليمون بأولاد تايمة بصراحة أحسن بكثير من مجمع الدلافين الذي سيفتتح بمدينة أگادير أعتذر عن الموسيقى المصاحبة للڤيديو,0,standard,mixed
محسن فقدناه فجأة لكنه يبقى درس قاسي أمام إنسانيتنا وإختبار عميق لها لن نسكت على موته ويجب محاسبة المتورطين في موته ويجب فهم الدرس,0,standard,negative
نهاركم مبروك واش نتوما لاباس,1,dialectal,positive
من برودك ماتت اللهفه عليك,0,standard,negative
لما يتم تفجير المساجد حرام يبقى عمل ارهابي,0,standard,negative
كلامك صحيح للاسف ما خدموا ما يخلو اللي يخدم,1,dialectal,negative
دم المغربي اصبح رخيص,1,dialectal,negative
أحسنت أخي من أجمل ما قرأت اليوم,0,standard,positive
امين ميرسي و انت كيف حالك,1,dialectal,positive
لا تقلق لا تقلق انت في حمايتي,0,standard,positive
اللهم اجعل لي نصيب فيما أحب,0,standard,positive
گاع واكلينها الله يشافي,1,dialectal,mixed
قامت الخطوط الجوية الهولندية على إنشاء طاولة عشاء بالمطار لن يأكل منها أحد الا اذا اجتمع شخصا للعشاء معا شعوب تعمل على نشر المحبة و التقارب بين الناس و اخرى مشغولة بالكراهية و الطائفية و العنصرية,0,standard,mixed
صديقاتي سنبقى معا,0,standard,positive
زملاء العمل,0,standard,neutral
الانسان دائما يبحث عن من يملئ الفراغ المحدث داخله انسان مكتمل عبارة صعبة الحدوث,0,standard,neutral
اذن انها ستتحول الى حقيقة عما قريب,0,standard,neutral
فنظري هادوك ماشي شروط تعجيزية و لامبالغ فيها بالعكس هو باغي يخدم و خاثو يخدم مرتاح نهار تكون شي حاجة اللي مبالغ فيها فالباب وسع من كتافو و يجي ما حسن منو اما الان فهو الانسب,1,dialectal,neutral
دور البطولة الذي ترغب فيه الكل يسعى له,0,standard,neutral
باغين تبردو علينا,1,dialectal,neutral
أنا لجل ضحكتها أحبها مليون مرة,0,standard,positive
لا تصاحب إلا من يكتم سرك ويستر عيبك وينشر حسناتك ويطوي سيئاتك فإن لم تجده فلا تصاحب إلا نفسك,0,standard,positive
من عاتب الغالين لا شك مشتاق,0,standard,positive
بصح كما كاين اللي يفرح كاين اللي يقلق فصبر جميل,0,standard,positive
خطأ الكاتبة و ليس خطئي,0,standard,neutral
كالعادة اكتبلك ويتأثر غيرك,0,standard,negative
كلامك صحيح ولخص الواقع اللي كاين دبا دبا انا شفتهم غ فالجامع و ما يحترموه ف رمضان و الى كلمتوا يجيك باباه ما خليك يحترم لك الاستاذ الى قلت له كلمة يجاوبك بعشرة كما قلت الوالدين فرطو فالتربية و انهار المجتمع,1,dialectal,negative
شجرة العائلة,0,standard,neutral
يا خسارة عليكم يا شباب المستقبل,0,standard,negative
حتى انا فكرت فيها فهاد القضية,1,dialectal,neutral
كم كان قاسيا أن أنتظرك والأقسى من ذلك إفراطك بالغياب,0,standard,negative
الله يحفظك والله فرحتيني شكرا,1,dialectal,positive
والله ياسلام بخير والحمد لله,0,standard,positive
الله يرحمهم كاملين جدي وجداتي ويرحم جميع المسلمين,1,dialectal,positive
منطقة بدأت قصتي معها منذ سنين,0,standard,neutral
اللهم امين ولك ولجميع المغاربة والمسلمين شكرا بزاف,0,standard,positive
وانت من اهل الخير,0,standard,positive
البوليساريو تخترق قصر نواكشوط وتبلغ رسالة غالي قبيل جنيف,0,standard,neutral
ما يحس بقيمة الغالي الا فاقده,0,standard,negative
من الفرق اللي ممكن تتفرج فيها و ما تندم على الوقت اللي ضيعت,1,dialectal,positive
ماكايناش لاباج فيسبوك مالقيتهاش لقيت ليميل و صيفط ليهم ان ميل صباحك مبروك,1,dialectal,positive
لماذا كل هدا الظلم و التحقير لماذا,0,standard,negative
واضح أن اللجنه ظالمة,0,standard,negative
وصلني الان وفاة أغنى شخص في عالم الدعاية الشاب الميلياردير الأسترالي المسلم علي بنات وهذه وصيته قبل مماته قرر المرحوم الشاب علي بنات أن يتبرع بكامل ثروته من أجل فقراء المسلمين في العمق الإفريقي,0,standard,positive
هاد الاختلاف فالرأي عرفت به بزاف دالحوايج المهم اول مرة نتناقش مع شي فتاة فمسألة بحال هكا شاپوووو,1,dialectal,positive
تقبل الله منا و منكم صالح الأعمال وكل عام وأنتم بألف خير,0,standard,positive
أسعد الله مساءكم بكل خير,0,standard,positive
كاينين مرحبا,1,dialectal,positive
حامل اللقب اخر سنوات يتم تجاهله,0,standard,negative
بخصوص تشجيعي لفرق الكورة فانا اشجع دول العالم النامي اي امريكا اللاتينية و هذا مند مدة من الزمن فانا لا احب الاوروبيين كلهم بلا استثناء فكل ايديهم ملطخة بدماء المسلمين,0,standard,mixed
هادي واعرة,1,dialectal,positive
فين الشمس,1,dialectal,neutral
كان اسمه عزازيل و الله اعلم,0,standard,neutral
هاد اليامات راه كولشي كانفهمو غلط غير صبرو عليا,1,dialectal,neutral
هل الحروب الصليبية التى ارتكبت ابشع الجرائم باسم المسيحية تجعلنا نعادى كل المسيحيين في العالم,0,standard,negative
ياه زوين و مافيهش المواج,1,dialectal,positive
اللهم كما سقيت الارض بالمطر امطر على قبور موتانا من سحائب رحمتك واجعل كل قطرة مطر رحمة ومغفرة لهم واجمعنا بهم في فردوسك الاعلى,0,standard,positive
نجاح مشروع,0,standard,positive
مثير لشفقة,0,standard,negative
أشباه الرجال تكفيهم,0,standard,negative
في خفايا البال غيرك ما أحد,0,standard,mixed
ما يرخص الغالي إلا كثر غلطاته,0,standard,negative
علينا و عليكم بكل المتمنيات السعيدة,0,standard,positive
نعم الرد ونعم النهاية الكرامة,0,standard,positive
علاش لا نديروها غدا,1,dialectal,neutral
يا مجرمة,0,standard,negative
كتب احد السوريين الجيش امتص دمنا اربعين عاما ثم قتلنا,0,standard,negative
هذا عام الإصابات للريال من بعد بنزيمة هاهو نافاس تابعو,1,dialectal,negative
مختومة بالحديث مع شخص غالي و عزيز,0,standard,positive
غير مرحب بكم في الدول الإسلامية و من أشد الدول التي تكرهكم هذا الأمر لايتعلق بالإنسانية بل يتعلق بالمبدأ لأنهم يحترمون أوطانهم ولايريدون للنجاسة أن تدخلها ومن أنتم حتى تتكلمون عن الإنسانية تقتلون الأطفال والشيوخ والنساء رأينا انسانيتكم فلا داعي للتغني بالشعارات الفارغة,0,standard,negative
ا رواية لهفة والحنين حكاية وجع لايمكن تلخيصها في كلمات,0,standard,neutral
اللهم اشف مرضانا ومرضى المسلمين وارحم موتانا وموتى المسلمين,0,standard,positive
عاداتي السيئة الكثيرة جدا علمتني أن أحترم كل العادات السيئة التي يمتلكها غيري من الناس و أن أتقبل الأشخاص بكل طباعهم المختلفة,0,standard,mixed
كل نهار جريمة و من سيء الى اسوأ هادشي ولا كايخلع الله يحضر السلامة ردو البال لراسكم و لي عزاز عليكم,1,dialectal,negative
نحن نرفض المفاعل النووي,0,standard,negative
الدولة تعلن أن الوضع تحت السيطرة,0,standard,neutral
شعور غريب ان تغلق هاتفك ساعه وعند فتحه لا تجد رسالة ولا اتصال شي محزن ومفرح بنفس الوقت لك الله ياقلبي,0,standard,negative
اكيد,0,standard,positive
شكرا لجمال حضورك,0,standard,positive
داكشي بنادم ولا خايف يعرس غدا ديالو يلقى راسو مليوح فلفايس,1,dialectal,neutral
لقينا لي يدعمنا بقى لينا غير ندعمو اسرائيل الله يصلح الحال و صاف,1,dialectal,negative
سبحان الله وبحمده سبحان الله العظيم رب العرش الكريم,0,standard,positive
العمل الإرهابي يعود بنا الي عصر الظلمات المسيحي,0,standard,negative
امين و ليك حتى نتا,1,dialectal,positive
عندو الحق,1,dialectal,positive
ربي يفرح قلبك في هذا الصباح السعيد,0,standard,positive
لماذا ياأخي تتهمنا بإثارة الفتن,0,standard,negative
اااه مزيان سبق لي زرتها جميلة سبحان الله,1,dialectal,positive
حساب عسير,0,standard,negative
الله يسهل عليكم,0,standard,positive
الرب هو حامينا لكنه لا يحمينا من التصرفات الغبية,0,standard,neutral
جميل جدا السي يونس,1,dialectal,positive
حسبنا الله ونعم الوكيل في كل طاغية,0,standard,negative
ليس عندهم ذوق ابدا,0,standard,negative
مراد امينة الله يسعدكم,0,standard,positive
اللهم أمطرني عفوا و رحمه أمطرني خيرا و رأفه أمطرني سعدا و فرحه يا الله,0,standard,positive
البحر بعد تساقط الثلج,0,standard,neutral
قلبك ليس من حجر قلبك يشعر ويحب ويتآلم وكل شيء يترك فيه آثر,0,standard,mixed
الغروب والجو الجميل في مدينة آسفي,1,dialectal,positive
من نيتكم يتم إستنزاف المياه الجوفية لزراعة البطيخ و الطماطم لابد من هذه الزراعات أن تلغى,1,dialectal,negative
الحاجة الوحيدة اللي ماكرهت كلشي يرجع لها و هي ولادنا قبل ما يدخلو المدرسة او الروض يقراو اولا ف الجامع علاش الجامع لانه الدري فاش يتعلم ف المسجد يولي عندو شي حاجة من المقدسات و تصبح عندو نظرة على شي حاجة اسمها الدين و بزاف ديال الضوابط وهاد ال,0,standard,neutral
الجميع يتحدث بمثٱلية ، أصبحنا لا نعرف في أي مكان من هذا العالم يختبئ السيئون,0,standard,mixed
شوية ايجابية الناس محتاجة ايجابية لو سمحتم,1,dialectal,negative
من قبيلة و انا مقابل القمر و صادف وجود بعض السحب اللي تخبيه يخرج من سحابة و يدخل للاخرى على امل يبان واضح و نشوفو هاد الظاهرة سبحان الخالق,1,dialectal,neutral
الحمد لله كلشي داز مزيان شكرا لكل الناس لي كانو حاضرين,1,dialectal,positive
إذا كانت اللغة التي أتحدثها أو الملابس التقليدية التي أرتديها هي مشكلة إذن ليس أنا من يجب ان يتغير إنه أنت,0,standard,neutral
برأيي حتى مثل هكذا تغريدات يثير فضول البعض ليعرف الموضوع فيصبح في مهب أفواه أعداء الوطن اطمسو الامر و تركوه بيد اصحاب الاختصاص,0,standard,negative
بارعة في كل شي,0,standard,positive
اسأل الله العظيم ان ييسر امرك و يفرج همك و يجعل لك من كل هم فرجا و من كل ضيق مخرجا آمين و جميع المسلمين يا رب العالمين,0,standard,positive
محبة الناس نعمه لاتقدر بثمن بعيدا عن علاقات الحب والصداقه,0,standard,positive
الله يرحموا,1,dialectal,positive
رائع عزولة,1,dialectal,positive
ولغيرك القلب لا رحب ولا سلم,0,standard,positive
ياطفل الهوى متى يؤنس منك رشد عينك مطلقة في الحرام ولسانك مهمل في الآثام وجسدك يتعب في كسب الحطام أين ندمك على ذنوبك أين حسرتك على عيوبك إلى متى تؤذي بالذنب نفسك وتضيع يومك تضييعك أمسك لا مع الصادقين لك قدم و لا مع التائبين لك ندم ابن الجوزي رحمه الله,0,standard,negative
مقارنة بين قدرات الشباب على التذكر,0,standard,neutral
يحول الناس الى مؤمنين منافقين وهذا ما لانريده ولا نقبله,0,standard,negative
ربما العلمي هو من أعطى لك الأمر,0,standard,neutral
عيونك وحدها تستاهل الحب,1,dialectal,positive
شكرا بزااف نور الهدي والله يخلي ليكم جاد هادشي كيحفزني نزيد نخدم شكرا ليكم بزاف على الدعم ديالكم ديرو تانتوما ڤيديوات و صيفطوهالي الدار,1,dialectal,positive
قصة و عبرة رجل كان ينوي ان يعتمر لهذا العام فسمع بأرملة و لها أيتام تعاني ويلات الفقر فتبرع بمبلغ العمرة لها و لأطفالها,0,standard,positive
تحية لتشجيعك وتحية لروحك الطيبة,0,standard,positive
الله اكبر على كل ظالم,0,standard,negative
الكل يعلم أن فيفري يسمى بعيد الحب لكن لااحد يعلم ان فيفري اليوم العالمي لمرضى السرطان ربي يشفي جميع مرضانا,0,standard,positive
بارك الله فيك اغلى انسان,0,standard,positive
يجب ووقف فورى للعنف ومحاكمة المتورطين فيه,0,standard,negative
مرحبا هذيك كتبقى كرة قدم مخصش تفرقنا وتخلينا مضاربين,1,dialectal,positive
عاجز انا عن حب غيرك ولو كانوا احبابي كثار,0,standard,mixed
الله يسلمك ياك لاباس عليكم بعدا,1,dialectal,positive
الشعب عارف شكون اللي دار هاشي العثماني معندوش الجراءة باش يهظر ويفترك الزمر كلو,1,dialectal,negative
الله يسلمك من كل سوء وشر انت اهلك يا قلبي,1,dialectal,positive
في لحظة لاتتوقعها ستجد نفسك وسط حلمك الذي طالما أردته وتمنيته فلا تفقد الأمل أبدا وثق بالله,0,standard,positive
اختي سومية انت اختي اللي مولداتهاش لي الواليدة إذا احتاجيتي شي مساعدة آي حاجة انا انا معاك فآي وقت والله,1,dialectal,positive
يا له من حظ سيئ,0,standard,negative
الحزن,0,standard,neutral
إن الله بك و بقلبك عليم رحيم، فأطمئن,0,standard,positive
خرجت عن الموضوع,0,standard,neutral
آمين تعيدو و تعاودو ان شاء الله,1,dialectal,positive
هادي مقصودة ياااك أمزح,1,dialectal,positive
سبحان الله,0,standard,neutral
لو يحبك عن وصلك ماغفى,0,standard,positive
اولاد رجال الاعمال الاوساخ واولاد تجار المخدرات,0,standard,negative
متخصصون يشيدون ب نوبة الاستهلال في توثيق التراث المغربي,0,standard,neutral
فعلا صدقت كثر الله من يراقبنا حبا,0,standard,positive
في جميع الاحوال انا لم ارفع سيفي في وجه احد مسالمة اعيش بينهم كما البعض منهم يعيش في بلدي بسلام اطيب المنى اخي الكريم,0,standard,positive
ديال هاد جوج حروف للي كتبت لينا,1,dialectal,neutral
احلام تتخاف من سراق الزيت كثر منك,1,dialectal,neutral
صباح النور خويا,1,dialectal,positive
واخا ا لالة المهم نحن في الخدمة في اي وقت,1,dialectal,positive
متنصدعش راسي نفهم شي ناس للي مستواهم المعرفي تافه و ضعيف,1,dialectal,negative
هذا بنت كتعجبني طبيعية بزاف,1,dialectal,positive
لواه اذا كان من يستحق الشكر فهو انتم,0,standard,positive
الله يفرج عليك,0,standard,positive
الجيش لم يخون مرسي فقط بل خان الشعب المصري بأكمله,0,standard,negative
عالق أنت بقلبي كجرائم الصهاينة بأذهان العرب,0,standard,mixed
مبروك علينا و هذي البداية و مزال مازال,1,dialectal,positive
شفشاون جوهرتنا الزرقاء التى بها نتميز,0,standard,positive
اوا هي بيقناا تماا,1,dialectal,neutral
انا متشائم من هاد الماتش,1,dialectal,negative
خرجو فيهم دعاوي المغاربة,1,dialectal,positive
لا تغتر لقلة السالكين المهم ان يكون المسار صحيح,0,standard,positive
بغيت نفهم شي حاجة من الصورة و ما توصلت لوالو,1,dialectal,neutral
هذه نتيجة قرعة ربع النهائي لدوري أبطال أوروبا,0,standard,neutral
وقيلا في السنة الاولى ثانوي,1,dialectal,neutral
ا أنه يصيبنا إلا ما كتبه الله لنا,0,standard,neutral
كل شي له فرصه ثانيه إلا الخاطر اذا طاب,0,standard,mixed
حقيقة الأشخاص حولنا لا يعلمها إلا الله لذلك قل دائما اللهم دلني على من أراد بي خيرا ودله علي وإصرفني عمن أراد بي شرا وأصرفه عني,0,standard,positive
اللهم لا تدع لنا ذنبا إلا غفرته و لا هما إلا فرجته و لاميتا إلارحمته و لا مريضا إلاشفيته و لا حاجة إلا قضيتها ياحي ياقيوم,0,standard,positive
الاصل هو الاصل,0,standard,positive
يعني رافض يتعاطى مع طلبك لكنه لا يريد ان يصرح لك بها,0,standard,neutral
اختصرت كلشي,1,dialectal,neutral
سنفعل كل ما نستطيع لإسقاط هذا الدستور الباطل,0,standard,negative
لا فرق بين اجرامكم و اجرام المعتوه انتكم قتلتم اهل السنة في فلسطين و هو قتل اهل السنة في سوريا التي احتضنته كلاكما وجهان لاجرام واحد,0,standard,negative
يسعد مساكم أحباب الأميرة,0,standard,positive
الفيديو كارثة وللي يعملوه إجرام,0,standard,negative
بنكيران كان من دعاة الملكية البرلمانية بعد ان منحه الملك تقاعدا استثنائيا أصبح من دعاة الملكية التنفيذية,0,standard,neutral
صباح الخير اية,0,standard,positive
ليست بنسبة كبيرة,0,standard,neutral
زين الدين زيدان يتفاءل خيرا بعد عودته لتدريب ريال مدريد هل تعتقد أن قراره هذا صائب,0,standard,positive
رضا الناس غاية لا تدرك و رضا الله غاية لا تترك فأتركي ما لا يدرك وأدركي ما لا يترك,0,standard,positive
تهنيتي من واحد البروبليم منو ما كاين,1,dialectal,positive
وتطيب الحياة لمن يستغفر,0,standard,positive
بلا قصدت لها بالعكس فهمت,1,dialectal,neutral
اجمعين بارك الله فيك,0,standard,positive
غنكون ماشي بكامل قواي العقلية الا جاوبتك نيت,1,dialectal,negative
باقي شي حد اخر نباركوا ليه,1,dialectal,positive
مع احتراماتي سيدتي,0,standard,positive
يخوا عاودي عمريه ليه,1,dialectal,neutral
اللهم امين يارب العالمين,0,standard,positive
والله بزااف الله يحفض هاد الشعب من قبيلا والحرقة شعلا ليا فالقلب والدموع,1,dialectal,negative
عندو قلب و قلبه زوين,1,dialectal,positive
ترحب بيك الجنة خويا نت اهل الجود و الكرم,1,dialectal,positive
من يبارك الإستقلال يحب عليه الإطلاع على التاريخ و تحديدا السنوات,0,standard,neutral
و ايامك اخي الفاضل,0,standard,positive
بلاغ مشترك من مجموعات ألتراس الرجاء والوداد بمقاطعة مباراة الديربي احتجاجا على إغلاق مركب محمد الخامس,0,standard,negative
كل الأدوية مرة، إلا القرآن,0,standard,mixed
محطة القطار أكدال الرباط,0,standard,neutral
شكرا للمنتخب الوطني فرجتونا,1,dialectal,positive
سررت بلقائك أخي وصديقي الفنان حديفة شكرا على حسن الضيافة تطوان سيتي,1,dialectal,positive
أكيد إذا كنت أنا من أخطأ لزم الإعتذار لانه منطق قوة,0,standard,positive
رونار يكشف القائمة النهائية للأسود في مباراتي مالاوي والأرجنتين,0,standard,neutral
طاب صباحكم بالخير,0,standard,positive
أشاعو و نحن صدقناهم هنا يتضح ضعف و قلة وعي الشعوب العربية,0,standard,negative
قراءة الفصول دفعة واحدة عندها نكهة خاصة,0,standard,positive
اللهم ابعد عني وعن عائلتي عيونا تترقب حياتنا وابعد عنا كل من أراد بنا سوء,0,standard,positive
نهب بشكل يومي واموال الناس تتبخر علنا ولا يوجد مسؤول,0,standard,negative
تحت التغريده اجمل شطر قرأته,0,standard,positive
رسالة صباحية لا تحزن دام الله هو المدبر لحياتك,0,standard,positive
صحيح و الله اعلم وقرأت الان بوجود حكم كثيرة لمعراج سيدنا محمد صل الله عليه وسلم من القدس بدل مكةمنهاا أن المسجد الأقصى كان فيه اجتماع الأنبياء الذين احتفلوا به وكرموا الرسول بإمامته لهم في الصلاة وفي ذلك إشارة إلى أن دين الإسلام سينتشر على الر,0,standard,neutral
من لي غيرك يا ذا الجلال والإكرام عليك توكلت وإليك أنيب,0,standard,positive
ما هذا المنشور الوسخ,0,standard,negative
حاولي تعلقي عليها ب تعليق لتعود الظهور من جديد,0,standard,neutral
شاطئ الواليديه شاطئ مميز والكثير من السياح يعرفونه بروعته ومكانته السياحية العظمى,0,standard,positive
أكيد نهار لي نتعلموا فيه النقاش كن أكيد غادين نخرجو من الأزمة الفكرية لي ولات عندنا,1,dialectal,negative
تجبرين العين ان تتأملك,0,standard,positive
بصحة صحوركم كنبغيكم,1,dialectal,positive
الاستراليون سجلوا هدف تم احتسابه عن طريق ال من ركلة جزاء تشبه لحد ما تلك التي لم تحتسب للمغرب على يد پيپي,0,standard,neutral
اللهم ارزقني حبك وحب من يحبك وحب ما يقربني الى حبك يا الله,0,standard,positive
الله يرحمها ويغفر لها ويصبر ذويها,0,standard,positive
يارب بشرى تشبه الغيث وفرحة تمحو كل حزن وفرج لكل صابر وشفاء لكل مريض ورحمة لكل ميت واس,0,standard,positive
اغتنم الفرصة,0,standard,positive
الإحتمال الرابع هو أنني عاشق لليفربول حتى النخاع و أيضا الثاني,0,standard,positive
انا حبيبي بسمته تخجل الظيء,0,standard,positive
تعالى خذها,0,standard,neutral
وزارة الأوقاف في المغرب تشبه ماتفعلها نضيرتها السعودية كل من يقول كلمة الحق إلا واجهوه بالإيقاف أو السجن,0,standard,negative
امين يارب,0,standard,neutral
يمكن مدرب آخر مع الاسبان يمرون للدور المقبل مع اني لا اريد لهم ان يتأهلو,0,standard,negative
دنياي سواد و حزن بعد موت أبي,0,standard,negative
اذا كانت مقابل لاشيء تعثر فما هو السقوط,0,standard,neutral
عودة الكهرباء تحيي النشاط الاقتصادي في فنزويلا,0,standard,neutral
مقدار زكاة الفطر مقدار الواجب في زكاة الفطر هو أن يخرج عن الفرد صاعا من تمر، أو من زبيب، أو صاعا من قمح أو من شعير أو من أرز، ونحو ذلك مما يعتبر قوتا يتقوت به، وبحسب غالب قوت البلد، أي أنه يخرج من القوت المتوفر في البلد، وينبغي مراعاة حال المستفيد أي الذي تدفع إليه الزكاة,0,standard,neutral
القبيسي الإمارات تؤكد مغربية الصحراء المالكي العلاقات متينة,0,standard,neutral
معنديش معاه من ديما ودابا ولا ماعنديش معاك كتر كاع هادشي على البوز,1,dialectal,negative
ربي أدم علينا صباحات الهدوء و الرضآ و السكينهہ صباح السعاده,0,standard,positive
هدا ادمان من نوع خاص,0,standard,neutral
تعرفون التباكي و النفاق كالعادة,0,standard,negative
الله خير حافظا,0,standard,positive
ستظل تنتظر الصدف,0,standard,neutral
مبروك الله يوفقها و يسهل ليها الامور,1,dialectal,positive
الله يجعل كل أوقاتك سعيدة اخي,0,standard,positive
التفاصيل الصغيرة تجعل من المكان جميل,0,standard,positive
انسوا أوجاعكم بسجدة طويلة لله فالصلاة دواء نقي للقلوب الوتر,0,standard,positive
فعلا صدقت كلام من ذهب,0,standard,positive
بلادي يازين البلدان,1,dialectal,positive
انتي الاجمل و انتي الاحلى يا اعز الناس ربي يطول عمرك بالسعادة و الصحة و السلامة حتى تفرحي بالكبيدات الغاليات,1,dialectal,positive
جملة تلخص واقع المغرب,0,standard,neutral
مسجد الرحمة اول مسجد في بريطانيا يقع في مدينة ليفربول شارع بروم تيراس أسسه المحامى البريطاني وليام عبد الله كويليام والذي أقيمت فيه الصلاة أول مرة عام م,0,standard,neutral
وانا عيني م تحب الا عيونه،,0,standard,positive
اوا هكاك غ نمشي مرفوع الرأس و اراك للفراجة,1,dialectal,positive
قال عمر بن عبد العزيز أدركنا السلف وهم لا يرون العبادة في الصوم ، ولا في الصلاة ، ولكن في الكف عن أعراض الناس فقائم الليل وصائم النهار، إن لم يحفظ لسانه ، أفلس يوم القيامة قال سفيان الثوري هذا زمان السكوت ولزوم البيوت والرضا بالقوت إلى أن تموت,0,standard,neutral
المسامح كريم,0,standard,positive
تسلم روحك اخي,0,standard,positive
حرام عليهم,0,standard,negative
المعروف أن المجتمع المدني هو من يراقب السلطة السياسية داخل جميع المجتمعات لكن في المجتمع المغربي المجتمع المدني تابع للسلطة السياسية وعليه فهو عوض أن يكون وسيلة مراقبة وحماية للمواطن ضد استبداد الحكومة والسلطة اصبح يساهم في اخضاع المواطن,0,standard,neutral
توكل على الله آلله ييسر لك,0,standard,positive
عيونها تشبه ظنون الطفل دايم جميلة,0,standard,positive
فعلا قطعة نقدية رائعة تستحق الجائزة,0,standard,positive
ويجي شي واحد يقولك فرنسا دولة ديمقراطية وهي من أكبر الدول عنصرية وقتل في التاريخ,1,dialectal,negative
أفضل شيء وقع ليا في هاد الدنيا هي أنني معنديش فالعائلة شي واحد في فرنسا للمعلومة الفرق بين فرنسا و المغريب هو اورو لا غير,1,dialectal,positive
اسوأ موقف ممكن تنحط فيه إنك تكون صديق لشخصين يكرهون بعض,0,standard,negative
كنت تتحدث بثقة زائدة عزيزي اشرف,0,standard,mixed
انتهت مقابلة,0,standard,neutral
وحين تظن أن كل شيء كاد أن ينتهي يخلق الله لك مخرجا لتبدأ من جديد,0,standard,positive
توصلو بالسلامة ان شاء الله,1,dialectal,positive
مختصر الصداقة,0,standard,positive
ديما رابح,1,dialectal,positive
ليس من الضروري أن تعجب بجميع الناس ولكن الواجب عليك إحترامهم جميعا,0,standard,positive
اللهم أمطرني عفوا و رحمة,0,standard,positive
قد ينكسر في النفس شيء لا يجبره ألف أعتذار,0,standard,negative
أسواق حلب تحاول النهوض من بين الأنقاض,0,standard,neutral
مقابر ازغنغان هنا مرقد الكثير من الاهل والاحباب,0,standard,mixed
نصيحة من اجمل مايكون ولهذا السبب الجميع يتبدلون في حياتي وانتي ثابتة فوق عرش قلبي انظر لك فقط ولا اكترث بمن يذهب او يأتي,0,standard,positive
حرام عليك و الله حتى عزيز عليا,1,dialectal,mixed
في حال بغيت تجيب الكادو خاصني سرير صغير لها,1,dialectal,neutral
تقييم حديث يظهر قائمة الدول التي تتمتع بأنظف هواء هل تعتقد أن بلدك يقوم بمجهودات كافية لمحاربة,0,standard,neutral
لن أنسى ذاك الخراب الذي سببته بصدري,0,standard,negative
فعلا معك حق يا قلبي,0,standard,positive
البوم رائع,0,standard,positive
ياحبيبي غير وصلك مابغيت,1,dialectal,positive
حكاية زهرة,0,standard,neutral
فضيحة من العيار الثقيل,0,standard,negative
كما عاهدناكي دائما متميزة و راقية,0,standard,positive
على سلامتك انشاء الله تكوني بخير,1,dialectal,positive
عندك الصح في هادي,1,dialectal,positive
هدية للي جعلوا من حمل العلم القضية الرئيسية,1,dialectal,positive
تشجيعك على راسي,0,standard,positive
الجهل و التخلف,0,standard,negative
منك الرضا وفيك الحياه ولك قلبي وأنا,0,standard,positive
الشوق شيء وعزة النفس اشياء,0,standard,neutral
ثلاثة لا يستحقون أن تسامحهم من ظلمك وقهر قلبك من تكلم خلفك وأبتسم بوجهك من كنت تعزه وتجاهل وجودك يوما ما,0,standard,negative
حريق يلتهم سفينة تجارية قادمة إلى الدار البيضاء,0,standard,negative
توقيت مناسب شكرا,0,standard,positive
زيادة جديدة فالعائلة مبروك عمي رشيد تتربا فعزكم إن شاء الله ابن جرير,1,dialectal,positive
الله يستر من هادي الحكومة والتخربيق ديالها,1,dialectal,negative
كالعادة الا مربحش مغربي شكون يربح,1,dialectal,neutral
هادي هي المشكلة يتغطاو بالوطنية و هم ينهبون و يسلبون,1,dialectal,negative
على حسب فكر الرجل كيداير و الزوجة كذلك,1,dialectal,neutral
أصبحت فنانة يا اخت جنان مستواك في الرسم يتحسن يوم بعد يوم سواء بالفحم أو بالحبر,0,standard,positive
أذهب البأس رب الناس، واشف وأنت الشافي، لا شفاء إلا شفاؤك، شفاء لا يغادر سقما أذهب البأس رب الناس، بيدك الشفاء، ولا كاشف له إلا أنت يا رب العالمين، آمين اللهم إني أسألك من عظيم لطفك، وكرمك، وسترك الجميل، أن تشفيها وتمدها بالصحة والعافية اللهم لا ملجأ ولا منجا,0,standard,positive
علاش مكتعتابرهمش اهداف,1,dialectal,neutral
بادرة طيبة شكرا جزيلا على ثقافة الاعتراف الله يعطيك الخير يارب العالمين,0,standard,positive
وليشهد الله أننا كنا أطيب من أن نؤذي أو نجرح أو نخيب ظن لكننا لم نجد من يستحقنا,0,standard,positive
فالتعامل كيفما غادي تشوفني ليوما غادي تشوفني غدا بس كيفما,1,dialectal,positive
متبقاش تدافع عليه راه منو الخطأ,1,dialectal,negative
نعم لتجديد الاتفاقية,0,standard,positive
الله يبارك ليها في عمرها وصحتها,0,standard,positive
راني غ ضاحك اصلا هذا اللي عندي و ننساه مرة مرة,1,dialectal,positive
سياسة الترقاع ستظل بهم في القاع,1,dialectal,negative
لو تمنيت الأماني ماطلبت الا لقاك,0,standard,positive
عندما تعيش لتسعد الاخرين سيبعث الله لك من يعيش ليسعدك,0,standard,positive
صحيح المسلم الحق من سلم الناس من يده و لسانه حنا بغينا غير الخير لهاد البلاد و ما بغيناش ندخلو لعالم الطائفية اللي دمر اغلب البلدان العربية لهدا سنتمسك بعقيدتنا و ندعو لهم بالهداية,1,dialectal,positive
عارض ازياء,1,dialectal,neutral
اعطوني تشكيلة الاياكس من فضلكم,0,standard,positive
التعدد حرام على هادو,1,dialectal,negative
اتفق معك في مسألة امية لغيرك لهذا الانسان خاصو ديما يشوف اللي اقل منو,1,dialectal,neutral
قسوة مخيفة في رفض الآخر الفكري,0,standard,negative
صافي هي لي ماتعاود,1,dialectal,positive
والله معك صح,0,standard,positive
أبشع جريمة عرفتها البشرية في العصر الحديث,0,standard,negative
من الامور اللي كا تفقس فهاد البلد السعيد انعدام تواصل الدولة في شخص وزير الاتصال مع المواطن ما عطونا معلومات على فين وصل آفة انفلونزا الخنازير و ما عاودش ذكرو الحمى القلاعية كانت الامور تحت السيطرة مرحبا كانت خارج السيطرة نضاعفو الجهود,1,dialectal,negative
من المؤسف ان فيلم بهذه الرداءة يحظى بكل هذا الإهتمام,0,standard,negative
الله احفظك سي يونس وخلي ليك ما اعز عندكصباحك مبروك صديقي,1,dialectal,positive
أكبر خسارة خسرناها في ظل نظام مبارك هي الثروة البشرية,0,standard,negative
حينما يكون التقدم للامام مؤلما و الرجوع للماضي مؤلما و الثبات على حالك ٱشد إلما,0,standard,negative
اه اوك متشرفين,1,dialectal,positive
أتقن عملك تحقق أملك,0,standard,positive
معندي مشكل مع حتى شي واحد حينت أصلا مكنجمع مع حتى شي واحد من غير الخدمة و صافي,1,dialectal,neutral
انتشر بسبب انتشار الجهل,0,standard,negative
الله يجعلنا جميعا منهم,0,standard,positive
يا للاروعة,0,standard,positive
بحال هاد ناس نقدر نصنفهم بان الحمير اذكى منهم,1,dialectal,negative
قال رسول الله من هم بحسنة فلم يعملها، كتبت له حسنة ومن هم بحسنة فعملها، كتبت له عشرا إلى سبعمائة ضعف، ومن هم بسيئة فلم يعملها، لم تكتب وإن عملها كتبت صحيح مسلم,0,standard,neutral
الغالي يرخاص ليك تستاهلي كل خير,1,dialectal,positive
صحيح معظمها روايات رائعة جدا حينما تقرأها كانك تتابع مسلسلا,0,standard,positive
ما ابشعهم و تصرفاتهم الغبية,0,standard,negative
كأ,0,standard,negative
الفيفا يدرس إمكانية رفع عدد المنتخبات,0,standard,neutral
الانسان كائن ضعيف غير الرواح كايقضي علينا ما بالك حاجة اخرى الله يرحمنا و صافي و الله يشافي المرضى يا رب,1,dialectal,positive
ماشاء الله الله يسهل عليك,1,dialectal,positive
تصبحين على خير دمت طيبة,0,standard,positive
ليتك تجيني كثر ما أنا اتمناك,1,dialectal,positive
دقيقة صمت تضامناا مع الناس اللي داز ليهم الصالير قبل العيد,1,dialectal,neutral
امونة عروستنا تستاهلي السعادة و الهنا حبوبة,1,dialectal,positive
مغليش صبري الله يهدي ما خلق,1,dialectal,positive
بنشماش يقدم استقالته من قيادة البام والحزب,0,standard,neutral
وانت من اهل الجزاء وصباح الخير بتوقيتي,0,standard,positive
يومك جميل بإذن الله,0,standard,positive
الدين أهم ما يتم تعليمه، لكنه لم يمنع الفساد وتدني قيمة الاحترام مشكلة العرب أنهم يعتقدون أن الدين أعطاهم كل العلم عرفت شخصا لمدة عشرين عاما، ولم يكن يقرأ الا القرآن بقي هو ذاته، ولم يتغير لكي نفهم سلوك الانسان العربي العادي، علينا أن ننتبه دوما,0,standard,neutral
انتي كلك هدية عطاهاليا الله في هاد تويتر,1,dialectal,positive
ماعرفتش اش وقع لي حتى انه اصبحت أشمئز من الخليجيين,1,dialectal,negative
قالوا يوما أو بعض يوم ومن ثم عادوا إلى نومتهم مرة أخرى إلى حد الساعة في سبات نائمون,0,standard,neutral
راحة من صداع الراس والعصبية,0,standard,mixed
زيدان ريال مدريد أفضل ناد في العالم ورونالدو جزء من التاريخ,0,standard,neutral
خويا الاخت درتي لها بلوك بدون سبب,0,standard,neutral
و تحياتي لاهل الجزائر,0,standard,positive
نهاية أي شيء هي بداية لشيء آخر,0,standard,neutral
نقضي اليوم بكامله في العمل يصيبنا الصداع و الظغط و الثوتر و في اخر الشهر نقبض أجرا و نعالج به ما أصابنا,0,standard,negative
من أروع ما قرأت اليومجميل,0,standard,positive
اللهم امين و جميع مرضى المسلمين,0,standard,neutral
والله اني استفدت اشياء من هذه البنت عجيبة الله يرحم من رباك وعلمك,1,dialectal,positive
إنكسار النفس لا يجبره ألف إعتذار,0,standard,negative
الله ارحموا ويجعل مثواه الجنة يارب العالمين,1,dialectal,positive
علاش تيديرو هاد الحالة فراسهم فاش تيجيو للمغرب,1,dialectal,neutral
القاتل متغذي على كراهية الاسلام لذلك فعل مافعل,0,standard,negative
الله يهديهم,0,standard,positive
عسكري آخر الزمان,0,standard,negative
اتفق,0,standard,positive
عمل على تخريب المدارس كونه يدرك جيدا أهمية التعليم في نهضة أي مجتمع,0,standard,negative
اللهم صل وسلم علۓ نبينامحمد,0,standard,positive
حيت تيطبعوه على ظهر سلحفات,1,dialectal,neutral
أصعب من الشوق ، كتمانه,0,standard,negative
بالتوفيق سيدي,0,standard,positive
مساء الورد وياسمين يا اخي خضر الله يسعدك في دارين وكل اهل واحباب,0,standard,positive
أنا لا أكتب لأرضي أحد واتفق معك,0,standard,neutral
نمشي نوجد اتاي و باش نتفرج فالرجا,1,dialectal,neutral
صباح الخير احسن اجمل اخت في الكون,0,standard,positive
قيمة الانسان لا تقيم بما عاش من السنين وانما تقاس بما قدمه لمجتمعه من فكر وعلم وعمل صالح ينتفع به,0,standard,neutral
لا تؤلموا أحد فكل القلوب مليئه بما يكفيها,0,standard,mixed
الحمد لله و نتي,1,dialectal,positive
مشكلة هذه الكرة والله انا بعض المرات كنقول صافي مبقيش نتفرج مبقاش هذا الشيء لعبة,1,dialectal,negative
بطريقة مباشرة راني طباااخة ماهرة فهمت عليك تسلم الايادي اللي علموك,1,dialectal,positive
اوك الله يحفظك,1,dialectal,positive
إذا رأيتهم حسبتهم لؤلؤا منثورا,0,standard,positive
الفارق الزمني ساعة و نصف اسف و ليست ساعتان,0,standard,neutral
إنت حلو القدر والعمر اللي يرضيني,1,dialectal,positive
اللهم اني نويت تغييرنفسي و من حولي,0,standard,positive
اصلا اسرار الزوجية ما خاصش يعلم بها حد اخر من غير الزوجين,1,dialectal,neutral
من حقك و لكن واش كتعتقد انه معندهاش الحق ففرصة ثانية,1,dialectal,neutral
نفس الشي,0,standard,neutral
وحنا مالنا إيديروه بالطريقة البوذية و اليهودية مواضيع تافهة بحالكم,1,dialectal,negative
لا بأس من الاستفادة من تجارب الغير ، لكن تقليد الآخرين لا يعني أنك ستحصل على ما حصلوا عليه,0,standard,neutral
هانتي استفدتي شي حاجة هاد الليلة,1,dialectal,positive
حضورك يبشر بالفرح,0,standard,positive
الله على الكلام الراقي كل الشكر لك ايها الرجل الراقي على المعاني الجميلة ربي يبارك لك و يبارك فيك ويحفظك,0,standard,positive
والله صدقت,0,standard,positive
كلها خزعبلات يا أخي,0,standard,negative
استغفر الله العظيم و اتوب اليه,0,standard,positive
أنا انسان بسيط جدا لدرجة أني أفرح إذا أعطيتني درهم مثلا,0,standard,positive
وفرو عليهم فلوس طيارة,1,dialectal,neutral
العالم العربي أصبح غارق في الظلم و القتل,0,standard,negative
طقس الثلاثاء توقع باستمرار الأجواء الباردة,0,standard,neutral
اللهم انك عفو تحب العغو فاعفو عنا,0,standard,positive
واصدق التعبير نظرات العيون,0,standard,positive
فوائد الحجامة والحالات التي ينصح استعمالها فيها,0,standard,neutral
بنادم حتى كيمرض عاد كيعرف راسو شحال ضعيف ولا شيء,1,dialectal,negative
عفوا صديقي,0,standard,positive
هؤلاء هم خطر علا البلاد,1,dialectal,negative
أطهر ثرى وأصدق علم وأرفع مقام ما يشبهك غيرك,0,standard,positive
مبروك اخي مبروك اختي,0,standard,positive
من نحبهم بشدة يختارهم الغياب بدقة,0,standard,mixed
يمكن و الله اعلم,1,dialectal,neutral
ياجماعة استهدوا بالله واخزوا الشيطان,0,standard,positive
القمر ضحكة شفاتك,0,standard,positive
بالعكس مجرد التفكير فيها يشعرني بالعصبية و يفقدني الامل,0,standard,negative
نقرا هذا كتاب نمرض اخاي بكل صراحة القمة البؤس والشقاء مع كتاب,1,dialectal,negative
نسيت تصاور,1,dialectal,neutral
علامن هاضرة أختي,1,dialectal,neutral
محل لغسل السيارات يقلق راحة ساكنة في تطوان,0,standard,neutral
حكاية الشيخ المعمر,0,standard,neutral
بالله عليكم ألم تستحيوا من انفسكم قبل قدومكم الى هذا البرنامج,0,standard,negative
بالعكس ندخل الابتسامة على الناس بدون مقابل و اللي جا يدير معايا سيلڤي,1,dialectal,positive
سقى الله في العمر ليلة ظهر في صفوها بدرين,0,standard,negative
يالاه بدات عندي السيمانة الاربعاء بنكهة الاثنين,1,dialectal,positive
سنة سعيدة صديقي تمنياتي الخالصة بالصحة و السلامة و طول العمر,0,standard,positive
التسول الرقمي بالمملكة يشيع ثقافة المجانية والإيمان بالاتكالية,0,standard,neutral
القرى الجبلية هيا اللي فيها مايتشاف,1,dialectal,positive
صباح الطمئنينة و الرضا بما قسم الرحمن,0,standard,positive
لم توضح اعتراضك على النقطة,0,standard,neutral
ترحيل مغاربة من بؤر النزاع استراتيجية ل اعتقال الفكر المتطرف,0,standard,neutral
هذا أكبر مستشفى في العالم بسعة الف سرير طبيب، ممرض ويتسع سيارة إسعاف، مهبط طائرة هليكوبتر إسعاف افتتحها ⁧,0,standard,neutral
مفعول حملة المقاطعة يصيب شركة سيدي علي بتراجع كبير,0,standard,neutral
غير كنضحك عارف اللي كاين,1,dialectal,positive
لم يكن يتحدث كثيرا,0,standard,neutral
مرتين بعد وجبة الفطور و الثانية بعد وجبة الغداء بشكل دائم,0,standard,neutral
ما بغيت نخلعك و لكن من علامات الساعة ان يكون العام كالشهر,0,standard,neutral
ربي، يحفضك الغالية متشكرينيش معملت والوا تستاهلي، كل خير,1,dialectal,positive
باقي زوفري الحمد لله و افتخر,1,dialectal,positive
يكسرون فيك ألف خاطر,0,standard,negative
عجيب كلمة الحق ما بغاها حد,1,dialectal,negative
دليل على الفرج و دليل على انكي تعطين النصيحة و انك تفكرين في الله داءما و ايمانك قوي و على انا الله معك في كل وقت,0,standard,positive
يا عمري انا و الله انتي بكل هذه الصفات و أكثر و انا سعيدة بيك و اتشرف بيك يا غالية,0,standard,positive
توقعات طقس الجمعة ارتفاع درجات الحرارة ببعض المناطق,0,standard,neutral
قلة ادب,0,standard,negative
انت الذي مايشبهك بالملا حي,0,standard,positive
العمر مجرد رقم لكن الحياة للجميع,0,standard,neutral
اللهم إشفي مرضاك شفاء لا يغادر سقما,0,standard,positive
شكرا هذا من طبعك الراقي والطيب,0,standard,positive
ربي يعزك و ينورك و ينصرك خويا لعزيز,1,dialectal,positive
مقترح قانون لإحداث وكالة تنمية المناطق الجبلية,0,standard,neutral
آمين وطريقك يا رب جزاك الله خيرا,0,standard,positive
حبيبتي هم يعلمون ان المراة المغربية قوية و متميزة بالفطرة هم يعلمون ان المراة المغربية مقاومة و مجاهدة و مكافحة هم يعلمون ان قساوة الحياة هزمتهم بشواربهم بينما المراة المغربية انتصرت على كل مصاعب الحياة تحية لكي و لكل امراة مغربية,0,standard,positive
الرجال صناديق مقفلة مفاتيحها التجارب,0,standard,neutral
الله أكبر قلوب مابقات فيها لا رحمة ولا شفقة الله ياخد الحق,0,standard,negative
بدء العد التنازلي لرحيل سولاري عن ريال مدريد,0,standard,neutral
المغرب في تقدم دائما,0,standard,neutral
ابوها هو المصيبة,0,standard,negative
أيادي قطر السوداء في دعم الارهاب,0,standard,negative
ان شاء الله تلاقيك الصدفة معها في الخير,1,dialectal,positive
لا معنديش مع الافلام بالمرة لكن اجزم انه باقي,1,dialectal,negative
اللهم انك عفوآ تحب العفو فأعف عنا,0,standard,positive
خص يوفر البيئة الملائمة للنجاح باش نقدمو ليه حيت نجاح المغربي في يعني تطور البلاد انا غنتخرج بامتياز من جامعة في ماليزيا بتخصص الهندسة المدنية وبغيت نرجع نخدم في بلادي لكن كلشي كيقولي ماتجيش غيحقرو عليك علاش انا نسولك علاش المغاربة ناجحين في الخارج,1,dialectal,neutral
باذن الله و حوله و قوته,0,standard,positive
خططو و وجدوا ضالتهم في منهج فرق تسد و كأننا جاهلون و تمر علينا حيلهم الواهية,0,standard,negative
علينا و عليكم بكل ما تتمنون إن شاء الله,0,standard,positive
كن آنت كما آنت فمن يحبك، يحبك لذاتك بأخلاقك، هدوءك، جنونك، عصبيتك، حديثك كن على سجيتك لا تتغير لترضي أحدهم فقط تغير لترضي الله تعالى,0,standard,positive
دائما الإهتمام هو نصف جمال أي علاقة,0,standard,positive
مزيانة,1,dialectal,positive
لقد وقعنا في الفخ للأسف,0,standard,negative
لكي أكون معك صريح المشكل ليس لا بالحكام و لا شيء المشكل في الشعب,0,standard,negative
فعلا و كلامك صحيح الامن و الصحة بالدرجة الاولى,0,standard,positive
نهاركم مبروك واش عندكم شي شتا,1,dialectal,positive
صباح معطر بما تشتهي القلوب,0,standard,positive
جزيل، الشكر غاليتي,0,standard,positive
اللهم صل وسلم وبارك على سيدنا محمد وعلى اهله وصحبه اجمعين,0,standard,positive
آمين يارب شكرا لك آخي,0,standard,positive
ان الانسان مصطفى و مميز عن باقي المخلوقات,0,standard,positive
لا أذكر عدد المرات التي تطلين علي فيها فجأة,0,standard,neutral
اه بصح صعيب بزاف,1,dialectal,negative
نصيحة اليوم فاش كتحس براسك مبرزط ومرون لعب شحاجا باش تحيد عليك القلق,1,dialectal,neutral
راني معاكم هنا ديما قريب,1,dialectal,neutral
بعض المرات كنبدا نقرأ في التعليقات و التغريدات ديال ولاد و بنات بلادي كنبغي نشير بتيليفون لهاد الدرجة مستوى ديالنا نزل,1,dialectal,negative
العفو وشكرا علىى التفهم وان شاء الله نشوف الصورة الجديدة عوض القديمة,0,standard,positive
فيك انا اشوف الحياة وفيك انا احب العمر,0,standard,positive
آحلامنا عصافير في قفص الواقع,0,standard,negative
ورده ومخلوقه على هيئة إنسان,0,standard,positive
حرقت له قلبو,1,dialectal,negative
هما اللي خاسرين فجميع النواحي,1,dialectal,negative
جزاك الله خير,0,standard,positive
اش بغيتي تعبري,1,dialectal,neutral
راك غ تفقسي لميمة لحنينة و هي ما قادة عليها,1,dialectal,negative
الفيلم نهايته صادمة جدا جدا,0,standard,negative
الناس مقهورة و تقلب فين تفرغ هاد القهر و الشحنة السالبة و كما قلت الكورة ماشي الحل,1,dialectal,negative
هادشي اللي سمعت,1,dialectal,neutral
واش ها التعليق يا عم يوسف مبدع,1,dialectal,positive
ان لله وإن إليه راجعون رحمها الله,0,standard,neutral
بهدلو لينا القفطان,1,dialectal,negative
أروع ماقرأت عن عيد الحب تحياتي لك استاذة احسان الفقيه,0,standard,positive
آمين جزاكم الله خيرا,0,standard,positive
اش غادي نقول ليك غير الله يلعن اللي مايحشم كتدافع على شركة فرنسية والشعب المقهور المطحون مهاز ليه كاع الهم,1,dialectal,negative
بهائم ال سعود لعنة الله عليهم,0,standard,negative
ممكن ولكن مذاق لا يتحمل,0,standard,negative
غاليتي حروفك مثل سهم يوجه لقلبي فتترجم يداي ما وراء سطورك الرائعة ذات مغزى كبير,0,standard,positive
معجبتنيش صراحة كانو تماك اجمل منها,1,dialectal,mixed
رد فعل فرنسا بعد قرار بوتفليقة عدم الترشح لولاية خامسة,0,standard,neutral
قلة التركيز غياب الاحتراف,0,standard,negative
نهاركم مبروك كنصحكم تجيو ديرو دورة فالمعرض الدولي للنشر والكتاب باش تستافدو شوية,1,dialectal,positive
السعودية هي أصل الشر في العالم وتذكر كلامي جيدا سيكون مستقبلكم جحيما,0,standard,negative
يخليكم لبعض,0,standard,positive
حينما تتدخل العاطفة بالتحليل تسمع كلام مثل هذا,0,standard,neutral
أغرد اليوم باليونانية لأني أعشق هذا البرنامج,0,standard,positive
صحيح فقد كان من اشراف الملائكة,0,standard,positive
مدينتي الحبيبة افران صور ارسلت الي اليوم للإشارة درجة الحرارة الان,0,standard,positive
لا أدري ما الذي يجعلك صحيح في نظري وأنت تفعل كل هذه الأشياء الخاطئة,0,standard,mixed
انا كيبان ليا لا اشتراكية لا رأسمالية غ تنجح مع هاد القوم هادو خاصهم شي ديكتاتورية تحكمهم شي قرن حتى يديرو عقلهم,1,dialectal,negative
يأتون بعد غياب يبعثرون حياتنا ثم يرحلون,0,standard,negative
كيف سيكون مستقبل التعليم,0,standard,neutral
ربي يخليك ف الصراحة على حسب الشخص لي قال هاد الكلمة السيئة الى كان عزيز و مايعني ليا شي حاجة كايبقا فيا الحال ضروري ولكن الى كان لا يعني شيئا كذلك كاتكون كلمتو,1,dialectal,positive
قريب الروح لو داره بعيده,0,standard,positive
شهادة أعتز بها,0,standard,positive
راني ضحكة نيت,1,dialectal,positive
اللهم امين وانت داعى ولك بالمثل واكثر يارب,0,standard,positive
مطلبي هو رجوع الغائبين بخير,0,standard,positive
يزين حالي كل ما زان حاله,0,standard,positive
اكثر من مجرد نادي,0,standard,positive
يوم حزين عندي فاش عرفت الوفاة تاع سي جمال لا حول و لا قوة الا بالله العلي العظيم الله يصبر الأحباب دياله,1,dialectal,mixed
نعلي الشيطان و جمعة مباركة,1,dialectal,positive
الله يسمعك خبار الخير,0,standard,positive
شكرا يوسف سفري بوعميرة وبنحليب ديما راجا,1,dialectal,positive
الموت علينا حق,0,standard,neutral
و الله اني لا اتفق مع مسألة الاطباء بقدر ايماني بمسألة الرقية الشرعية على يد اهلها و اقول اهلها او الافضل ان يرقي الانسان نفسه لان القران فيه شفاء لكل الوساوس النفسية و الكروبات,0,standard,positive
ما بين الحين والآخر نحتاج ل أن نكون مثل فصل الخريف ندع كل ما يؤلمنا يتساقط من داخلنا ، لنفسح المجال لربيع قادم,0,standard,positive
امين جزاك الله الجنة و جمعك فيها بمن تحببن,0,standard,positive
مبروك الهدف,0,standard,positive
عاشت قطر عاش المغرب,0,standard,positive
سبحان الله و الحمد لله و لا اله الا الله والله أكبر,0,standard,neutral
توحشتك انا,1,dialectal,positive
السعادة لاترحل أبدا مع أحد أخبروا الراحلين بذالك,1,dialectal,positive
انا أيضا اضع العلم المغربي لكن ليس بذلك القصد اتذكر كنت وضعته في كأس العالم الماضية ولم أغيره نسيت فقط تغييره,0,standard,neutral
لا راه غ بالضحك ما قادين على حرب,1,dialectal,positive
نوضي تنعسي,1,dialectal,neutral
نغرد من شدة البرد,0,standard,neutral
المغاربة يرحبون الإدارة العامة للأمن الوطني,0,standard,positive
وروعه جمالها,0,standard,positive
الحمد لله على كل حال,0,standard,positive
يخليلي انا حنونتي,1,dialectal,positive
اه اعذري عدم فهمي من الاول تهانينا و الله المعين,0,standard,positive
يراهن على خدمة الإنسانية,0,standard,neutral
يا سلاام تبارك الله عليك,0,standard,positive
اه بصح ولكن كوميم كيبقاو اجواء زوينين,1,dialectal,positive
اااه على فكرة صوتك يشبه لصوتها لكني لست ممن يشجعون على الغناء,1,dialectal,negative
التراكمات قد تجعل الشخص يقسو رغم لين قلبه,0,standard,negative
سنة جديدة بدأت اليوم و ماعرفناش الأقدار الإلاهية اش مخبأة لنا اللهم اكتب علينا مكاتب الخير,0,standard,positive
أحييكم عاليا والله إلا انتم اشخاص تضحون بوقتكم وجهودكم وكل ما تملكون لنشر البسمة على وجوه أبناء هذا الوطن,0,standard,positive
ماكرون يشجع فترة انتقالية معقولة في الجزائر,0,standard,neutral
الفاسدين يتنعمون باموالنا فهل اصبح فاسدا لأعيش,0,standard,negative
أسوأ شعور,0,standard,negative
عموما هادي النتائج من الاتحاد الدولي للتاريخ والاحصاء يعني لا يمكن يكون فيها انحياز لأحد على احد و كما رأيت كل شيء محسوب بالنقاط,1,dialectal,neutral
هاد المهزلة باقي مابغات توقف,1,dialectal,negative
جميل,0,standard,positive
عيد ميلاد سعيد كل عام وانتي بألف خير وصحة وسلامة يارب,1,dialectal,positive
أرح سمعك مع هذه التلاوة العطرة,0,standard,positive
انك جد قريب لا تقلق,0,standard,positive
دوام الحال من المحال,0,standard,neutral
جزاك الله خير يا اخي سمير اللهم اعنا علي ذكرك وشكرك وحسن عبادتك,0,standard,positive
و عليكم السلام,0,standard,neutral
شعوب تافهه همها الحياة الدنيا فكروا في نهايتكم,0,standard,negative
داكشي مضخم الله يعطيك الصحه,1,dialectal,positive
حمدآ لله على سلامته,0,standard,positive
و نعم بالله,0,standard,positive
نحن على الحافة و لا نسقط,0,standard,positive
يعني الله سبحانه وتعالى هو اللي غ يجازي الصائم بالاجر اللي يستحق عكس الاعمال الاخرى التي تجازى بالحسنة و ما إلى ذلك,0,standard,positive
حين يدمر العرب الممتلكات العامة، فهم يعتقدون أنهم يدمرون ممتلكات الحكومة، لا ممتلكاتهم و لازال العرب يستخدمون القمع والتهديد والضرب خلال التعليم، ويسألون متى بدأ القمع أستغرب لماذا تستعمل كلمة ديمقراطية كثيرا في العالم العربي,0,standard,negative
هذا هو لكلام الواجب درناه,1,dialectal,positive
وسآشتري رواية حب وآتركها على الرصيف، فآنا آومن آن آبناء وطني بحاجة إلى الحب، آكثر من الرغيف ود العارفين، وآشواك الجاهلين,0,standard,positive
قلبي وجعني اين مثل هاذي الرجال اين ياناس انفخت قلبي على الصباح,1,dialectal,negative
شي واحد افهمني,1,dialectal,neutral
صراحة تعداو على الرجاء,1,dialectal,negative
قصة رائعة,0,standard,positive
خبر ليس بجديد,0,standard,negative
البوليساريو تنسج دعايات ومناورات سياسية قبيل محادثات جنيف,0,standard,neutral
ماشاء الله تبارك المصور سبحانه,0,standard,positive
الله يحفظك مرحبا بيك,1,dialectal,positive
أعظم الأعمال تلك التي تكون نتاج ترو بلا صخب و لا عجلة,0,standard,positive
كذب شبيبة القبائل لا تشارك في كأس العرب وهذا منذ بدايتها لأن كأس العرب بطولة مال وليست بطولة ألقاب,0,standard,negative
مالك مسمى ، غير انك أجمل شعور,0,standard,positive
واييه ندمني,1,dialectal,negative
فعلي الموقع حبيبة,1,dialectal,positive
ضحك للدنيا تضحك ليك,1,dialectal,positive
الله يشفيه,0,standard,positive
صاحبي خالي مشاعر بارد إحساس وشعور,0,standard,negative
حاول جاهدا في جميع علاقاتك إن لم تكن خيرا لا تكن شرا,0,standard,positive
ان شاء الله كل شي سيمر بسلام و الليغا لنا الكاس لايهم المهم ان يقعد سواريز احتياط,0,standard,positive
عجباتني هادي ان شاء الله,1,dialectal,positive
البرد بعدك والدفى ضمة يديك,0,standard,positive
القناعة كنز و اهم شيء الاخلاق و المبادئ و كيفية تمريرها للابناء ليرثوها و يورثوها,0,standard,positive
كون أكيد انهم فرحانين بكم وقابلين على حتى النص فهدش ولا الربع ديالو وشكرا لك وعبرك الشكر لكاع ولاد الشعب اللي كيفكرو فولاد الشعب,1,dialectal,positive
يكون الإنسان شاعرا هادئا إلي أن يترشح بوتفليقة فيصبح فجأة إرهابيا,0,standard,mixed
ليست مغربية,0,standard,neutral
في مكانك سأغير موضع الإسمين,0,standard,neutral
لا تحزن ان الله معنا,0,standard,positive
للصبح نور ومن عشق نورك حب الصباح بكل حالاته,0,standard,positive
علاه كاين شي برد في اكادير,1,dialectal,neutral
تزوح إن كانت زوجتك جيدة أصبحت سعيدا وإن كانت زوجتك سيئة اصبحت فيلسوفا سقراط,0,standard,neutral
فعلا معلومة قيمة,0,standard,positive
ماكاين باس,1,dialectal,positive
الحمد لله غاندوزو بالحب كيف ديما,1,dialectal,positive
اقترب من الله يقترب منك كل شيء جميل,0,standard,positive
اختلاق ازمات وهمية للتشويش عليه,0,standard,negative
عندما تكون الذكرى مؤلمة و الفقد مؤلما نصبح في حالة أشد ألما غاليتي,0,standard,negative
أمين عام حزب سياسي كينشر تدوينة وكيدير ليها جيم,1,dialectal,neutral
خصوصا جارات وبنات لعمام,1,dialectal,neutral
لا تترك المواظبة على قراءة سورة الإخلاص والمعوذتين,0,standard,positive
أنا أؤمن,0,standard,neutral
اللهم سواريز ولا بواتينغ الفاشل,1,dialectal,negative
كان عندي واحد المتابع واضع اسم و كان واضع صورة طفل صغير يضع نظارات سوداء لم الاحظه منذ مدة ان كان غير الاسم و قرأ تغريدتي هذه فليظهر و عليه الامان,1,dialectal,positive
لا إله إلا أنت سبحانك إني كنت من الظالمين,0,standard,neutral
كابوس متى ينتهي,0,standard,negative
فيهم الخير والبركة,0,standard,positive
حالة لا ساس لها و لا رأس,1,dialectal,positive
الله يحفظك علينا و عليك,1,dialectal,positive
بكل أختصار كما بدأت ستنتهي,0,standard,negative
انت شكلك واخد مسبقا موقف محامي دفاع عن البعض في نفس الوقت مغرق و مهاجم ضد البعض الاخر لذلك لم و لن تتمكن من فهم مقصود كلامي ربما تجاهلت الفهم عن قصد تحياتي,0,standard,negative
عيد ميلاد سعيد جميلة الجميلة,0,standard,positive
كذاب اشر,0,standard,negative
دام عزكم و حماكم الله من كل شر,0,standard,positive
التعبير عن المشاعر لا يحتاج حروفا تترجمه أو تصفه الاهتمام وحده ينبت فى القلب ألف رسالة,0,standard,neutral
اوقفوه نهائيا باللعب في اسبانيا,1,dialectal,neutral
كديرو الغيبة والنميمة,1,dialectal,negative
ما تحن الذكريات الا عليك,0,standard,positive
قطعة الخبز التي تصلك زرعت ثم سقيت ثم حصدت ثم طحنت ثم عجنت ثم خبزت ثم بيعت حتى تستشعر قول من غير حول مني ولا قوة فقل الحمدلله ف بالشكر تدوم النعم,0,standard,neutral
عندما يتعرف الشخص على عيبه ويدركه ويدرك أخطاءه يبدأ رحلته فى التخلص منها من خلال عدة محاولات,0,standard,positive
فين وصل العرس,1,dialectal,neutral
لابأس أكيد ستمر كسابقاتها أكيد ستمر,0,standard,neutral
ينورها عليك دينا و اخرة خويا ربي يعزك,1,dialectal,positive
طالما تؤمنين بنفسك لا شيئ سيهزم فالسقوط يليه النهوض كلما احتجت دفئ امسكي بيدك الاخرى,0,standard,positive
هادي راه خاصك تكتبي معاها المرجو عدم محاولة تجريبها,1,dialectal,negative
خليها على الله هادشي يحزن القلب,1,dialectal,negative
في قمة استعصاء الامور تناولي شيئا و ليكن حلوا بعد ذلك ستجدين الفرق في هدوء الاعصاب و عودة العقل للتفكير,0,standard,neutral
الحمد لله عليها أفضل بكثير من بزاف ديال الناس,1,dialectal,positive
أقذر أنواع البشر من يشوه سمعة شخص ليكسب شخص آخر,0,standard,negative
صباح الخير أنا عائد,0,standard,positive
اننا كانجيو نتشكاو هنا لا يعني اننا كانقلبو على الشفقة ديال شي حد فضاء ماكايعرفنا فيه حد كانجيو نخويو قلبنا و نزيدو مع الطريق فقط لا غير,1,dialectal,neutral
وزعت كعكة دعم الأعمال السنمائية على المخرجين المغاربة و الممثيلين لهم الله في أحوالهم المزرية ومعاناتهم من الأمراض,0,standard,negative
راه تنضحك,1,dialectal,positive
المهم مزال محافظة على المراكز الاولى,1,dialectal,neutral
يارب يوم ألقاك والحال عاري تستر وتغفر ذنوبي,0,standard,mixed
تعطي لبنادم الماكلة وزايدها بالتعياب,1,dialectal,negative
ريال مدريد يعلن تعاقده مع ميليتاو لستة مواسم,0,standard,neutral
ليتك معي ساهر ليل الهوا كله,0,standard,positive
حتى لا ننسى من كان يستحق دعم الإعلام عوض هاذ المهرجين وجوه الشر,0,standard,negative
الفيفا دائما على علم بأنها تظلم المغرب وتحاول التغطية على ذلك بمثل هذه المبادرات التافهة,0,standard,negative
العسكر هما اللي كانوا ديما حاكميين,1,dialectal,neutral
ربي يدير لك لفيها الخير,1,dialectal,positive
الشعوب المقهورة تسوء أخلاقها لابن خلدون,0,standard,negative
صباح الجمال المغربي هذه الرائعة اسأل ألله منزل الأمطار لتروي الارض والقلوب,0,standard,positive
الله ياخد الحق ف اللي كان سباب هؤلاء همهم تشويه صورة المرأة المغربية,0,standard,negative
الصحراء مغربية وغ تبقى مغربية بغا لي بغا وكره لي كره حررها المغاربه وكنفتخر ان جدي من بين الناس لي شاركو في ديك المسيره بالنسبه للجيران بدل ما تدعمو مرتزقه ديوها في ريوسكم وقابلو بلادكم,1,dialectal,mixed
سؤال وجيه,0,standard,neutral
بأسلوبك تنحب تحترم تعشق ، وتترك أيضا,0,standard,mixed
المستقبل يفكك الدولة العميقة في حراك الجزائر,0,standard,neutral
الإبراهيمي و شباب الحراك يرسمون مستقبل الجزائر بعد بوتفليقة,0,standard,neutral
اطالب برحيل هذه الحكومة,0,standard,negative
البنت الذهبية,0,standard,positive
إهتم بمن يرسم لك الفرحه حين يراك في اسوأ حالاتك,0,standard,positive
في نظري ليفربول هو الرابح من الصفقة بالنظر لما ستعود به من أموال على النادي وكوتينيو لاعب جيد لكنه ليس إلى درجة أن ليفربول لايستطيع اللعب بدونه,0,standard,positive
مساء الخير يا قوم التويتر و كيف حالكم,0,standard,positive
وانت آطيب خلق الله,0,standard,positive
التواضع مع غير أهله مذلة,0,standard,negative
شر البلية ما يضحك,0,standard,mixed
اللهم رد كيدكم في نحوركم,0,standard,negative
وجهة نظر ممكنة جدا,0,standard,positive
واحد الصفر اشجعهم كمغاربة,1,dialectal,positive
انا مواطن صالح,0,standard,positive
فعلا أحسنت كلام في الصميم,0,standard,positive
يتكلم عنك الناس في ثلاث حالات عندما لا يملكون ما تملك و عندما يعجزون أن يكونوا مثلك,1,dialectal,neutral
كل ما تفكر فيه ستحصل عليه مع الاخذ في الاعتبار مسألة العمل بالأسباب و الا لن تحصل على شيء,1,dialectal,positive
اه صحيح لغتنا العربية غنية عن اللغات الاخرى,0,standard,positive
اللهم ارزقنا حلو الحياة وخير العطاء وسعة الرزق وراحة البال ولباس العافية وحسن الخاتمة,0,standard,positive
لاتؤجلوا الرسائل فقد تتغير العناوين,0,standard,neutral
يسقط إعلان مرسي الديكتاتوري,0,standard,negative
الى وزارة التجهيز و النقل منعرج خطير بتيزي نتاست نواحي تارودانت الذي يودي سنويا بارواح الابرياء و هذا اليوم سقطت منه سيارة الاسعاف التابعة لبلدية اولادبرحيل بعد عودتها من مهمة ايصال مريض في حالة خطيرة من الدار البيضاء و اليوم سائق السيارة في حالة خطيرة نسأل الله ان يشفي السائق,0,standard,negative
تفاؤل يسود الجزائر بعد قرارات بوتفليقة,0,standard,positive
روحك مافي احلى معها و هذا الجمال الحقيقي غاليتي,1,dialectal,positive
عندما كنت فالجامعة في مدينة مكناس كنت كل يوم أقرأ عند كل شارع اجمع فكرة وكل يوم أجمع أفكار عندما وصلت لهذه المدينة أصبحت كل يوم افقد عشرة افكار,0,standard,negative
قلب واحد هو قلب الواليدة,1,dialectal,positive
قسوة الحياة تكشف أشخاصا رائعين وتكشف أشخاصا خابت الآمال بهم,0,standard,mixed
تعليق منار اسليمي على ما يقع في الجزائر,0,standard,neutral
انا نشوفها وصفة كاملة لنمو للعضلات,1,dialectal,neutral
فرحت لك الله يكمل بالخير,1,dialectal,positive
صباح لخير البنات من مدينة الناظور,1,dialectal,positive
سبحان من خلق هذا الجمال,0,standard,positive
عجبني اللحن وعجبني صوتوا لكن الكلمات ياك لاباس اشريف اينا لغة كتهضر,1,dialectal,mixed
الله يرحموا تلقاه فالجنة ان شاء الله,1,dialectal,positive
ماكرون يستقبل والدة شخص داعم للإرهاب بالمغرب و يعدها أنه سيدعمه للخروج من السجن بالمقابل ينعتون دول شمال إفريقيا بالإرهاب,0,standard,negative
كان من الاولى يجربو هاد المسألة ديال التعاقد ف ميدان اخر ماشي ك التعليم لانه ميدان حساس يستحق تعطاه اولوية ف التدبير ماش,1,dialectal,neutral
احلى مناظر ببلادى,0,standard,positive
دعواتكم لعل دعوة في ظهر الغيب مستجابة و اعلم بان هناك ملك يدعو لك بالمثل ياارب فرج قريب بإذنك,0,standard,positive
أمسية أكثر من رائعه مع أحد الأصدقاء,0,standard,positive
دبلوماسي مخضرم يقود الانتقال السياسي بالجزائر,0,standard,neutral
انا غي دريويشة,1,dialectal,positive
اتمنى لك التوفيق الشاف,1,dialectal,positive
راه الجو لي مامساعدكش,1,dialectal,neutral
غاضبون من القنصليات يطالبون برسوم الفيزا,0,standard,negative
الف مبروك مجود ان شاء الله الجايات اكثر,1,dialectal,positive
انا قلبي مع قلبك لو ان العيون بعاد,0,standard,mixed
اوا جي مرحبا,1,dialectal,positive
تصبحن على خير,0,standard,positive
أجي بعدا فين غبرات واحد الحمى القلاعية شفت ما بقات هضرة عليها,1,dialectal,neutral
و كفى بالله وكيلا,0,standard,positive
الله يخليكم حددو مواقعكم باش يطلع ترند,0,standard,positive
امين يارب العالمين جزاك لله خير,0,standard,positive
سخون الحال,1,dialectal,neutral
فشردني وطني الحبيب الذي خاب ظني به,0,standard,negative
مابقينا فاهمين والو فهاد لبلاد,1,dialectal,negative
بالصحة والعافية,0,standard,positive
واش كاين ذل كثر من هذا,1,dialectal,negative
تقبل الله صيامكم وقيامكم وكل عام وانتم بخير,0,standard,positive
جزاك الله خير ورفع قدرك,0,standard,positive
ما أجمل أن يكون للمرء صديق يشاطره أسراره وهمومه وتفاصيل حياته يكون صدره الحنون الذي يفرغ عليه همومه وأحزانه,0,standard,positive
نهاركم مبروك يا أغلى الناس,1,dialectal,positive
اعيش في حنين,0,standard,positive
ان اقتربت أو ابتعدت فأنا قتيلة الشوق إليك فإني بدونك أغترب فكل مافيك أوطاني,0,standard,neutral
نصب و احتيال ردوا بالكم منهم,0,standard,negative
لم أعد بنفس القوة البدنية التي كنت عليها,0,standard,neutral
توقعات الأرصاد الجوية لطقس اليوم الخميس,0,standard,neutral
ان شاء الله في حياتك خويا و تنتمنى ليك نفس الشي و اكثر,1,dialectal,positive
آمين يا رب عيدكم مبارك سعيد تعيدو و تعاودو إن شاء الله,1,dialectal,positive
لذه الطعام المغربي الكسكس عشق المغاربة,0,standard,positive
ديها فراسك نتي,1,dialectal,negative
شركات ودول تتخلى عن بوينغ ماكس,0,standard,neutral
مرحبا صديق جديد على صفحة تويتر,0,standard,positive
كن من تكن فأنت من تراب,0,standard,neutral
إن شاء الله مايكون ع الخير الله كتب ليك رزقك ونهار غدى تزوجي غادي عريسك وخا يكون في شي غار,1,dialectal,positive
ما ضيع العالم إلا نظرة عيونها,0,standard,negative
المعتوه لا يضخ المليارات من الدولارات لصالح بلاده,0,standard,negative
وانت اعز صديقة فهاد الفضاء صريحة وواضحة,1,dialectal,positive
كلاسيكو اصبح بدون متعة,0,standard,negative
امين وجميع بلاد المسلمين,0,standard,positive
إني أحبك لو غلبني بها الصمت,0,standard,positive
التعدد تؤمنون ببعض و تكفرون ببعض,0,standard,negative
يقول احد اطباء النفس استقبلت جميع الحالات الا حافظ,0,standard,neutral
الزمالك المصري ينتظر رد الجامعة حول بوطيب,0,standard,neutral
ان شاء الله خير,0,standard,positive
الله يديم الناس اللي شوفتهم تفرحنا,0,standard,positive
تسلم يا الغالي اقصد بالجيل الثائر فكريا و ليس الذي تهمه مصلحته الشخصية و يباع و يشترى مشكلتنا نحن العرب مشكلة فكر قبل ان تكون اي شيء اخر تحياتي,0,standard,mixed
ذكي ما شاء الله,0,standard,positive
الحمد لله على كل حال ربي يدوم الصحة والعافية انشاء الله على الجميع,1,dialectal,positive
عالم لا يطاق و ألم لا يطاق,0,standard,negative
اذا ما كلمتك تعال كلمني,0,standard,neutral
لاباس عليك اختي الله يشافيك,1,dialectal,positive
الخبر المتداول الان عن موضوع الهجوم غير صحيح,0,standard,negative
انها فطرة الإنسان,0,standard,neutral
وجوه الويل,1,dialectal,negative
فيموت المريض على يد طبيب نجح بالغش و تنهار البيوت على يد مهندس نجح بالغش,0,standard,negative
الله يسقم سعدك,0,standard,negative
اللهم لا تحمل ابي هما ولا تر أمي حزنا,0,standard,positive
عايشين ومولاها ربي,1,dialectal,neutral
حراك الجزائريين رئيس الوزراء يعلن غضب الشعب,0,standard,negative
حتى لو استعمل ديبالا و هيجواين و ايكاردي الارجنتين وسط ميدانها ضعيف و اظهرة ضعيفة الهجوم ماشي هو كل شيء فرنسا تلعب لعب جماعي و الكل يساعد هجوما و دفاعا,1,dialectal,mixed
المحتجون يتوقون للتغيير ويضغطون لإبعاد الحرس القديم بالجزائر,0,standard,neutral
يسلمك ليا و يخليك ليا ابابا لعزبز,1,dialectal,positive
معرض الكتاب المستعمل بالبيضاء نفائس الأفكار بأزهد الأسعار,0,standard,neutral
داكشي لي درت,1,dialectal,neutral
أسعدك الله أختي الفاضلة فعلا تجربة تستحق النشر جزيت خيرا,0,standard,positive
صور لأطفال يعتقدون بأنهم نجحوا في الإختباء جميلة برائتهم,0,standard,positive
الدولة هي لا تستفيد بشكل مباشر من ثروات المغرب,0,standard,neutral
إله إ أنت سبحانك إني كنت من الظالمين,0,standard,neutral
اللهم ارحم من كانو يتشوقون لصوم رمضان وانتهى عمرهم قبل قدومه اللهم برد عليهم قبورهم وآنس وحشتهم,0,standard,positive
كن شجاعا في مواجهة الظلم ولا تستهدف هزيمة خصمك,0,standard,positive
عيونها أحلى وطن,0,standard,positive
السلطات المغربية المختصة تباشر في عملية ترحيل مغاربة من مناطق النزاع في,0,standard,neutral
جميلة إستمر,0,standard,positive
يكون خير اخاي شكرا,1,dialectal,positive
حبابي آش باب ليكم فهاد الستيل نبدي نديرو مرة مرة,1,dialectal,positive
صدق الله العظيم,0,standard,positive
الانسان يقع في الخطأ صبح مساء و العاقل من يتعلم,0,standard,mixed
جعل عيني لعينك في لقاها نصيب,0,standard,positive
اللهم صل على محمد وعلى آل محمد,0,standard,positive
آمين يارب واياكم,0,standard,neutral
الله يهديه يبقى معانا و يخلوه يخدم,1,dialectal,positive
إلى أصحاب الدرجات النارية من بعد حفظ الله تعالى الخودة سبب في منع الاضرار و الله خير حافظا,0,standard,neutral
هكذا نريد وسوى ذلك لا نريد,0,standard,neutral
وفد صيني يحل ضيفا على جامعة شعيب الدكالي,0,standard,neutral
غدا الحلقة الاولى من المرحلة الثانية من البرنامج,0,standard,neutral
كنت أظن أن أجمل الكلام قصيدة,0,standard,positive
لقد اسمعت لو ناديت حيا لكن لا حياة لمن تنادي,0,standard,negative
شكرا لتجاوبك,0,standard,positive
هذا السلوك الغريب على المجتمعات يدخل في اطار التفاخر الاجتماعي عبر مواقع التواصل بحيث أن تلك الفتاة تريد ان تعطي انطباع للاخر بأنها سعيدة وتعيش الرفاه الإجتماعي,0,standard,neutral
حصيلة حوادث السير في المدن خلال الأسبوع الماضي,0,standard,neutral
الله يحفظك وبارك فيك,0,standard,positive
منا الصورة و لكم التعليق,0,standard,neutral
اتركهم يتوهمون بما يشاؤون,0,standard,negative
الساعة المشؤومة اترت سلبا على كل الناس الصلاة العمل النوم,0,standard,negative
ربي يحفظك ياسين اخ عزيز و غالي,1,dialectal,positive
الى كانت الصور من واقع فهي جميلة ما شاء الله,0,standard,positive
اسيدي مسامحينك,1,dialectal,positive
الله يلعن امك يا فاسد,0,standard,negative
إقدر داك الشخص كان ناقص حنان لفقدان الأم ديالو من صغرو ولقاه في الزوجة داكشي علاش كيعاملها بلطف شديد او أنها يتيمة وكيحاول ميجرحهاش,1,dialectal,positive
آحسن اختي سومية فالعالم الله يخليك ليا ياربي,0,standard,positive
الله يوفقها ويسهل عليها غير قوليلها تبقى تمشي مع جماعة حيت بوحدها را صعيب لحال انا كون نلقى معامن نمشي فصباح منهزش الهم هادشي مغيحسش بيه شي واحد غير سامع,1,dialectal,positive
يكسرون فيك ألف خاطر ويقولون لك إنت متغير علينا,0,standard,negative
هناك أشخاص لاتعوض في حياتنا,0,standard,negative
الوضع الحالي للأسف الذي يعيشه أهل التعليم والتلامذة بالمغرب من تدهور وشتات,0,standard,negative
مساء الياسمين يا قمر,0,standard,positive
الحمد الله,0,standard,positive
يسعد صباحك اخي الفاضل,0,standard,positive
أنت حبي الأول لا حب يعادل حبك و لا ينبغي له أن يعادله خير الخلق رسول الله صلى الله عليه و سلم,0,standard,positive
الانقلاب معه الرصاص والنار والغاز والتعذيب والضرب والسجن,0,standard,negative
لا جديد قلبي ينبض ، شوق واللهفه تزيد,0,standard,mixed
جميلة للغاية يارجا,0,standard,positive
الخادمات الآسيويات في المغرب اغتصاب وترويع واحتجاز وتجويع,0,standard,negative
الكلام الحسن يصنع المحبة والود ويبطل كيد الشيطان,0,standard,positive
الله يهديه,1,dialectal,positive
أستنكر بشدة التصرفات الوحشية واللا إنسانية التى ظهرت فى تسجيل فيديو على الأنترنت في حادثة مراكش,0,standard,negative
الداخلية تمنع مقاولات غير مصنفة من مشاريع الجماعات الترابية,0,standard,neutral
كما قلت المتهم بريء حتى يتبت العكس لان البعض يكون مميزا في خلق البلبلة اما ان تبت صحة الخبر فحسبنا الله ونعم الوكيل,0,standard,neutral
آنت القادر على كل قوي اللهم قد طاال طغيانهم وشرهم عليناا فآرنا فيهم عجائب قدرتك اللهم اجعلهم يتمنون الموت ولاينالونه اللهم آطل في آعمارهم لكي يطول عذابهم ياا أرحم الراحمين أنقذناا من جحيم هذاا البلد,0,standard,negative
حبابي أغلى الناس شكون كيتسنا الجديد يبان هنا,1,dialectal,positive
خاصك تنشري هادشي راه شيق,1,dialectal,positive
أجمل البشر من يصنع فيك ابتسامة حين يعلم انك بحاجتها,0,standard,positive
وجوه الخير شكون توحشني أنا بعدا توحشتكم أحبكم ابن جرير,1,dialectal,positive
رغم كل هذا الجهد هناك من لا تهمه مصلحة الاخرين و يسعى لافشال المقاطعة,0,standard,negative
فليحفض الله قلبي والذي فيه يا آجمل الناس في عيني,0,standard,positive
ترحب بيك الجنة خويا لعزيز قريبا سازور مدينة الداخلة المبهرة الجمال,1,dialectal,positive
آيت ايدر لم أطلب العفو عن توفيق بوعشرين,0,standard,neutral
لقد سئمنا من النسخ والتكرارات,0,standard,negative
يتغير الوقت بسرعة,0,standard,neutral
نوركم الله بنوره,0,standard,positive
اذا مر يناير والليفر في الصدارة معناه اللقب قريب من اللقب,0,standard,negative
و تشابه الحب و الحرب في شيء واحد ، كلاهما يحتاجان رجالا,0,standard,neutral
تمضي الحياة و نمضي معها,0,standard,neutral
لا تستعجل قبل ما تحقق,0,standard,neutral
قافلة طبية جديدة للمناطق الجبلية,0,standard,neutral
معجبة بنفسي و ب بلدي و على صفحتي و ليست مسؤولة على عدم رؤيتك لما يراه غيرك و لا يهمني اصلا,0,standard,positive
يا مقلب القلوب ثبت قلبي على دينك,0,standard,positive
ماذهب جميل إلا وجاء أجمل فالحمد لله دوما وأبدا,0,standard,positive
سنة سعيدة ختي,1,dialectal,positive
قمة الذل و القهر,0,standard,negative
خوفا من المقاطعة موازين يجس نبض الشارع قبل موعده – اليوم,0,standard,neutral
اذا كنت لا تستطيع القيام بأشياء عظيمة إعمل أشياء صغيرة بمحبة عظيمة,0,standard,positive
لطالما قلنا بأنه لا يوجد حل بدون اتفاق,0,standard,neutral
تجديد النية مهم,0,standard,neutral
واجملهم من يصنع فيك ابتسامة حين يعلم آنك بحاجتها,0,standard,positive
بعكس انا اكن لك كل الاحترام والتقدير لشخصك,1,dialectal,positive
قريبا غادي نوريكم واحد الحاجة من شحال هادي وأنا خدام عليها وتحياتي ليكم كنبغيكم بزاف,1,dialectal,positive
اللهم ارحمه,0,standard,positive
آمين الله بحفضك,1,dialectal,positive
لا حشومة,1,dialectal,negative
حقق الله أمانيك,0,standard,positive
لا توجد دولة ااسلاميه حالها يفرح و السبب لا اعرف هو باين ف الحقيقة يعني باش يتغير حال هاد الامة خاصنا نهتمو بحالنا دينيا و دنيويا و بهاد الوتيرة اللي غادين بيها خاصنا قرون,1,dialectal,negative
تليفيزيون المستقبل صار سيء للغاية هدفه فقط انحطاط الأسرة,0,standard,negative
قمة الاخلاق,0,standard,positive
اعلام العار يكذب كالعادة لتشويه صورة الرئيس,0,standard,negative
مع احترامي للامازيغية الا انني ارى انها ستزيد الطين بلة لا اقل و لا اكثر منظومة التعليم بحاجة الى اعادة هيكلة و ليس زيادة رفسها,0,standard,negative
عرفتي والله حتى تدگدگت باقي ماوصلتش للدار لحد الان و خدامة غدا,1,dialectal,negative
انا لي عارفة صباح الخير,1,dialectal,positive
ااه غالب من يكتب ياليسرى خطه يكون حسن,1,dialectal,positive
للاسف الشديد لقد حاولت جاهدا واخا مربحناش و لكن المهم هو المشاركة,1,dialectal,negative
النقابات ترفض محاورة العمال والولاة بخصوص مطالب أساتذة التعاقد,0,standard,neutral
يجب تحرير مكة المكرمة من الاحتلال السعودي قبل تحرير المسجد الأقصى من الاحتلال الصهيوني,0,standard,negative
النفاق الاجتماعي بالنسبة ليا هو نسكت مانقول لا طابت لا تحرقات سينون الحاجة الى ماعجباتنيش غانقولها لي عجبو مرحبا لي ماعجبوش مرحبتين,1,dialectal,neutral
توكلنا على الله,0,standard,positive
ما عندي منزيد كلامك في الصميم,1,dialectal,positive
لعن الله البطالة و الحاجة و الفقر و طرف الخبز اللي كيذل بنادم هدا مكان,1,dialectal,mixed
اللهم آمين و جزاك,0,standard,positive
كان يوم اسود,0,standard,negative
كل شيء فاسد هنا حتى الأضاحي,0,standard,negative
صدقت الوالدين نعمة لا يحس بها الا من فقدهم و خاب من ادركهم ولم يفز برضاهم و رضا خالقه و قل رب ارحمهما كما ربياني صغيرا,0,standard,neutral
الشخص نفسو يقدر يبدل قناعتو من حالة لاخرى,1,dialectal,neutral
بكت عيوني لآلام الفراق,0,standard,negative
التفاهم و الاحترام وتقدير ما يقوم به كل طرف اساس الاستمرار,0,standard,positive
حنة الله يرحمها,0,standard,positive
هادي اهانة فحق القفطان,1,dialectal,negative
الله يكون في عون الفقير و الطبقه المتوسط سوف تنحدر اكثر و اكثر,0,standard,negative
سيبة الرعاة الرحل تيزنيت وسيدي إفني تقاسيان معاناة الاعتداءات,0,standard,negative
الله عليك,0,standard,positive
الاحزاب كلهم جربناهم و النتيجة خفي حنين اجي علاش اللي ما نجربو حكومة د النساء خالصة غ يقول ليك لا يفلح قوم تولت امرهم امرأة نقولو ليهم حنا اصلا واخدين من الدين غ السمية واش بان ليك,1,dialectal,mixed
يا ، يلغي حضور الجميع أحيانا,0,standard,negative
يوجد لك الخير و البركة شكرا لمتنياتك الكريمة نوني,0,standard,positive
ماكاينش معامن ماكاينش,1,dialectal,neutral
تماما من دون مجاملات و لا مصالح,0,standard,positive
يوما ما ستفتهم جيدٱ آن الدنيا تدور ثم تعود وتقف عندك ل تفعل بك مافعلته بغيرك تذكر ذلك جيدا يامن يؤلم غيرك وتمضي وكآنك لم تفعل شيئا,0,standard,neutral
شكرا جزيلا أستاذ,0,standard,positive
شرح معقول و منطقي راك فرحان,1,dialectal,positive
شكرا خديجة,0,standard,positive
عندكم فريق جيد,0,standard,positive
الله يعز الحكام,1,dialectal,positive
إن التطرف والإرهاب لا دين لهما بل يعكسان ايديولوجية أشخاص يريدون نشر الفتنة والخراب في العالم هذه مجزرة شنيعة ضد مسلمين أبرياء لا يمكن تبريرها أبدا,0,standard,negative
تفاهم يجمع بنك المغرب وسلطة دبي للخدمات,0,standard,neutral
جميل الطريقة الوحيدة للتعامل مع مجتمعك,0,standard,positive
عيب عيب,0,standard,negative
رد الزياره علينا ياحلو الأطباع,0,standard,positive
من العبث أن تأخذ رأيه في كتاب دون أدنى مجهود لشرحه له,0,standard,negative
لاشغل لاكرامة إنه الإحتقاروالتشريد القسري,0,standard,negative
التعاقد ولغات التدريس يؤجلان الحسم في القانون الإطار للتعليم,0,standard,neutral
اصبحنا المجتمع التافه للاسف الشديد,0,standard,negative
هذا هو التعاون العربي الحقيقي,0,standard,neutral
عسى عيونك ماتشوف النكاده,0,standard,positive
الله يهديهم ممربيينش الجنس الناقص معرفتش فاين كابر احساب ليه كلشي فحالوا هاد النوع ولا كثير ومعروف فحال الدرهم,1,dialectal,negative
انت البعيد اللي ماغاب لحظه عن البال,0,standard,positive
الشرف كل الشرف لي بصداقتك,0,standard,positive
وكاين اللي غادي يعطيك باش يبقا يعايرك بها قدام عباد الله,1,dialectal,negative
أكاديميون وباحثون يتدارسون إشكالية الاندماج المغاربي في الدار البيضاء,0,standard,neutral
تستاهلي,1,dialectal,positive
العائلة الملكية البريطانية في ضيافة العائلة الملكية المغربية,0,standard,neutral
اذا كانت الانطوائية و الغموض تمثل كل هذا فمرحبا بها,0,standard,neutral
صح عيدكم تقبل الله منا ومنكم,0,standard,positive
لدي رغبة عارمة في الانتقام لو جاءتني الفرصة سأكون اكثر شراسة منهم,0,standard,negative
الصحراء في مغربها و المغرب في صحرائه انتهى الكلام يا بوزباليو مرتزقة,1,dialectal,negative
صافي فقدت الامل,1,dialectal,negative
الحمد لله كاين ناس زوينين كايبغيوني كنبغيكم بزاف والقادة أحلى حبابي,1,dialectal,positive
إذا شعر الرجل بعدم الرضا و التقدير و الحب منك، فإنه يتحول إلى آي طريق آخر يبحث عن السعادة في مكان آخر، فقد يدفن نفسه في العمل، آو يركز على ممارسة الرياضة، أو آلعاب الكمبيوتر ليشغل بها وقته و بعض الرجال يبحث عن شريكة آخرى,0,standard,negative
هل يموت الدين في مختلف أنحاء العالم,0,standard,neutral
لا يعاب المرء على فقره ولا قبح شكله فليس له في ذلك حول ولا قوة,0,standard,neutral
في ذاك المقام اجمعين ان شاء الله,0,standard,positive
نهارك مبروك,0,standard,positive
من يراقب السعودية حبا يعيش فخرا,0,standard,positive
آمييين و الله يديمها نعمة,0,standard,positive
وهل كل من يتجراء على التحدث على المغرب يستمعوا له حفظ الله المغرب,0,standard,neutral
يابعيد صرت في وصله قريب,0,standard,mixed
مبارك للجميع,0,standard,positive
رغم دلك متمسكون بعقيدتنا الله يهدي ما خلق,1,dialectal,positive
العثور على جثة متحللة لعامل ضواحي اشتوكة,0,standard,negative
جلدة تنتظر سيدات في مظاهرات السودان,0,standard,neutral
ليست من طباع المغربي,0,standard,neutral
احسنت كل عليه وله,0,standard,positive
لا تندم على الماضي، تعلم منه وتجاوزه,0,standard,positive
حنا مالين الخير نجمعو الناس على الخير,1,dialectal,positive
وزارة التربية تراهن على الارتقاء ب أطر الأكاديمية,0,standard,neutral
اكيد طبعا,0,standard,positive
دائما هناك نهاية للايام الجميلة للأسف,0,standard,mixed
تصبحون على حب,0,standard,positive
غزالة سوس,0,standard,positive
وترى حتى بالبعد الدي يحب يبقى يحب,0,standard,positive
أول تواصل رسمي بيننا,0,standard,neutral
لا صراحة يمكن جيت لدنيا بعد هاد الجيل,1,dialectal,neutral
راه الإختلاف على حاجة تافهة شخصيا كيعجبني يختلف معايا في الرأي بنادم باش ناقشوا ماشي باش نقلبوها سبان و من بعد بلوك,1,dialectal,mixed
الله يكبر بيك ا الحاج,1,dialectal,positive
مرات عدة نعطيه و قت حتى يسالي,1,dialectal,neutral
كوفي عنان الله يرحموا مسكين,1,dialectal,positive
حامض,1,dialectal,negative
الله ياخذ الحق ف اللي كان حيلة و سباب,1,dialectal,negative
ليس لديكم شيء يجعلني احقد عليكم,0,standard,neutral
الثقافة بالكتب,0,standard,neutral
نصيحة الدهر كونوا اصدقاء صالحين لا تعمروا الحزن بقلب أحد,0,standard,positive
الليلة سعيدة على الجميع,0,standard,positive
لو اقضي ليلي معك ما اشبعك,0,standard,negative
اي وحدة تتفكر بحال هكذا,1,dialectal,neutral
الله يعطيك طول العمر,1,dialectal,positive
فطور شهي وصيام مقبول,0,standard,positive
حافظ على كرامتك حتى لو كلفك الأمر أن تصبح صديقا لجدران غرفتك,0,standard,positive
تصبحون على الف خير,0,standard,positive
نهارك مبروك ياعقيد,0,standard,positive
والسعودية اللي هي دولة إسلامية صوتات على أمريكا,1,dialectal,neutral
كذبة حقيرة,0,standard,negative
القناعة كنز,0,standard,positive
اللهم صل وسلم وبارك على سيدنا وحبيبنا محمد​​​​ وعلى آله وصحبه اجمعين,0,standard,positive
المسامح كريم خويا الله يتجاوز علينا جميعا,1,dialectal,positive
نحن في زمن الثبات فيه على الحق احر من الجمر,0,standard,negative
غيرك بالدنيا كثير ما مثلك بالدنيا مثيل,0,standard,positive
اسبانبا ضيف شرف النسخة لمعرض الكتاب و النشر,0,standard,neutral
صباح الخير أيها العالم,0,standard,positive
الله يكون ف العون غير حاولي راك زوينة خارجيا و داخليا,1,dialectal,positive
ارجوك اعطيني اسم هذا الشخص للبحث على مقاطع فيديوهاته في اليوتوب وشكرا,0,standard,positive
تذكير بسيط,0,standard,neutral
الله يديم سعادتك يا رب,0,standard,positive
لم يحدث هذا كذب و افتراء,0,standard,negative
الله يفرحك اسي جواد,1,dialectal,positive
صحيح اعدوا لهم ما استطعتم من قوة لكن ليس من قوتهم و اسلحتهم التي صنعوها ويعرفوا خباياها والتي لن تستخدم ضدهم لانهم هم من سيستخدمونها او سيعلمون من سيستخدمها,0,standard,positive
اهلا اهلا اهلا اهلا ساعة سعيدة هادي,1,dialectal,positive
ما انت الا ابن شارعوالدليل نصك الوضيع,0,standard,negative
بنادم معندوش الوجه,1,dialectal,negative
حاملة المروحيات مسترال الفرنسية ترسو بأكادير,0,standard,neutral
الله أحسن لعوان كنقدر الظرفية مهم راه قرارك صحيح,1,dialectal,positive
جل المغاربة اصبحوا ضد قطر,0,standard,negative
هذا المؤتمر ما هو إلا بداية مسار طويل,0,standard,neutral
و نعم بالله العلي القدير غاليتي,0,standard,positive
كلام من ذهب وقمة الاعتدال,0,standard,positive
أكيد دابا وصلنا النقطة المشتركة نشكركم سيدي,0,standard,positive
العفو اخونا الفاضل,0,standard,positive
أوروس الفارهة تخطف الأنظار بمعرض جنيف,0,standard,neutral
أنرت بحروفك يا شمعة صفحتي وحياتي أحبك في الله,0,standard,positive
الشعب بجميع فئاته مغتصب من طرف المخزن,0,standard,negative
لا بلاش يالله قلتي ضريفة خليني ضريفة,1,dialectal,positive
المملكة المغربية بلد عريق,0,standard,positive
إثارة وأية إثارة,0,standard,positive
من الخطئ ان نحكم على شخص بمجرد قراءة العنوان بدون ان نتطرق الى محتوى الموضوع,0,standard,negative
قد نتشابه بالألوان ولكن نختلف بالنوايا ولكل منا ما نوى,0,standard,neutral
احذر أن تظلم الضعفاء فيظلمك من هو أقوى منك,0,standard,mixed
اللهم إنك عفو تحب العفو فاعف عنا,0,standard,positive
أبحاث قضائية تنتظر المغاربة المرحلين من سوريا,0,standard,neutral
صباحك جميل بإذن الله,0,standard,positive
لأننا نتحمل يعتقدون أننا لا نشعر,0,standard,negative
لي كتبغيه لراسك بغيه لغيرك,1,dialectal,positive
آقوى وآعمق إحساس,0,standard,positive
و ييه اللي ما جلس حدا هادوك الشياب و تعلم منهم راه ضايع,1,dialectal,neutral
ايييه الايام انا نهار شديت البكالوريا ذبحنا بقرة كلنا و شربنا و القبيلة كاملة كلات و شربت الفرحة و النشاط و شي ما شاط فينك آ الايام الله يهدي شي مرضي الوالدين يحيي لنا هاد الذكرى التلاميذ اللي حصلو على البكالوريا نبارك لكم واللي ماتوفق الله يسر لكم مستقبلا,1,dialectal,positive
وتنحتون من الجبال بيوتا فارهين,0,standard,neutral
و الله العضيم كيفاش تحملتو هاد القهرة,0,standard,negative
توضيحات حول تغير طعم الماء الصالح للشرب,0,standard,neutral
من يريدك لن يعيقه شيء، ثق بذلك,0,standard,positive
يا له من تحكيم ظالم,0,standard,negative
كل من هناك همه مصلحته و ان كانت على حساب الوطن و ابناءه شردمة من الناهبين,0,standard,negative
إلى الذين لا يطيقون صيام العشر أكثروا من الشكر حين تأكلون وتشربون قال «إن للطاعم الشاكر من الأجر ، مثل ما للصائم الصابر» الألباني صحيح الجامع,0,standard,neutral
الله يعطيك العافية,0,standard,positive
من اجمل ماقرأت و رأيت ربي يحفظك يابنت الاكرمين,0,standard,positive
مصرع شخصا في تحطم طائرة إثيوبية,0,standard,negative
الله ياخد الحق ف اللي كان حيلة و سباب ف هاد التفرقة,1,dialectal,negative
الحمد والشكر لك يارب على فضلك واحسانك اللهم تمم اللهم تمم,0,standard,positive
عليه افضل الصلاة وازكى السلام,0,standard,positive
واو شكرا للمعلومة لم نكن نعرفها,0,standard,positive
سلامتك,0,standard,positive
مباراة الحسنية والرجاء اظنها كانت مباراة جميلة وممتعة وجماهيرية,0,standard,positive
ما يقال ضحك على الذقون و استهزاء,0,standard,negative
صح كلامك,0,standard,positive
كل شيء ساكن,0,standard,neutral
اااه و جات عليها,1,dialectal,positive
فندق في بالصين على هيئة ثلاثة تماثيل ترمز إلى ثلاثة آلهة صينية لحماية زوار الفندق من الأرواح الشريرة,0,standard,neutral
وأنت ربي يعطيك ويرضى عليك يارب يارب,0,standard,positive
شخصية فاشلة,0,standard,negative
هناك قلوب في قمة الجرح تداوي و في قمة الضعف تقوي و في قمة الحاجة تعطي ما اسعدنا بهذه القلوب,0,standard,positive
المعلق دار ليا لقوق فراس,1,dialectal,negative
صباح الانوار صديقي العزيز,0,standard,positive
دراسة رابع أكثر الأعوام دفئا على الأرض,0,standard,neutral
المادة ديال الدستور مافيهاش إمكانية التفويض,1,dialectal,neutral
المكان اللي تيعجبني,1,dialectal,positive
دائما الباب مفتوح ف وجهكم,0,standard,positive
صحيح أن المياه تعود لمجاريها في معظم الأحيان لكنها لا تعود دائما صالحه للشرب بالمختصر لا تجرح أحد وتقول حصل خير,0,standard,mixed
الحمد لله الأب ديالي بخير كنشكر أي واحد صيفط ليا,1,dialectal,positive
لدي مشكلة جهاز بي أن اسبورت,0,standard,neutral
ليس لانها انثى هي ملاك و لكن هناك منهن من يستحقن ذلك ضعي موضوعا آخر انصفي فيه الرجل,0,standard,neutral
تسلم روحك الطيبة فادي الهي يسعدك دنيا و اخرة,0,standard,positive
ان شاء الله,0,standard,positive
بصحتكم,1,dialectal,positive
الوحدة هي أن تتحدث مع ذبابة,0,standard,neutral
نعشق الخيال لأنه يأتي كما نحب,0,standard,positive
حديثهم شيء وحقيقتهم شيء آخر,0,standard,neutral
يا رب في هذه الجمعة اكتب لنا أياما مقبلة جميلة واسعدنا بتفاصيلها واغمرنا بخيرك الذي لا يفنى,0,standard,positive
هذه الفتاة القاصر هي أم المستقبل فكيف لها أن تربي أجيالا متعلمة وقادرة على مواجهة تحديات المستقبل وهي نفسها تفتقد لمقومات التربية,0,standard,negative
عادي أغلب العلماء الصوفيون المغاربة عاشو و ماتو بمصر,0,standard,neutral
اووك نتمنى يعجبك فيلمي لاني معجبة بييه بزااف,1,dialectal,positive
يتمم ليك الخير و لهنا خويا فادي,1,dialectal,positive
أغلب الأسر تصر على أن يكون أبناؤها متميزين وعباقرة ومشكلة هذه الأسر لا تقبل ان صفة العناد,0,standard,negative
الصمت أفضل من إي كلام,0,standard,neutral
ما عدت أعرف أين تهدأ رحلتي,0,standard,neutral
مجرد كلام اجوف كفانا خداعا للشعب,0,standard,negative
مفهوم الشرف والعار يسيطر على مفهوم الثقة في مجالات واسعة من الحياة العربية العرب مورست عليهم العنصرية، ومع هذا فقد شعرت عميقا أنهم يمارسونها ضد بعضهم البعض,0,standard,negative
كل سنة وانتي طيبة و بألف خير و بركة,0,standard,positive
حب متبادل,0,standard,positive
بعض الكلام طعون يجرح مسامعنا متى نحب بدون تنزل مدامعنا,0,standard,negative
بالفعل الحزن درجات ارى ان اصعبهاهي الصدمة التي تسبب الجمود,0,standard,negative
أدين بكل قوة العنف بكافة أشكاله وصوره ضد كل إنسان أيا كانت عقيدته أو انتماؤه قوتنا هي الحق وسلميتنا هي السبيل,0,standard,negative
في النهاية هي معركتك وحدك إن ساعدوك خير وبركة إن لم تجدهم حولك فهذا هو الطبيعي,0,standard,neutral
أول تعليق لزيدان بعد عودته لقيادة ريال مدريد,0,standard,neutral
الله يعفو,1,dialectal,positive
أستغفر الله العظيم الذي لا اله الا هو الحي القيوم و اتوب اليه عدد خلقه و رضا نفسه و زنة عرشه و مداد كلماته,0,standard,positive
ياك بعدا اوا الحمد لله بالشفا ان شاء الله,1,dialectal,positive
من حسن ظنك الله يرفع قدرك,0,standard,positive
صدقت اخي محمد بارك الله فيك وكثر من امثالك,0,standard,positive
باشمن حق كاتپارطاجيو تصاور و هوية هاداك الشخص اي واحد كايبارطاجي هاداكشي يعرف راسو مريض و ماكاين تا فرق بينو و بين هادوك لي قطعو الريوس غير كلا واحد و كيفاش كايظهر المرض ديالو واااااااااا دخلو سوق روسكم ا عباد الله واك واك كلا يديها فراسو,1,dialectal,negative
لا تقحمونا في سياستكم القذرة,0,standard,negative
الشعب الجزائري يؤكد أنه شعب الرجال و هبط للشارع,0,standard,positive
نسأل الله ان يغفر له و ان يرحمه و ان يثبته عند السؤال و ان يرزق اهله الصبر و السلوان ان لله وانا اليه راجعون,0,standard,positive
كلها ي ديال المغرب الحبيب,1,dialectal,positive
شكرا لكل من شارك ، أمتعتوني بذوقكم,0,standard,positive
التوقيت صيفي ولا شتوي,0,standard,neutral
حضارات ما قبل التاريخ او العصر الحجري هي حضارات بدائية تعرف بالأدوات التي استعملها الانسان القديم,0,standard,neutral
اليوم أصبحت كهلا,0,standard,neutral
ولو اخر قصيدي بيت كتبته حب في عيونك,0,standard,positive
هذا ما قررته المحكمة الابتدائية بمراكش,0,standard,neutral
الأساتذة المتعاقدون يرفضون عرض الحكومة ويقررون تمديد إضرابهم أسبوعا آخر,0,standard,neutral
كم أنت عظيم إذا كانت الصلاة همك الأول,0,standard,positive
يسعد الصباح,0,standard,positive
ملقيت منقول من غير آمين,1,dialectal,neutral
لاباس على قلبك حبيبة ديالي للي بغيتو يتخلع كاع ما تيتخلع جن زرق بسم اللة الرحمن الرحيم,1,dialectal,positive
فكروني عافاكم علاش انا هنا اش باقة كاندير فهاد تويتر,1,dialectal,neutral
بسمة أمك فالحياة لاتزال جميلة,0,standard,positive
يامسؤولي المغرب لماذا هذا الحقد الاسود والقسوة المفرطة إنه إعدام مع وقف التنفيذ,0,standard,negative
روعة,0,standard,positive
لم يترك نقيصة الا وعملها,0,standard,negative
الصدق والإهتمام يكفيان الأنثى,0,standard,positive
ما كل عذر يرد النفس لا طابت,0,standard,negative
لحضات لقائي ب زوجي بعد سنة ونصف سنعيش تحت سقف واحد,1,dialectal,positive
قمة الوقاحة أن تسخر من شخص ليضحك الجميع ويحزن هو,0,standard,negative
وجوه الخير ناس ديال مراكش موعدنا ليوما مع فدار الثقافة الداوديات بمراكش جيو بزاف كنبغيكم,1,dialectal,positive
تماما بعض المرات كثرة الهرج و المرج لا تفيد,1,dialectal,negative
كن صديقا للقليل ولطيفا مع الجميع,0,standard,positive
دائما الغيوم واشكالها تشعرنا بروح الجمال,0,standard,positive
حقائق جديدة عن الحقول المغناطيسية للأرض,0,standard,neutral
وبعض الشوارع أنظف من العابرين فيها للأسف,0,standard,negative
صباح الخير لباس عليكم,1,dialectal,positive
حتى حاجة ماصعيبة تعلم اش تتسنىبالتوفيق,1,dialectal,positive
لا المجرم خاص تبقى تعذبو شوية بشوية,1,dialectal,negative
يتجدد الإنسان كلما مر بتجربة لم يكن قاصدا الذهاب إليها,0,standard,neutral
الشكر لك ربيعة مع كامل الإحترام والتقدير ونعتذر على التأخر في الرد,0,standard,positive
خاص اللي يقولها ليه,1,dialectal,neutral
العفو اخويا العزبز,1,dialectal,positive
جميلة و تعبير رائع,0,standard,positive
مع من تحب ، تجد في أبسط الأشياء فرحا,0,standard,positive
اتمنى الشفاء لكل مرضى السرطان وان يحفظ الجميع من هذا المرض يارب,0,standard,positive
الوضع لا يبشر,0,standard,negative
رحمها الله و جعل الجنة مثواها و جميع موتى المسلمين,0,standard,positive
الله ياخد الحق و يشافيهم,1,dialectal,positive
ارحمونا حرام عليكم,0,standard,negative
من أحسن الحوايج لي كيعجبوني بزاف فالصويرة هي الألوان المتناسقة,1,dialectal,positive
مكنهضرش معاه غير كيعجبني نبين للجاهل المدعي لشيء انه لايفقه شيء فيما يدعي,1,dialectal,negative
يارب منا الدعاء واليك الإجابة,0,standard,positive
بلغ عدد الحجاج المغاربة أي ما يقارب مليار صحيح أن الحج من اركان الاسلام لكن ماذا لو تم انفاق كل هذا المبلغ في الاوارش العمومية جامعات ومستشفيات وطرق ومحاربة الفقر، اليس ذلك ارحم قال رسول الله صلى الله عليه وسلم ارحموا من في الأرض يرحمكم من في السماء,0,standard,neutral
تألمت كثير حتى اصبحت بهذا البرود القاسي,0,standard,negative
ماذا لو كانت بداية الدخول المدرسي على هذا الشكل,0,standard,neutral
مرت مريم بنت عمران بموقف عصيب، و مع ذلك قيل لها كلي و اشربي و قري عينا عش حياتك و لا ترهق نفسك بالتفكير فالله عنده حسن التدبير,0,standard,positive
على فكرة نسيت ان اواسيك في خروج المانشافت من العرس الكروي هاردلك مستقبلا,0,standard,positive
إن الذين ءامنوا وعملوا الصالحات إنا لا نضيع أجر من أحسن عملا,0,standard,neutral
بصح,1,dialectal,positive
انه الجهل و الفراغ للاسف فهما سلاحين ضارين لابعد حد,0,standard,negative
أجمل من أنسام الصباح ملامح من حسنها تفتح النفس,0,standard,positive
الحكومة تتمسك بالتوظيف الجهوي وتطمئن بشأن حقوق التلاميذ,0,standard,neutral
أنا لا أعطي أهمية كبيرة لذلك الشيء الذي يسمى الأكل,0,standard,neutral
الله يخزيك,0,standard,negative
ومن اين ياتي الربيع بالورود التي ينشرها,0,standard,neutral
قرعة مباريات ربع ونصف النهائي,0,standard,neutral
زعما ما بغاوش هاد الزوايا و الاضرحة تنقرض و تندثر يعني غ يبقاو محافظين عليها من الزوال,1,dialectal,positive
وفي بسمتك تجتمع تفاصيل الجمال,0,standard,positive
التفاهة تقودك إلى أكبر تافه,0,standard,negative
هناك اشياء بداخلنا لا تتغير مهما فعلنا,1,dialectal,positive
أحبك بين قلبي و بين حالي وتفز لشوفتك عيني الثقيله,0,standard,positive
التعرف عن كثب على الثقافة الكويتية,0,standard,neutral
الله ينعل بوها حالة وصلتو ليها,0,standard,negative
سيندمون و سيتمنو ريحة تراب وطنهم و لن يجدوها,0,standard,negative
لم اقصدك اخي كلامك صحيح و انا وضحت اكثر,0,standard,positive
اللهم إني قد سامحت كل من أساء إلي ابتغاء وجهك الكريم وطمعا في رحمتك وعفوك اللهم فاشهد,0,standard,positive
اللهم رحمتك,0,standard,positive
حسبي الله ونعم الوكيل فيكم,0,standard,negative
صراحة يظهر فشل اردوغان اقتصاديا,0,standard,negative
مؤلم والله مؤلم جدا,0,standard,negative
هدا يدل على نبل و لطف و اخلاق عالية من المعتذر نيابة عن النذل المنحط الذي اساء لي دون وجه حق,0,standard,mixed
اتشرف بمتابعتك لي وبالتاكيد احب ان اتابع حساب لشخص رائع وراقي مثلك,0,standard,positive
النساء تحب السيطرة,0,standard,negative
المحبة من الله وانتي اقرب مثال,0,standard,positive
و الله يا ابا سفيان لا احد فيهم يستحق سلامك تبا لجحافيلهم جميعا,0,standard,negative
فعلا صدقت لا انتظار بعد اليوم,0,standard,positive
في جمال عيونك اعذرني ان طولت النظر,0,standard,positive
الحمد لله بيخير,0,standard,positive
ذات يوم قريب جدا ستقول مبتسما إن الله جبر قلبي جبرا لم أكن أحلم به أبدا,0,standard,positive
سؤال اليوم ماهي خصائص محطة نور ورزازات,0,standard,neutral
مبرووك و بالتوفيق مستقبلا,0,standard,positive
عندما تلتقي معاني الفخامه وسمو الأخلاق والعطاء نجدها في مغرد حروفه من ذهب مسائكم العطاء والخير,0,standard,positive
انت الان خلطت بين الامور انا قلت باللي الاسماء هي اللي اجنبية اما الدين فهو واحد منذ بعث الله آدم و لن ادعي بانه اجنبي اذا اصر كل منا على موقفه لن نصل الى نقطة تفاهم عندي سؤال اختي الكريمة لماذا لا يقبلون في الحالة المدنية ان نسمي ا,0,standard,neutral
ممثلة تقدم مشاهد خليعة يستضيفها رجل دين يكرمها,0,standard,negative
تطور الامارات لا مثيل له,0,standard,positive
فكرة واعرة,1,dialectal,positive
تعجبني مصاحبة الناس البسيطة,0,standard,positive
سترضي مع الوقت,0,standard,positive
الكلمة الطيبة الجسر الرقيق الذي يصل بين قلوب الناس,0,standard,positive
اجرح شخصا بالصدق لكن لا تسعده أبدا بالكذب,0,standard,neutral
الله يسر تجارتك,0,standard,positive
اننا نعيش في زمن بلا رحمة,0,standard,negative
أنا كل ما نويت أنسى ليك ذكرى ترجعني,1,dialectal,neutral
نعم,0,standard,positive
والله آلالة الحادكة دائما مكتخليلي منقول,1,dialectal,positive
يا قلبي داىم تكرمني بحسن ظنك الله يسعدك في دارين,0,standard,positive
تأثير الغرب مبين على العرب المجانين المتخلفين,0,standard,negative
عندك الحق وخير دليل اليوفي والباييرن الكورة غدارة اليوم,1,dialectal,positive
ربي يبارك فيك اول رد ايجابي محفز,0,standard,positive
امين و اياك يا الفرتوتة ديالي,1,dialectal,positive
كل وجه غير وجهك ماله بعيني قبول,0,standard,negative
امنح كل يوم الفرصة، لأن يكون أجمل أيام حياتك,0,standard,positive
حتى هذه اللحظة امنيتك ذاهبة للتحقق,0,standard,positive
الله ينعل كرواتيا و ابو كرواتيا أصبحت أكره هذا البلد حكومة و شعبا,0,standard,negative
العثماني غير مسخر هداك قرار سيادي,1,dialectal,mixed
بنسالم حميش يمسح مساحيق العولمة ويضع أعطابها أمام المرآة,0,standard,neutral
حناجر المتعاقدين وأساتذة الزنزانة تصدح بمطالب الإدماج والترقية,0,standard,neutral
شامخ في مشيتك مثل الخيول راقي وكأن السحاب تشيلك واثق ماهمك قول حاسد أو عذول يتعبووون يلقووون شي يعيبك,0,standard,positive
تماما امين و ان يبعد عنا البخل و الكسل,0,standard,positive
سلاما على من أحبنا بعيوبنا قبل محاسننا,0,standard,positive
الحاجة اللي فيها افادة و غ يستافد منها الغير فلا بأس بذلك,1,dialectal,positive
راقت لي,0,standard,positive
مانقدرش,1,dialectal,neutral
و نعم التضحية,0,standard,positive
تقبل الله منا ومنكم,0,standard,positive
هذه الاحداث من شأنها إدخال البلاد فى فوضى وفتنة طائفية,0,standard,negative
الصراحة مادايراهاش ف البال و مانعرف تاني,1,dialectal,neutral
حياك الله و حيا اصلك و حفظ بلدك,0,standard,positive
نهاية المباراة بفوز الترجي مبروك الترجي فاز اداءا ونتيجة,0,standard,positive
اللهم لا تدع لناذنبا إلا غفرته ولا هما إلا فرجته,0,standard,positive
الوداد بمقدورها تجتاز سطيف الا عرفوا كيفاش الرجاء و بركان مبارياتهم سهلة بمقارنة التشكليتين,1,dialectal,neutral
ظهر الفساد في البر و البحر الله يلطف بنا,1,dialectal,negative
ايه التواضع دا,1,dialectal,positive
بنعطيه اساسي,0,standard,neutral
في داخل الحلبة كما في خارجها لا عيب في أن تسقط أرضا بل العيب في أن تبقى على الأرض,0,standard,neutral
القاتل الصامت يسلب طبيبا حياته في شفشاون,0,standard,negative
عندنا كيصرفوا ميزانية بقيمة مليون باش يشتروا الاضحية لانفسهم و هناك من لم يجد حتى عشاء ليلة وطن مليء بالخونة,1,dialectal,negative
اثناء زيارتي لمدينتي,0,standard,neutral
الانترنت أعظم اختراع بشري,0,standard,positive
عصابة بنكيران,0,standard,negative
إذا نطق السفيه,0,standard,negative
فلوس حرام,1,dialectal,negative
تبدل نظرتي للحياة,1,dialectal,neutral
طريق التوبة مفتوح و اتمنى ان تعفو عنها بلدها و ان يسامحوها اهلها افضل ما تبقى بين مخالب الملحدين و المشركين اللهم ارزقنا الهدى والتقى والعفاف,0,standard,positive
يارب قد طال انتظاري فبشرني بما انتظره منك عاجلا غير آجل إنك على كل شي قدير بجاهي النبي محمد عليه الصلاة والسلام,0,standard,neutral
ذاكرتي الملعونة,0,standard,negative
قال ابن مسعود لا تعادوا نعم الله عزوجل قيل ومن يعادي نعم الله قال الذين يحسدون الناس على ما آتاهم الله من فضله,0,standard,neutral
امين عقبلة لعندك غاليتي,1,dialectal,positive
صورة معبرة للوضع الآن في مصر,0,standard,neutral
أوجار يلتقي مسؤولين لمكافحة الجريمة السيبرانية,0,standard,neutral
إذا أراد أحد أن يكون مهما فعليه أن يحترم ظله,0,standard,neutral
المحامي الفاشل الكذاب,0,standard,negative
الله احفظك الولد الخير,0,standard,positive
في هذه اليومين افتقدت لاجواء موسم الطاعات أحس بفراغ داخلي حتى المساجد لم تعد بتلك الضجة كما في السابق,0,standard,negative
تعازينا الخالصة لتونس الشقيقة انا لله وانا اليه راجعون شاب تونسي قضو غرقا في البحر الحزن يخيم على ⁧تونس⁩ بمصابهم الجلل مصابكم مصابنا عظم الله اجركم نسأل الله لهم في هذا الشهر الفضيل الرحمة وان يسكنهم فسيح جناته نتقدم بخالص العزاء للشعب التونسي,0,standard,negative
انا قديمة و باقي كانتصدم و نتخلع ملي كانسمع هادشي,1,dialectal,negative
اخيرا غنعس مرتاح بعد سنوات طويلة من الصبر,1,dialectal,positive
لو تخطي الف مره ماتركتك للغريب,0,standard,positive
تقرير دولي يصنف ضمن الدول الأقل تسامحا مع مثليي الجنس,0,standard,neutral
عندك حق أغلبية الأفلام المقتبسة من قصص حقيقية لها نكهة خاصة,0,standard,positive
الجميله تتوفر على إرث ثقافي وفكري بارز يصفها سكانها بالمدينة الحصينة,0,standard,positive
رسالة تختصر ألف شعور,0,standard,positive
اختي سومية اشتقتلك كثير,0,standard,positive
و يا ليته لم يفعل لكن انها الاوامر,0,standard,negative
البطولة ان شاء الله,0,standard,positive
مبروك العيد لجميع الإخوة و الأخوات إنشاء الله بالأفراح و والمسرات ؤ باش ما تمنيتو يارب,1,dialectal,positive
لا اله الا الله,0,standard,neutral
اللهم زد بحياتي الأشخاص الطموحين الناجحين رغم كل الظروف الأشخاص اللي أستمد قوتي من قوتهم وصبرهم,0,standard,positive
كل مافينا يمرض عندما تمرض أرواحنا,0,standard,neutral
الحب عندما يكون رزينا، يصير شبيها بالواجب,0,standard,neutral
بدأت رائحة الحج تفوح في الأفق وبدأت بلاد الحرمين في إستقبال وفود الرحمن اللهم أكتب لنا حج بيتك ولكل مسلم مشتاق,0,standard,positive
كرسي الرئاسة رأفة بهذا الرجل والله حشومة عليهم,0,standard,negative
تصبحون على الف خير ان شاء الله من المغرب,0,standard,positive
عجبتني اخر جملة,0,standard,positive
الحقيقه الموجعه أفضل ألف مره من الوهم الجميل,0,standard,mixed
من أراد جمالا فالأخلاق تكفيه,0,standard,positive
بعتو الدين بعرض الدنيا نوض تشلل,1,dialectal,negative
فيما مشيتو مرونينها,1,dialectal,negative
آت وان طال الامد,0,standard,positive
اللحظة تاريخية أول انتصار للمنتخب المغربي على المنتخب الكاميروني,0,standard,positive
مساءك راقي ك رقي مرويك,1,dialectal,positive
مساء السعادة والفرح اسعد الله آيامك وفرح قلبك,0,standard,positive
سعيد بمروركم,0,standard,positive
انا كثر منك اختي والله,0,standard,neutral
انتم السابقون و نحن اللاحقون و لا حول و لا قوة الا بالله,0,standard,positive
مسافر يوناني ينجو من تحطم الطائرة الإثيوبية,0,standard,positive
جمال ورقى,0,standard,positive
أنا مغربي و منسمحش ليك تنقص من دولة ضحات بمليون و نصف المليون شهيد من ولادها في سبيل الاستقلال,0,standard,negative
الوقت ينفد من قطر,0,standard,neutral
الرجال قوامون على النساء,0,standard,neutral
الله يصلحها,0,standard,positive
الله يحفظكم من شر ما خلق اصافي,0,standard,positive
من لم يفشل أبدا في مكان ما لا يمكن أن يكون انسانا عظيما,0,standard,positive
انت اول من نساني,0,standard,negative
حرام كسر الخواطر,0,standard,negative
يا سلام على أيامك,0,standard,positive
بالمناسبة قررت السعودية إباحة الغناء بالمطاعم,0,standard,neutral
تبارك الله عليك مبهر و مبدع,0,standard,positive
كثير من الناس يبالغ في مظهره ولكنه لا يتحقق من الجوهر وما أدراك ما الجوهر لم ينبهر العرب بملابس الرسول الكريم ، ولا بمطعمه ولا بمشربه لكنهم انبهروا بعظيم أخلاقه وطيب سيرته ، وحسن أدبه ولين معاملته فحولهم من أمة ترعى الغنم ، الى أمة تقود الأمم طابت أوقاتكم بكل خير,0,standard,positive
لا احد أساء لنا بقدركم ولا احد قدح عرضنا و طعن في شرفنا مثلكم يا من تدعون اخلاق الرسول الكريم,0,standard,negative
انه تخصصي و افضله على باقي الميادين الاخرى لهذا عليك احترامه,0,standard,positive
سنة يكون فيه حب,0,standard,positive
أتشرف بزيارتكم لقناتي ودعمها,0,standard,positive
اللهم امييين,0,standard,neutral
ليست كل الكسور نهاية فبعضها مفاتيح الحياة صباحكم تفاؤل وأمل,0,standard,positive
رئيس وزراء الجزائر يقدم استقالته للرئيس بوتفليقة,0,standard,neutral
للأسف صدقتي كذاب,1,dialectal,negative
لقد خالف كل العهود وحتى العصورأراد أن يخالف ليعرف لكن الله يمهل القاتل حتى ينسى فعلته فيأخده أخد عزيز م,0,standard,negative
صباح الخير من تمزيرت,0,standard,positive
رأيك على راسي و دعيني وانا شاكرة لك التفاتتك الطيبة ومتابعتك لصفحتي شرف ليا لكن صدقني انا علقت على الاخ,0,standard,positive
حتى حنا كنوجهوا ليها مليار و مليون شكرا شكرا شكرا,1,dialectal,positive
هذا من العار والخزي ان تكون قطر هذه هى اهدفها,0,standard,negative
هذه معاقل الإسلام,0,standard,neutral
لابأس طهور إن شاء الله الله يشفيك,0,standard,positive
جميلة مساءكم ورد,0,standard,positive
دابا كنفكر الا نضمنا كاس افريقيا واش ندير مشروع الأكل,1,dialectal,neutral
الله عطاها عيون تامر وتنهي,0,standard,positive
لكم واسع النظر,0,standard,neutral
سيجزيك الله بقدر تعبك صبرك كفاحك حارب حتى النهاية إياك أن تستسلم ثمة حلم يجب أن يتحقق,0,standard,positive
أشهد أن لا اله الا ألله وشهد ان احمد رسول ألله صلى الله وعليه وسلم,0,standard,positive
ميرسي ميرس اخجلتم تواضعي المتواضع,1,dialectal,positive
السلام عليكم عيد مبارك سعيد رغم ما نعانيه نهبوا أموالنا ولن نسمح بأن يجهزوا على فرحتنا تقبل الله منا ومنكم صالح الأعمال ومنها نضالنا المستمر سيجن السجان حينما يبصر البسمة على وجوه المقيدين بالأغلال ليس بالبكاء نعيد عزنا، لكن بالعلم والعمل ورحمة المحرومين والشدة اتجاه الحارمين,0,standard,mixed
نسامح ولكن محال ان نثق مرتين,1,dialectal,mixed
شالكه الألماني يستعد للتخلص من منديل وحارث,0,standard,neutral
الحكام ماعندهم ذوق للأسف,0,standard,negative
مبروك ل الزعماء,0,standard,positive
رسميا تغيير توقيت مباراة الجيش الملكي والرجاء,0,standard,neutral
جهود المغرب في دعم الحوار بين الأديان الملك صمام الأمان,0,standard,neutral
قالك دابا طلقو شي فضاء كيراقب تحركات البوليساريو في الداخل والخارج,1,dialectal,neutral
ان شاء الله النجاح حليفك,0,standard,positive
على نفس الأساس دولة البطش وحقارة المواطن دولة اللعنة على الحقوق,0,standard,negative
الحل الوحيد هو الحوار,0,standard,neutral
فين جات,1,dialectal,neutral
لقطة من جنازة شخص فقير سنة يتيم متزوج من دون اولاد تبا لاصحاب المصالح تبا لضمائر الناس تبا لمن يعبدون الدرهم ادعو له بالرحمة و المغفرة,0,standard,negative
الحقيقة مع الاسف,0,standard,negative
ايها كافر فاسق,1,dialectal,negative
ولا يزال الله يسقط الناس من حولك حتى لا يبقى حولك سواه فكأنه محب يغار على محبوبه فإذا اخلى قلبك من الخلق أذن لك بالوصل,0,standard,positive
واش ناس دير على بحال هادو بلا عقل مساكين,1,dialectal,positive
رمضان مبارك و مسعود,1,dialectal,positive
زيت الزيتون والتمور،من بين المنتجات التي تصدرها التعاونيات المغربية,0,standard,neutral
حتى العربية لي كيهضر بيها زوينة,1,dialectal,positive
لم تغلق قناة الفراعين لانها الاكثر كذبا او فجورا ولكن لانها الاقل احترافية فى الكذب والفجور,0,standard,negative
صحيح يستاهل تضحي لأجلو,0,standard,positive
للاسف بزاف من شبابنا تعبيرهم زييرو و طريقتهم في التعبير غالبا متدنية ان لم نقل ساقطة,1,dialectal,negative
زوينين عندي سبعة,1,dialectal,positive
ولاد الناس,1,dialectal,positive
اخيرا جات التهنئة المنتظرة اللهم ربي يبارك فيك ويحفظك ختي حسنا,1,dialectal,positive
و نعم الاصل الطيب والبلد,0,standard,positive
اللهم أصلح حالنا وأبعد عنا الهم والضيق والحزن,0,standard,positive
حبابي بداية أسبوع موفقة كنموت عليكم,1,dialectal,positive
حقائق جديدة ومثيرة في قضية الشابة المغربية,0,standard,neutral
بسم الله ماشاء الله عليك أم السوس وأنت عضو في لجنة تحكيم كل شيء جميل الله يبارك ضحكتك حركاتك كلامك لباسك,0,standard,positive
و هو كذلك,0,standard,positive
حسابي ليس عالمي ولكن متؤكد آنه يضم آروع وآرقى النفوس,0,standard,positive
اكرهني لكن لاتشوه سمعتي,0,standard,mixed
حشومة نسبق الأحداث بالتوفيق لحسنية اكادير,1,dialectal,positive
قلوبنا كبيرة ولكن لا تستهينوا بأخطائكم في حق قلوبنا فالبحر لا يحمل السفينة إن ثقبت,0,standard,positive
قالو انها قديمة,1,dialectal,neutral
امين ياربي امين,0,standard,neutral
حتى لهاد الدرجة ا ختي يبدو انك تعانين و الله اعلم الخلوة ستجدينها مع الله اختلي بكتاب الله و ناجيه ان يفرجها عليك,1,dialectal,mixed
نعم حبيبة تصالحنا و احنا في اطار الرجعة ان شاء الله العقبة ليك غاليتي,1,dialectal,positive
بدأ يوم الأحد مارس في استعادة مواطنين كانوا قد التحقوا بتنظيم الإرهابي في مناطق النزاع ب,0,standard,neutral
سبحان من خلق الحزن لنشعر بالسعاده وخلق الهم لنجد الفرح وخلق الشقاء لنذوق النعيم وخلق التعب لننعم بالراحة,0,standard,mixed
الكل يتمنى لكن للاقدار كلام,0,standard,neutral
المنبوذ الخائن,0,standard,negative
لا لا ماشي تا لديك الدرجة يمكن حتى العنصر النسوي ولا يهتم حتى هو بالكورة العالمية,1,dialectal,neutral
الإدارة بصفة عامة,0,standard,neutral
بالله عليك أي حقد أنتم لاشيء بدون نفطكم ولاتساوون شيء,0,standard,negative
ياسلام عليك,0,standard,positive
فخر العرب بدون منازع,0,standard,positive
بداية أسبوع موفقة شكرا هاجر على الفيديو,0,standard,positive
موافق في انتظار الرد امين,0,standard,positive
معذور قلبي لا عاف البشر والتفت لك,1,dialectal,positive
الحمد لله لم نخن الوطن لأجل المال و لو أردنا المال لبقينا بالوطن و عشنا ملوك من أجل الديموقراطية ثم الديموقراطية أما الحرية فهي موجودة بالوطن,0,standard,positive
مساء جميل يحمل لنا في طياته آماني وأحلام محققة بإذن الله,0,standard,positive
حافض على لابتسامة ديالك ديما,1,dialectal,positive
للاسف سيأتي يوم ستصفى فيه الحسابات,0,standard,negative
ما أجمل أن تجد قلبا يحبك دون أن يطالبك بشئ,0,standard,positive
المعرض الدولي للكتاب يسجل إقبالا كبيرا,0,standard,neutral
تعلموا التجاوز و التخلي عن الأشياء مهما كان حجمها,0,standard,neutral
صدقت و الله,0,standard,positive
أ,0,standard,negative
هذا المجرم الإرهابي الغربي يشبه بوش الابن شكلا وعملا الله أكبر على اعدا للإسلام من العرب والغرب كله,0,standard,negative
اللهم امين ولك اختي الراقية,0,standard,positive
افترقنا فراق عيون ، لاكن بالقلوب احباب,0,standard,mixed
خير الله قادم فلا يحزنك مر الحيإة,0,standard,positive
فهمتك و انا بغيت نزيدك معلومة و صافي باش نبسطو شويا,1,dialectal,positive
بعض الناس ما يحشمو الله يهديهم,0,standard,negative
هادو مبقاوش يحشمو الكلاب,1,dialectal,negative
الله اعزك شكرا على المساعدة,1,dialectal,positive
جريمة بالسلاح الأبيض,0,standard,negative
صلى الله عليه وسلم تسلميا كثيرا,0,standard,neutral
حرام عليك,0,standard,negative
ديجا قريتها الله يخليكم لبعضياتكم و يخلي ليكم الوليدات و يرزقك ياسمين,1,dialectal,positive
راك عارف الزين يحشم على زينو و,1,dialectal,positive
يلعن امك,0,standard,negative
بصحتكم كلشي مزيان,1,dialectal,positive
عجبني الايقاع ديالها,1,dialectal,positive
امين رحمها الله,0,standard,positive
سيء جدا أن تحمل هموم ليست مناسبة لسنك في وقت من المفترض أن تعيش أجمل أيام حياتك,0,standard,mixed
هل أنت حي أو ميت قال رسول الله صلى الله عليه وسلم مثل الذي يذكر ربه والذي لا يذكر ربه مثل الحي والميت رواه البخاري سبحان الله الحمد لله لا إله إلا الله الله أكبر لا حول و لا قوة إلا بالله,0,standard,neutral
طبعا,0,standard,positive
اشتباكات بين قوات الامن ومحتجين يونانيين على زيارة ميركل إلى أثينا,0,standard,neutral
مذبحة ميدان رابعه العدويه جريمه نكراء,0,standard,negative
التدخين سئ ولكن الاشياء التى تجعلنى ادخن اسوأ,0,standard,negative
أن تكذب لصالح نفسك فهذا مستحيل وأن تكذب لصالح الغير فهذا تدليس وأن تكذب قصد إلحاق الأذى بالغير فهذا افتراء وهذا هو اسوء أنواع الكذب جون جاك روسو من كتاب تاريخ الكذب جاك دريدا ص,0,standard,neutral
فاشل فاشله برنامج فاشل,0,standard,negative
مي لحبيبة كل عام ونتي بخير سنة سعيدة الله يخليك لينا أحبك,1,dialectal,positive
الرمش سيف وراعي الرمش سياف,0,standard,positive
تبليت بلية خايبة بهاد الاغنية,1,dialectal,negative
لالا عفاك ماتبكيش دموعك غاليين غير ضاحكين,1,dialectal,positive
الله ينور دربك يا رب و عام سعيد عليك كذلك اخي الكريم,0,standard,positive
مساء الانوار,0,standard,positive
كانوا الناس باغيين روسيا تتأهل هي مابقات كورة,1,dialectal,neutral
هكذا نبغيك,1,dialectal,positive
دابا هاد السيدة اش تتعمل,1,dialectal,neutral
لكل فعل ردت فعل هذا مبدأي فالحياة,0,standard,neutral
و الله اختي الى غ الضحك و صافي لا تواخذيني,1,dialectal,positive
هادشي صحيح البلاد غالب عليها الجهل,0,standard,negative
اللہ̣̥ يكمل عليك بالخير اختي,1,dialectal,positive
شكرا على التوضيح,0,standard,positive
على سبيل الاطمئنان إن الله يغفر الذنوب جميعا اللهم إنا نسألك محو الذنوب وستر العيوب ولين القلوب وتفريج الهموم وتيسير الأمور,0,standard,positive
لواحد يجمع دوك دريهمات وسشري شي خرشاشة حسن ليه,1,dialectal,neutral
فاش قريت فقدان الشهية تاكدت الحمدلله اني بصحة وعافية,0,standard,positive
بلاش منو هاد الكادو ندمتونا,1,dialectal,negative
تقبل الله نسألك الدعاء,0,standard,positive
الله يهدي مخلق,1,dialectal,positive
انا يلاه عرفت علاش كان يقول الفرقة اللي يجي بسم الله السيد واثق من رااسو,1,dialectal,positive
لا خوف عليكي و لا هم يحزنون,0,standard,positive
شكرا بزاف الناس ديال تممارة الحمد لله الحفل داز مزيان وشكر خاص للسيد,1,dialectal,positive
من اروع التلاوات للقارئ فإنها لا تعمى الأبصار و لكن تعمى القلوب التي في الصدور,0,standard,positive
صباحك ورد يا روحي,0,standard,positive
إذا كان الفيديو صحيح فهو أكبر من عمل ارهابي,0,standard,negative
في اطار تشجيع المواهب,0,standard,neutral
غضب اعلام العار ممن سخروا من تقديمه,0,standard,negative
أنت مجتهد,0,standard,positive
اودي السلامة صافي هادشي من علامات الساعة,1,dialectal,negative
الحرية السطحية نعم أما الواقع شيء آخر اعرف عن بلدك الكثير ولا تدعين ما لا يدعيه العرب ا,0,standard,neutral
الله يرزقك في الدنيا السعادة و يرزقك النور السلامة يوم القيامة,0,standard,positive
الله يشافيها يارب,1,dialectal,positive
كيف أقنعه بأن الله موجود إن لم أقنعه أنا صديقه و أريد له مصلحته,0,standard,positive
أراد أن يكذب و لم يعرف,0,standard,negative
لكن الرحمة بيد الله عز وجل وحتى الصائم العابد لن يدخل الجنة بعمله بل برحمة الله التي وسعت كل شي والله رب قلوب ويحاسب على النوايا ولا تعرف ماهي نية البشر ولذلك فإن الحساب لرب الحساب وهو برحمته يجازي الناس,0,standard,positive
مرحبا استاد,0,standard,positive
كاين الشباب ولكن إمكانيات معدومة,1,dialectal,mixed
المغرب كينتج انواع غالية الثمن بحال المجهول لي يعتبر احد اغلى انواع التمور في العالم على داكشي كيدطرو يستوردو انواع فمتناول الجميع,1,dialectal,neutral
انتي افضل من الجميع,0,standard,positive
بكل فرح و شرف لنا وان شاء الله يكمل على الجميع بكل خير و يسر و فرح,0,standard,positive
أكيد جعلها الله في ميزان حسناتك,0,standard,positive
هذا دليل كافي على حجم تخلف وعدم تحضر المجتمع السعودي آخر دولة في العالم تسمح المرأة بقيادة السيارة,0,standard,negative
لكن لا حرام هذا ظلم,0,standard,negative
مازلنا نعيش عهد اللافعل للأسف,0,standard,negative
اه فاكهة مهجنة,1,dialectal,neutral
صافي سير ماصدقتيش,1,dialectal,negative
الواقع لهيه و العبرة بالخواتيم الله يدينا ف الضو,1,dialectal,positive
طيب انا عاجباني والدنيا اذواق,1,dialectal,neutral
شكرا على المعلومات القيمة,0,standard,positive
الله يجعل السعادة لا تفارقك طول عمر يا قلبي,0,standard,positive
ربما من الأسباب التي جعلت زيدان يغادر الفريق,0,standard,neutral
المساواة هدا جميل,0,standard,positive
لنفرض جاب ايكاردي و لعبو و دخل ديبالا رسمي و حط ميسي فالاحتياط او ماجابوش گاع واش فنظرك هاد المنتخب قادر يدير شي حاجة انا فنظري افشل منتخب هو هذا لا وسط زين يتحكم فالكورة و يعطي پاسات ولا اظهرة تصونتري كواري نكونو واقعيين منتخب,1,dialectal,negative
هو الاخير,0,standard,neutral
فيدراليات تطالب المتعاقدين بضمان حقوق التلاميذ,0,standard,neutral
تم تعطيل الكومبيوتر الياباني بهاكرز ثلاثي قطري حقيقة من الصعب توقع فوز قطر باللقب,0,standard,neutral
تستاهل احسن منها,0,standard,positive
مساء النور والسرور,0,standard,positive
ليا ضحك كن الزمن ضاحك لي,0,standard,positive
كلامك صحيح الاحترام في هاد الزمان هو الخوف شحال هادي ما قلتي شي حاجة مزيانة,1,dialectal,positive
إذا كنت تنتظر من يدفع عنك الصخرة للأعلى فأنت تخاطر بحياتك,0,standard,neutral
تبقى المثالي و يبقى منزلك غالي,0,standard,positive
هل هناك امل في ان تحتل بلدنا مراكز متقدمة في النمو والتطور مستقبلا,0,standard,positive
تختلف طريقة التحضير من منطقة لاخرى المهم انها صحية,0,standard,positive
حبابي تسناوني غدا على ميدراديو مع الإعلامي هشام شبطيط على الساعة التاسعة مساء,1,dialectal,positive
خلي ليا الحساب الجديد,1,dialectal,neutral
مشاء الله عليك جمال اناقة من فانز سهيلة بن لشهب,0,standard,positive
للأسف البعض يعتقد ان هذا سيحل مشاكلنا الاقتصادية و لكن الواقع عكس ذلك,0,standard,negative
فيك النظر نعمه,0,standard,positive
احترموا عزلة البعض المؤقتة ، ورغبتهم بالإبتعاد عن الأخررين ، ولا تكثروا الظنون أو تصدروا الشكوك ، ف جميعنا نحتاج إلى خلوة صادقة مع النفس,0,standard,neutral
ما أجمل أولئك الأشخاص الذين يسألونك ماذا بك عندما تصمت طويلآ,0,standard,positive
عع و الله معرفت علاش جابو هاد الدورة كاملة من الاول يخرجو لها گووود,1,dialectal,neutral
فسبح بحمد ربك و كن من الساجدين,0,standard,neutral
صافي غنمشي ناكل الحوت في جامع الفنا,1,dialectal,neutral
مبروك لقطر الشقيقة الف مبروك,0,standard,positive
صحيح شكرا بزاف على تفاعلكم,1,dialectal,positive
عوض البحث خارج الذات حاول البحث داخلها وإكتشاف غوائبها فمعرفتك بذاتك اساس لمعرفتك بماهو خارج الذات,0,standard,neutral
كيف حالك يا عزيزي,0,standard,positive
انهم في غفلة من امرهم الله ينجيك من المشتاق الى فاق,1,dialectal,negative
انتم لم تنشروا قائمة الاسماء,0,standard,neutral
رسالة صباحية ما احزن الله عبدا الا ليسعده ، وما ابتلى الله عبدا الا لانه يحبه فقولوا الحمدلله دائما وابدا,0,standard,positive
الله يسر الأمور,0,standard,positive
كلما زادت معرفتي بالبشر زاد إحترامي للوحده,0,standard,neutral
الحكم ولا راجل مزيان,1,dialectal,positive
لا شيء يثري جمال عقلك ويعزز من ثقتك بنفسك ويصقل شخصيتك ويزيدك جاذبية مثلما تفعله الكتب عودي نفسك على القراءة لئلا تحتكري قيمتك بمظهرك فقط,0,standard,neutral
هذا الكوكب لم يعد صالحا للعيش,0,standard,negative
ربنا يخليك,1,dialectal,positive
و زد عليها الله يسمح ليهم الاستقبال الزين لي كيديرو في الصيف,0,standard,negative
مالك الملك ذو الجلال والاكرام,0,standard,positive
الحكم ب سنة سجن لناصر الزفزافي ونبيل احمجيق أبكيك يا وطن الحگرة والظلم والجبروت لولا عائلتي لغادرتك قبل شروق الشمس,0,standard,negative
عارفة,1,dialectal,neutral
القراءة تصنع إنسانا كاملا، والمشورة تصنع إنسانا مستعدا، والكتابة تصنع إنسانا دقيقا فأيهم تفضلون,0,standard,positive
كأس العالم المتعة من كل نواحيها,0,standard,positive
الأسود يارب توفيقك,0,standard,positive
هناك أفكار غير صحية عديدة روجت لها الأفلام الرومانسية في هوليوود قدمت نسخة خيالية عن الحب لكنها في الواقع تعد عشقا مستحيلا,0,standard,neutral
ياالله دهشة تغرق ثنايا الروح فرحا,0,standard,positive
اشوف بك شيء ما شفته بأحد غيرك,0,standard,positive
عالم متراكم بالاكاذيب,0,standard,negative
الحج راه ركن من أركان الاسلام لمن استطاع له سبيلا,1,dialectal,neutral
فعلا صعب انك تفكر و تقرر ف نفس الوقت وهذه تجربة اعيشها مع اخي الان لانه اجتاز امتحان البكالوريا فهو حائر و نقط المدارس مرتفعة جدا,0,standard,negative
جميل الخيال العلمي عندك,0,standard,positive
يسعدلي قلبك يا قمر,0,standard,positive
الله ياخد فيكم الحق اش درتو فولدي,1,dialectal,negative
المقاطعة اصبحت عادة,0,standard,neutral
من يتجاهل الاساءة ليس عاجزا عن ردها ولكنه عرف قدر المسيء فتجاهله,0,standard,positive
مريض نفسي صاحب تلك المقوله ومن يقتنع بها,0,standard,negative
اكيد اهل المغرب اهل دين و خلق و لا يخلو اي بلد من الاستثناءات نرجو الله صلاح الامة,0,standard,positive
الحمد لله جاوب واحد,0,standard,positive
نموت نموت كي يحيا الوطن يحيا لمن نحن الوطن إن لم يكن بنا كريما آمنا ولم يكن محترما ولم يكن حرا فلا عشنا ولا عاش الوطن,0,standard,positive
للاسف عندي غ مع احمد مطر نشرت ليه واحد المرة و شبعت سبان و انا نعتزل,1,dialectal,negative
تشفي عليل النفس بسمة شفاها,0,standard,positive
الله يعلم من قتلها الله يأخذ فيه الحق,1,dialectal,negative
قيل ان ملك الاردن استجاب لمطالب شعبه بعد يوم واحد من الاحتجاج على الزيادة في المحروقات فأين أنت يا ملك المغرب من ما يقع في بلدك,0,standard,mixed
ما الذي نجحت بالحفاظ عليه,0,standard,neutral
شفت الهنا ب كونك، وامسيت بك مفتون,0,standard,positive
كنهديها لكل الأمهات ورمضان مبارك سعيد مدينة ابن جرير,1,dialectal,positive
أرجو ان تجدي نفسك في هذا العمل الجديد,0,standard,positive
مابقت فاهم والو,1,dialectal,neutral
كذلك مروركم تحياتي,0,standard,positive
عندما يمتلء القلب بالحب لا فرق بين الحضر او عدمه فمن يعشق الروح لا تهمه الجزئيات,0,standard,neutral
الحمد لله الذي لا يحمد على مكروه سواه,0,standard,positive
انا يبان لي افريقيا احسن ما تبقا تشارك ف كأس العالم الحگرة,1,dialectal,negative
الله يحفظك ازين حنا وياكم ان شاء الله,1,dialectal,positive
إدارة فيسبوك توضح حقيقة العطب الذي لحق موقع التواصل الاجتماعي,0,standard,neutral
نحن لا نتغير ولكن نبتعد عن كل من لا يعرف قيمتنا,0,standard,mixed
افعل لله ما يحب ثم اطلب ما تحب,0,standard,positive
الطيبون مصابيح قليلة كان أبو الدرداء رضي الله عنه يقول إني لأدعو لأربعين من إخواني في سجودي، أسميهم بأسمائهم وقال الحسن البصري رحمه الله تواصلوا مع أصحابكم فالصاحب الوفي مصباح مضيء، قد لا تدرك نوره إلا إذا أظلمت بك الدنيا أجمل ما في الحياة أخ أو أخت يدعون لك,0,standard,positive
يبدو انني لم اصل لدرجة استعاب ما يصنعون و يبقى الرسم من بين الاشياء القليلة التي لا اولي لها اهتمام كبير,0,standard,negative
جريمة مراكش,0,standard,negative
ولروحك السعادة,0,standard,positive
هدف رائع من باولو ديبالا دقيقة,0,standard,positive
اوا امير المؤمنين اولى بتلبية طلباته,1,dialectal,positive
رواية لها معان عميقة حسب فهمي لمراجعتك الرائعة استاذي محمود,0,standard,positive
انا بخير كل ما اخوات مثلك يسالو عليا الله يجعل لقلوب صافية,1,dialectal,positive
شكون امال بعدا,1,dialectal,neutral
العنف طريق لا يسلكه الا الفاشلون الجامعة فضاء لتحصيل العلم و التباري بالافكار و ليست مكان للاقتتال و تصفية الحسابات رحم الله ضحية المواجهات الدامية و رزق اهله الصبر و السلوان صحراوي امازيغي ريفي للدم حرمة على المسلم,0,standard,negative
اختلط الحابل بالنابل والرياضة بالسياسة,0,standard,negative
لاعبين ضعاف بشكل لا يصدق,1,dialectal,negative
كنها من حلاها كل ليله عروس,0,standard,positive
أي أصلح الله خاطرك ، وتفكيرك ، وقلبك ، وعقلك ويقول الله سبحانه وتعالى في سورة محمد والذين آمنوا وعملوا الصالحات وآمنوا بما نزل على محمد وهو الحق من ربهم، كفر عنهم سيئاتهم ​وأصلح بالهم​,0,standard,neutral
حتى انا ان شاء الله غادي نبدا قريبا جدا,1,dialectal,positive
وجزاك,0,standard,positive
فعلا صدقت كل تلك الدروس تعلمك وتجعلك حذرا لكنها ايضا تفقدك الثقة حتى فيمن يستحق ثقتك,0,standard,positive
مباراة أكثر من رائعة,0,standard,positive
نصيب الغير وانا اللي زارع وساقي,0,standard,negative
اه نتمناو يرجعو,1,dialectal,positive
مدافعين فاشلين,0,standard,negative
دعاء جميل,0,standard,positive
قالت هل دعيت الله علي بعدما كشفت لك قناعي قلت لها إستحي من الله آن آدعوا عليك بعدما كنت آدعي إليك في صلاتي يا صاحبة الآلف وجه,0,standard,negative
اللهم اني اسالك علما نافعا ورزقا طيبا وعملا متقبلا,0,standard,positive
أصبحنا وأصبح الملك لله والحمد لله ولاإلاه إلا الله وحده لاشريك له له الملك وله الحمد وهو على كل شيء قدير,0,standard,positive
مزيان,1,dialectal,positive
يآ أمة ضحكت من جهلهآ أمم,0,standard,negative
حين يحب القلب قلبا لا ترى العين عيبا,0,standard,positive
حكم مسبق وغير عادل,0,standard,negative
لن تفلح الامة الا لإنجاب أمثال هؤلاء,0,standard,neutral
في أمان الله,0,standard,positive
عن عيون الناس تكفيني عيونك,0,standard,positive
عيون تحلم و قلب يتمنى,0,standard,positive
الربح غير محدد النسبة دياله تختلف الأمور الا كانت السلع è,1,dialectal,neutral
أحيانا تواسي غيرك بكلام أنت تحتاج تسمعه,0,standard,mixed
رسالة صباحية سيطيب كل شيء ذات يوم ، لا تحزن,0,standard,positive
أنا من نفس البلد وهذا ما نشرته الصحف,0,standard,neutral
في الانتظار,0,standard,neutral
اللذة المادية يمكنك فقط آن تتخيلها ولا يمكنك آن تعيشها، واللذة الروحية يمكن آن تعيشها ولا يمكن لك آن تتخيلها في ضحكاتنا شيء آرهق القلب,0,standard,mixed
رااااه منقدرش ندوز نهار بلا منجلس على الصخر قبالت البحر وفي جيبي قلمي ومذكرتي ومعشوقتي السمراء تلامس شفتي,1,dialectal,neutral
الكلام المحبوس يتحول على شكل بكاء و حزن,0,standard,negative
و كما العادة سيحمون المجرم الحقيقي و يقمون من يريدون نصب الكمين له,0,standard,negative
هاد التريد صدمني زعما غايكرن هادشي بصح,1,dialectal,negative
امين يا رب انا مؤمنة بالله و القدر خيره و شره و عندي يقين بما سيعوضني سيكون خيرا باذن الله ارجو من الله ان يسعده في دنياه و اخرته و ان يرزقني ما ينفعني في دنيايا و اخرتي جزاك الله بكل خير على,0,standard,positive
هذا السيد خدم البلاد بالزاف خاصو يستمر,1,dialectal,positive
الله يرزقنا الفهم الصحيح حنونة ربي يسعدك و ينورك,1,dialectal,positive
لا أحد يتحدث عن رحيلك,0,standard,neutral
صرح وزير الأوقاف أن وزارته تنفق أزيد من مليار سنتيم على الأضرحة والزوايا، في إطار الهبات التي تقدمها سنويا إلى القائمين عليها من أجل الاعتناء بها وصيانتها والحيلولة دون زوالها معا من اجل الغاء تعاقد الاولياء الاموات,0,standard,negative
بارك الله فيكي حبيبتي الغالية وجزاكي الله خيرا,1,dialectal,positive
مساء الفرح والغد الأجمل,0,standard,positive
لا يقاس الوفاء بما تراه أمام عينك بل بما يحدث وراء ظهرك,0,standard,neutral
هل تم التعاقد مع بلماضي رسميا,0,standard,neutral
بخير و لله الحمد دمت طيبة,0,standard,positive
الله يضويها عليك و عليها,1,dialectal,positive
المناخ معاناة تتواصل رغم المحاولات,0,standard,negative
الرسائل بخط اليد ماعمرها جاتني شي وحدة فايتة جاتني تصويرة لرسالة مفرحة,1,dialectal,positive
كافر ملعون جهنم بإذن الله,0,standard,negative
تربايتك نوني كل كلماتك من بيض النوايا من يلوم الارض لا حبت ظلالك,1,dialectal,positive
را تنحشمو,1,dialectal,neutral
الناس تعظم الكنيسة بزاف و يوكلون امورهم اليها و فحالة ما لقات لهم حلول لمثل هاد الافعال غ يفقدو ثقتهم فيها و هنا يبان دور القساوسة في التستر على الفضائح لكي لا تفضح الكنيسة,1,dialectal,negative
امين يا رب العالمين ان القلب ليحزن و ان العين لتدمع لما يتعرض له هذا الشعب العزيز اللهم فرجك يا رب,0,standard,negative
تعادل بطعم الهزيمة للرجاء,0,standard,negative
الشفاء العاجل إنشاء الله,0,standard,positive
نعم علينا أن نشجع مثل هذه المواهب التي هي مفخرة لنا جميعا و هذا الطفل سبق له أن ظهر في برامج تلفزيونية مغربية,0,standard,positive
تدهور الحالة الصحية لعائلات شهداء وجرحى,0,standard,negative
على حسك اصير بخير لو تدري,0,standard,positive
فيها خير,1,dialectal,positive
الله اكمل عليكم بخير ان شاء الله و يفرحكم و يصلح الوليدات يارب,1,dialectal,positive
ويحميك يا آغلى انسان,0,standard,positive
آمين يا رب العالمين بوركتم,0,standard,positive
الحب كل شيء فكما أنه يعطي كل شيء يمكنه أن يأخذ كل شيء,0,standard,neutral
موهوووووبة كل شي فيها رائع,0,standard,positive
ربي أسألك هدوء النفس وحياة مليئه بكل ما يرضيك,0,standard,positive
حسن سعداتك,1,dialectal,positive
القضاء يوافق علي اعدام الدكتور سلمان العوده خلال ايام بدعوي دعمه الارهاب حسبي الله ونعم الوكيل,0,standard,negative
اللون الأصفر يزيد من جمال الحياة,0,standard,positive
الله يعوضك و يوهبك ما تستحقه,1,dialectal,positive
حرب اقتصادية على الليرة التركية,0,standard,neutral
تحية للمقدشية على عملهم يتطورون في صمت عكس من يصنعون البلبلة و الجعجعة للاشيء,0,standard,positive
ياربي امين,0,standard,positive
“الناس يسمعون صوتك و الله يسمع قلبك ”,0,standard,positive
الله يسسر الامور,1,dialectal,positive
رايك يحترم بغش النظر عن المسائل الدينية حكمهم ينجح و لا لا معروف على المرأة الى خذات اي مسألة تاخذها بجدية و حزم,1,dialectal,positive
أساتذة التعاقد يرفضون حوار الداخلية ويهددون ب سنة بيضاء,0,standard,negative
ما أكرمهن إلا كريم، وما أهانهن إلا لئيم,0,standard,neutral
أصدق المشاعر اللي نعبر عنها بالكتمان,1,dialectal,positive
من فضائل اللهجة المغربية هي انها صعيبة على الانتحال والتقمص حاول مرة اخرى,1,dialectal,neutral
اكيد معك حق,0,standard,positive
تعرف على هوية المغربيين ضحيتي تحطم طائرة,0,standard,neutral
كل مخلوقات الله تستحق السعادة,0,standard,positive
وما الحب الا ان تخاف الله في من تحب,0,standard,positive
الاحداث تنتهي و تبقى الدروس,0,standard,neutral
عزائنا لأهالي ضحايا فاجعة القطار رحم الله الموتى والهم ذويهم الصبر والمصابون نسأل الله لهم الشفاء,0,standard,positive
هذا المراد المسألة مسالة اخلاق من الدرجة الاولى اما الفلوس تمشي و تجي,1,dialectal,positive
عندما تضيق بي الدنيا احتاج حضن امي و لا أجده,0,standard,negative
كادوا مني ليك أخونا,1,dialectal,positive
ساعة لله,1,dialectal,neutral
لعنة الله ع من نفذ هذه الجريمة الشنيعة,0,standard,negative
تكذبون حتا على اموت ياسبحان الله,1,dialectal,negative
إن تألمت عش هذه اللحظة لأنك مدركا أنها ستمضي,0,standard,neutral
بغيت نهضر ف بزاف د المواضيع اللي تضر فالخاطر اللي اصبحت سائدة في مجتمعي المغربي مجتمع بعد على الطريق و اتبع السبل و تشتت ها اللي يشرق ها اللي يغرب حتى حد ما بقا تهمو مصلحة خوه مجتمع ولى فيه الفرد يهمو فقط المال لا غير بغض النظر عن الطريقة اللي يكتسب بها,1,dialectal,negative
مؤلم جدا عندما نسرح بالتفكير أحيانا ولا توقظنا إلا دمعه,0,standard,negative
تفاصيل حادث إطلاق متقاعد النار على شخصا من فوق سطح منزله بكلميم,0,standard,neutral
اللهم اغفر لي خطاياي وعمدي وجهلي وهزلي وكل ذلك عندي,0,standard,positive
و الثرى هو التراب المبلل,0,standard,neutral
اما ان يجعلها ملحدة اما أن تجعله مؤمن,0,standard,neutral
كلام معقول,0,standard,positive
خفظه الله ورعاه,0,standard,positive
باي باي البرد,1,dialectal,neutral
العجايب سبع و ثامنها عيونك,0,standard,positive
اللحظات الغير مخطط لها غالبا ما تكون هي الاجمل لاننا نعيشها دون توقعات,0,standard,positive
الجميع يعي ذلك,0,standard,neutral
واعرة شوفيها,1,dialectal,positive
صلاة العشاء يا شباب,0,standard,positive
ربي يعزك و ينصرك أخي الكريم,0,standard,positive
اشجع الوداد فقط لأن والدي يحبه,0,standard,positive
تم تبوث رؤية هلال شهر ذي الحجة في المغرب عشية اليوم وبه فإن فاتح ذي الحجة هو غذا الإثنين غشت و بذلك فإن عيد الاضحى المبارك سيكون يوم الاربعاء الموافق غشت اهله الله علينا و عليكم بالامن و الامان و السلامة و الاسلام,0,standard,positive
امممممم صراحة واحد الموقف صعيب والتفكير في هادي اللحظة باش تقرر القرار الصحيح لكن اتوقع ان الاعتذار وترك القرار له في التواصل هو الحل الصائب,1,dialectal,positive
أمي ثم أمي ثم أمي,0,standard,neutral
الحب هو الحل الوحيد,0,standard,positive
مبروك عليكم اخي و زوجته انتم قلت اعطها اسم أنا أعطيها اسم ريحان ان شاء تكون ريحان عليكم,0,standard,positive
مؤتمر دعم البوليساريو مهمة صعبة تنتظر العمراني بجنوب إفريقيا,0,standard,neutral
ولد خوه يمكن,1,dialectal,neutral
الحياة كل واحد وكيف كتجيه الحاصول تهلاو فراسكم واليديكم وحتى لي كيبغيكم أحبكم يا أغلى ناس,1,dialectal,positive
إن الله جميل و يحب الجمال فأعطاه لك على قدر طيبوبة قلبك,0,standard,positive
اللهم قدرنا لكل ما ترضى به عنا بجاهك و عزتك يا الله,0,standard,positive
صباح الخير لعائلتي و قبلة على جبينهم صباح الخير لشخص عن ألف شخص و ألف معنى صباح الخير لكم متابعيني و للعالم أجمع,0,standard,positive
اطمئن قلبي ليس ابغض من قلوبكم علينا ونحن و لله الحمد اكرم شعوب الأرض بشهادة علماءكم الاجلاء,0,standard,positive
سمح ليا ماقصدتش,1,dialectal,positive
الله يرزقك الرضى و القناعة و العفو و العفاف و الهدى والنور و التقوى و الهداية,0,standard,positive
تحتاج الى دقائق لتعطي الاخرين انطباعا عنك ولكن قد تمضي عمرك كله لتغير ذلك الانطباع,0,standard,neutral
بصح ناس بكري يعرفو يختارو فين يسكنوا,1,dialectal,positive
فخرر المغرب,0,standard,positive
خلق مشاكل كبيرة لبرشلونة,0,standard,negative
هاء نسيت بلي حنا فناظور معندناش ملعب اصلا,1,dialectal,negative
انتي ضد من يسيى لبلدك الثاني السعودية لكنكي لستي ضد من يسيى لبلدك الاول المغرب تعلمي ان تلعبي الدور جيدا قبل ان تمثليه,0,standard,negative
حتى انا خليتهم متعادلين و لكن ملي رجعت قالو لي باللي بلجيكا ربحات,1,dialectal,neutral
نحن مسلمون والحمد لله لا نحفظ من القرآن سوى سورة قصيرة جدا نصلي بها اذا ستطعنا إليها سبيلا صور لاتأمرنا بقتل احد,0,standard,positive
أنك ولدت حرا لتظل حر ليس ان تعيش عبدا,0,standard,positive
صباح الخير,0,standard,positive
أحسن دولة في خليج كله هي سلطنة عمان الله يحفظها إن شاء الله ازورها في أقرب وقت,0,standard,positive
نعم أنا ضد هذه التقنية جملة وتفصيلا لأن أكبر مشاكلها هو التوقيت وهذا يؤثر سلبا,0,standard,negative
قاعدة لا تهمل شيئا لاتريد أن تراه بيد غيرك,0,standard,neutral
يا رب حقق لي جميع أمنياتي اللي دعيت بها وأنا مؤمنه فيك,0,standard,positive
طيرتيني خصنا نشوفولك مع الادارة واش يدوزوك,1,dialectal,positive
شعب يتطاحن فيما بينه على أساس العرق والدين وأحيا عصبية قبلية كنا نظنها اندثرت مع مرور السنين ، شعب يبدو لي أنه ارتضى المهانة لنفسه تحت مبررات شتى، حتى أنه أصبح هو من يبحث عن مبررات لأخطاء وتجاوزات القائمين على الشأن العام،,0,standard,negative
توقعات طقس الأربعاء زخات مطرية بعدة مناطق,0,standard,neutral
قناة فاسدة فاسقة فاجرة تنشر الرذيلة,0,standard,negative
شكرا امين,0,standard,positive
انا متفق مع الفكرة فكروا في هاشتاغ مناسب لها مثل فضح المتحرش ويجب نشر كل الرسائل مثل تلك فيه وهكذا,1,dialectal,neutral
راه عطيتك السميات لي اجيو معاك,1,dialectal,neutral
الحافيظي كيعطي الذهب,1,dialectal,positive
نظرة عيونك أجمل من ألف رسالة,0,standard,positive
التكوين المهني بالمملكة الكم يفشل ملاءمة الكيف في التشغيل,0,standard,neutral
الله اعطيك الصحة فكرتينا في تلك الحياة الجميلة و البسيطة و الجولات ب في جبال الاطلس,1,dialectal,positive
تعبر عن البراءة روعة,0,standard,positive
أمة في الحضيض للاسف,0,standard,negative
تماما لا يستطيع المرء ان يتحكم فيه,0,standard,neutral
الصحرا مغربية ايه متافقين لكن مغربية فكلشي حتى فالأثمنة ديال المعيشة,0,standard,neutral
أثر القوي يضعف إذا غاب خله,0,standard,negative
هل من ميثاق وطني لتحسين التجهيزات الطرقية من طرف الجماعات المحلية و الوزارات المعنية,0,standard,neutral
لا أقوم بفعل الخير متطلعا لثواب الله بل لأني لو لم أفعله فلن أستطيع النظر إلى نفسي في المرآة,0,standard,positive
مغربنا وطننا نحن فداه,0,standard,positive
النظر الى الخلف هي سبب الفشلكلامك في الصميم اخي,0,standard,positive
لا تشد على يد رخت برضاها,0,standard,negative
غبي,0,standard,negative
اذكرهم لنا حتى نبحث عن قضاياهم وقصصهم,0,standard,neutral
لا ترافق اليائسين و تحاور الفاشلين,0,standard,neutral
تفكيري فيك اكثر من كلامي معك,0,standard,neutral
ماعرت واش نقول صباح الخير و لا تصبحو على خير,1,dialectal,positive
نكسة بعد نكسة ضاق بنا الحال,0,standard,negative
الله يسلمك خويا,1,dialectal,positive
والضباب كذلك,0,standard,neutral
هادا الحساب الجديد للاخ اسماعيل بعدما توقف حسابو القديم الدعم الدعم يامغاربة,1,dialectal,positive
ممكن عنوان الكتاب شكرا,0,standard,positive
رفع الشعارات السياسية في الحج حرام شرعا وخيانة وطنية,0,standard,negative
رحمة الله عليه,0,standard,positive
طاجين كفته والزيتون والبطاطا,1,dialectal,neutral
اللهم اضرب الظالمين بالظالمين و اخرجنا من بينهم سالمين,0,standard,neutral
ونعم بالله والحمد لله,0,standard,positive
و له في الدنيا دين سيرد له,0,standard,positive
هادشي لي كاين,1,dialectal,neutral
معهد الصحافة الرقمية,0,standard,neutral
ارهابي أخذ الضوء الأخضر من بعض الحكام لقتل المسلمين والتنكيل بهم,0,standard,negative
علاش مايدوزو في الخيط البيض مثلا,1,dialectal,neutral
مسخره,0,standard,negative
المعزة فالقلب,1,dialectal,positive
السلامة ياربي هذا الشيء ولى يخلع للأسف,1,dialectal,negative
كل من اكتفى ، اختفى,0,standard,negative
نتا لي ضيعتي الفرصة ديالك,1,dialectal,negative
بعيدا عن صخب المدينة، وجدت حياتها المبهجة,0,standard,positive
مبدع كالعادة,0,standard,positive
شدوه في الحبس يتربى تعلم فنون الحرب وقتل واحد في فيديو كليب شافو نص مليون إنسان في ساعات واربي هانت تشوف زهرنا كيداير,1,dialectal,neutral
قيادات تهاجم زعيم البام وبنشماش يدعو إلى توحيد الصفوف,0,standard,neutral
و أحسن منك لم تر قط عيني و أجمل منك لم تلد النساء,0,standard,positive
وحدها لا تكفي,0,standard,negative
ناس مراكش و اوريكا بالخصوص يحسن الله عوانكم,1,dialectal,negative
هاد التخلف اش هاد الافكار الرجعية لنرتقي القاع مزدحم,1,dialectal,negative
اللي شاديين قسم الإشهار لا علاقة,1,dialectal,negative
هاد الصورة حاولت نقلب لها على عنوان يناسبها لكن دون جدوى,1,dialectal,neutral
توفير فرص العمل على الأقل,0,standard,neutral
ماشي بزاف,1,dialectal,neutral
داعش مثلا لا شوف من واحد النحية را بصاح مجمل المغاربة معندهمش توجه معين زعما لا شيعة لااا واه سنة بحال المشارقة,1,dialectal,neutral
الفيديو يفضح كذب قناة الجزيرة ويكشف تمثيل الاخوان دور الموتى,0,standard,negative
هادا البيان لي خرج من وكيل الملك,1,dialectal,neutral
وأغار من كف الهوى وإنت لي,0,standard,mixed
واخا هكاك كانو اساتذة يهتمو لمصلحتنا,1,dialectal,positive
هذا ما فعلته بالضبط صديقي,0,standard,neutral
كتابة رائعة تلامس العقل و القلب من أيادي أحسن مهدي في العالمواصل تألقك أخي الكريم,0,standard,positive
واخا الحاج,1,dialectal,positive
لا لعب و لا تعليق كوارث بشرية,0,standard,negative
فكرتيني فيه الله يفكرك فالشهادة نسيت كاع درك العشا,1,dialectal,positive
الجو بارد هده الأيام لدرجة عدم القدرة على الجلوس بدون مدفأة,0,standard,neutral
لهلا يخطيك حبيبتي الله يحفظك قولتيها بحال ايلا دقتو,1,dialectal,positive
و الله م اللي سمعت بالخبر فرحت و هاد المسألة خاص يوعاو بيها الناس لتعم الفكرة و نجد متبرعين اخرين,1,dialectal,positive
اممم الله اكتر من أمتالك,1,dialectal,positive
هاد الصورة اليوم من دوارنا وصول اول طائرة مخصصة لنقل المشجعين لروسيا هناك متسع لمن يريد الانضمام,1,dialectal,neutral
لا اعتقد ان ملك او حكومة المغرب ممكن ان يقبلو بزيارة النتن لانهم يعرفون الغضب الشعبي الذي سيجتاح المغرب جراء هذه الزيارة,0,standard,negative
وايه انعدام اخلاق من اعلى هرم اللهم لا تعميم,0,standard,negative
هذا من طيب اصلك يا اصيلة,0,standard,positive
ولدت مسلم بالفطرة لكن هذا لم يمنعني يوما من القول لماذا أنا مسلم,0,standard,neutral
مورينهو حرام يتواجد في دوري رائع مثل الدوري الأنجليزي,0,standard,mixed
ما هي اللغات الرسمية الموجودة في المملكة المتحدة,0,standard,neutral
سياسة مغربية,0,standard,neutral
من فضلك ممكن إسم العمل,0,standard,positive
الله يكون معاه دريويش,1,dialectal,positive
رأس مالي محبتكم وتشجيعاتكم أستاذي منكم أتعلم,0,standard,positive
مفوضة حقوق الإنسان تدعو إلى استئناف عمل البعثات التقنية بالصحراء,0,standard,neutral
حسن لك,1,dialectal,positive
بكل احترام وتقدير و محبة,0,standard,positive
بغيناهم اسجلو على راسهم,1,dialectal,neutral
اودي والله الا المتعة فهاد الوقت وسمحو لينا على الازعاج,1,dialectal,positive
كانت تختبئ خلف قلبه عندما يرعبها هذا العالم,0,standard,mixed
هذا تاريخ نقرأ منه,0,standard,neutral
بحكم المعرفة ديال يمكن ليك تشد القران الكريم وتقرا ما شاء الله وها نتا بخير وصحة وعافية ان شاءالله لا تقترب من اصحاب النفوس ضعيفة,1,dialectal,positive
ثق بنفسك وكن قويا,0,standard,positive
الطاغية لا يصنع نفسه إنما يصنعه الناس,0,standard,negative
والله أن القلب في غيبتك يشقى,1,dialectal,positive
هل مدينة أكادير المغربية ليس لها تاريخ و شخصيات تاريخية لتطلق اسماءهم على شوارعها بدل أسماء أجنيبة مع احترامي للاسماء الفلسطينية لكن كان احسن لو تم دمج بعض الاسماء,0,standard,neutral
صحيح تغربنا و عرفنا بقيمتو,0,standard,neutral
گوني قويه فالحيآه لآ تحترم الا المرأه القوية التي لا تكسرهآا التجارب الفاشله وانماا تبنيهاا,0,standard,positive
شكرا لمن شارك مبدعين,0,standard,positive
أشد الخذلان أن يخذلك الشخص الذي طالما حكيت له عن خذلان الآخرين لك,0,standard,negative
للاسف شفنا بزاف ديال الضحك والنكت هادي اليومين و شي ناس زادو فيه وبزاف صراحة من البداية معاجبنيش الموضوع حشومة,1,dialectal,negative
يعني انا عندي حساب واحد اللي هو هداا اما هداك الحساب الاخر فاني لا اعرف صاحبه و لا تربطني به علاقة تحياتي,1,dialectal,neutral
تماما اخي انس الله يجعل اعمالنا مقبولة ياااا رب,0,standard,positive
من العنصرية,0,standard,negative
لقد كان لي الشرف أني درست بالمسيد أفضل الأيام,0,standard,positive
بوادر أزمة حكومية في الأفق,0,standard,negative
تحليل للأزمة بين محمد السادس ومحمد بن سلمانالاكيد أن بنكيران لانفوذ له في العربية التي فجرت تقاريرها عن الصحراء,0,standard,neutral
السلطات المصرية تعيد فتح معبر رفح لثلاثة أيام,0,standard,neutral
يخليلي انا الغالية,1,dialectal,positive
الكاف ينفي أخبارا حول منع رئيسه من دخول الولايات المتحدة,0,standard,neutral
محمد بلحسن الوزاني شخصية رائدة ل الفكر الليبرالي في المملكة,0,standard,neutral
عادي اختي,0,standard,neutral
و ما علاقة القهوة بالثقافة,0,standard,neutral
لكن فعلا هذا الامر يحز في انفسنا,0,standard,negative
تمهل واحسن الاختيار,0,standard,positive
سبق وصرح انه لا يريد مغادرة اجاكس في يناير,0,standard,neutral
سوء فهم وقع ب سبب اللهجة المختلفة ليس اكثر حصل خير شكرا لالتفاتتك الطيبة,0,standard,positive
الأم مختصر كل النعيم,0,standard,positive
بلا حشمة بلا حياء,1,dialectal,negative
انظر وتمعن ايها المغربي يامن تتلحف السماء وتفترش الارض يامن جعلت من الحاويات موائد لك انظر ايها التلميذ يامن تتلقى تعليمك تحت جدران مهترئة وطاولات وسبورة مكسورة انظر ايها المغربي اين ولمن تعطى الملايين وانت تئن من الجوع ومن الفقر ومن الجهل فملايينك وميزانياتك تذهب الى امثال هذا,0,standard,negative
استغفرالله الذي لا إله إلا هو الحي القيوم وأتوب إليه,0,standard,positive
صباح الخير قلب مدينتي,0,standard,positive
كثرت فيك الذنوب والمعاصي ف يارب سجدة ببن يديك فيها توبة و عفو,0,standard,positive
لارام توقف تحليق مركبة بوينغ ماكس,0,standard,neutral
جمال العقل قبل جمال الشكل,0,standard,positive
رسميا الفرنسي زين الدين زيدان يعود إلى قيادة سفينة,0,standard,neutral
من ترك شي لله عاضه الله بخير,0,standard,positive
تثمين العمل التطوعي,0,standard,neutral
هناك حجم كبير من التفاهة يحيط بنا,0,standard,negative
والله حشمت منك ختي سنسن على هذه العبارات الزينة أنت كلك إحترام والله,1,dialectal,positive
وراني عرفت,1,dialectal,neutral
الله ابارك فيك,0,standard,positive
تفكير سليم من سيدة مغربية ماأحوجنا لأمثالك سيدتي الجزاء ليس فقط في بناء المساجد بل أيضا في الاستثمار في العقول البشرية,1,dialectal,positive
انخفاض درجات الحرارة,0,standard,neutral
منكر هذا,0,standard,negative
مرشحا رسميا,0,standard,neutral
أودي راه كنشجع مدريد,1,dialectal,neutral
تصبحون على واقع أجمل,0,standard,positive
على المباشر و غير متوقع,0,standard,neutral
في الصميم,0,standard,positive
ثقافتي جد محدودة فهاد الميدان,1,dialectal,neutral
العشاء الصحي يكون خفيف,1,dialectal,neutral
حتى نتا كسول,1,dialectal,negative
كن جميلا في كل شيء صداقتك ، حبك ، أخلاقك ، تعاملك حتى في البعد كن جميلا,0,standard,positive
المحبه من الله ماهي بكثر السنين,0,standard,neutral
آمين امين واياك يارب,0,standard,positive
إن الله يديم نعم الحامدين، فالحمدلله كثيرا,0,standard,positive
لا يهمني من تكون كن معي جميلا اكن معك أجمل,0,standard,positive
نعم للحرية,0,standard,positive
معذور بصح هو ترويح عن النفس الى الانسان عدو فائض دالوقت,1,dialectal,positive
طلعت لينا راحة فراس اخويا الملل و حدم الشعور بالراحة النفسية,1,dialectal,negative
الخيال واسع تبارك الله,0,standard,positive
حزني كثير والله,0,standard,negative
دركيون يحجزون مخدرات دون توقيفات في فرخانة,0,standard,negative
إن الله يديم نعم الحامدين فالحمدلله كثيرا,0,standard,positive
ليت المسافه تنطوي ليلة العيد,0,standard,neutral
يسلمو عيونك,1,dialectal,positive
راه ما استاذ ما والو راه عندو غير لباك,1,dialectal,negative
ما رأيكم في نتائج قرعة ربع نهائي دوري أبطال أوروبا,0,standard,neutral
لقد اصبح العالم الإسلامي والعربي على الوجه الخصوص تافه,0,standard,negative
معرفتش,1,dialectal,neutral
اعتقد بأن الإحساس الأروع في العالم أن يكون المرء مطمئنا مطمئن لا أكثر لا يشعر بالخوف او الريبة لا تعتليه الشكوك او الضيقة مطمئن فحسب,0,standard,positive
تعطى للذات لتبدع و تفجر ما بمكنونتها من نجاح,0,standard,positive
سول فيك الخير و الرباح ربي يخليك,1,dialectal,positive
و على العهد باقون,0,standard,positive
سيصبح عقلك أكبر من عمرك بكثير,0,standard,neutral
اجمل صباح من اجمل خديجة فالكون,0,standard,positive
الله يسامحنا حبيبتي ويمدنا بقوة من عنده سبحانه,0,standard,positive
من نيتك شي مرات قلتي انا راه ديما هاكا,1,dialectal,neutral
ان شاء الله في مباراة الغذ يعطو افضل مالديهم,0,standard,positive
الله يبارك لها في صدقتها,1,dialectal,positive
اللهم صل وسلم على نبينا محمد وعلى آله وصحبه أجمعين,0,standard,positive
يا قلبي اللهم نصرنا علي انفسنا اللهم قنعنا بما رزقتنا وبارك لنا فيه,0,standard,positive
عوجيين ولكن زوينين,1,dialectal,positive
أنا أعلم أنك تحبني لكنني أيضا أعلم أنك أنت الذي أغرقني في كل هذا الحزن,0,standard,mixed
بإذن الله يارب,0,standard,positive
سلام حبابي توحشتكم واش كاين شي صهد عندكوم كنبغيكم بزاف بون ويكاند تسناو الجديد,1,dialectal,positive
جاكرتا تفتتح أول خط مترو بعد تأخير عاما,0,standard,neutral
كتحطني امام امر الواقع مرحبا بيكم نعام سيدي,1,dialectal,positive
إنا لله و انا اليه راجعون,0,standard,neutral
المغرب يظل كبيرا بتاريخه الذهبي وجاله العظماء رغم كيد و تشويش قناة العربية المدعومة سعوديا ضد وحدته الترابية,0,standard,positive
امين يارب جزاك لله خير يا رب,0,standard,positive
انا معاك خويا العزيز,1,dialectal,positive
اللهم امين اختي,0,standard,positive
حرام و الله هذا الظلم,0,standard,negative
عجباتني هاد اللعيبة جاوبوني بالصراحة,1,dialectal,positive
لكل مجتهد نصيب مبروك لمنتخب قطر,0,standard,positive
فعلت كل شي لإسعادك لكنك لا تشعر للأسف,0,standard,mixed
للمرة العاشرة أشعر باهانة شديدة حين اقرأ كانط وهيجل إذ احتار بين كوني غبيا أو جاهلا,0,standard,negative
هذه ليلة من تلك الليالي التي لم انم فيها من فرط التفكير,0,standard,neutral
هنيئا لك,0,standard,positive
اتفق معك المهم المصلحة العامة تغلب على كل شيء,0,standard,positive
العنف في كل مكان,0,standard,negative
اللهم ارزقنا حسنة في دنيا وحسنات في الاخرة,0,standard,positive
كنت غادي نعس ولكن فرحة مان يونايتد جعلتيني لا اشغر بنوم,1,dialectal,positive
العبيد فى اعلام العار,0,standard,negative
مبروك لمصر اللقب,0,standard,positive
انا احب الجمال الخارجي,0,standard,positive
أنا جالس اللعب,0,standard,neutral
تلاميذ المغرب يواصلون الاحتجاج على على أمل أن تعلق بنصف كلمة تتفهم مطالب مستقبل المغرب,0,standard,neutral
انا ريكلت الماكانا هي للي غتصوني ليا,1,dialectal,neutral
الصبر مهما طال له وقت محدود,0,standard,neutral
خليها تحدي بيني و بينك و رد عليا لخبار,1,dialectal,neutral
اللهم امين صديقي,0,standard,positive
يشرفني طبعا لكن اني مغربية بس لنا صلة رحم معهم,1,dialectal,positive
لا أحد يتألم بدلا عنك، فحافظ على قلبك,0,standard,mixed
مصر نريد فوزا اليوم لا تخذلونا,0,standard,positive
هذا فرح كثر من اللازم بالاضافة الى وجود بعض المتعصبين,1,dialectal,mixed
الله أكبر,0,standard,positive
شكرا لأصحاب الوجه الواحد والقلب الواحد والموقف الواحد,0,standard,positive
انا في الصف الاول تاع الهاربون والهاربات,1,dialectal,neutral
اسهل العبادات وابسطها الإستغفار,0,standard,positive
نعم ان احب نفسي دائما,0,standard,positive
اخ عزيز و غالي,0,standard,positive
كذابين بالشعور وبالكلام وبالوعود وبكل ‌شي,0,standard,negative
مهما حزنت على رحيل شخص صدقني لابد أنك ستفرح بشخص آخر,0,standard,mixed
لطافة لأبعد الحدود,0,standard,positive
لكن القدح في اعراض بنات المسلمين و الطعن في شرفهن بدون وجه حق اقبح و اشنع و اسوء واصحابها في جهنم لذلك الاحرى بك تنصح نفسك و من هم على شاكلة هؤلاء و لا احد شمت لكن عسى ان تكون موعضة لمن يطعن في شرف المسلمات و اهل بيته بدون شرف و لو ت,0,standard,negative
الحمد لله سول فيك الخير شكرا,1,dialectal,positive
أتمنى لكي سعادة لا تبارح محياك غالتي,1,dialectal,positive
اوجعوك كنت لك سماء لكنك تعلقت بأرض السافلين,0,standard,negative
اه صافي فهمت,1,dialectal,neutral
صباح الورد يا قمر,0,standard,positive
لا اله الا الله شيء يحزن و الله اؤمن بشيء اسمه العدالة الكونية سيدفع الثمن من كان سببا في تشرد هذا الفتى و لو بعد حين,0,standard,negative
يبدو انهم يريدون ارهاقنا بدنيا و نفسيا و ماليا,0,standard,negative
ايه اسيدي كتعجبو اللهجة,1,dialectal,neutral
ما أجمل الصباح عندما يخبرنا أن الأماني مهما تأجلت سيأتي فجرها لتشرق فاستبشروا وتفاءلوا صباحكم تفاؤل وأمل وسعادة,0,standard,positive
مشرفين,1,dialectal,positive
تأسيس أول اتحاد مغربي لسائقي الدراجات النارية الرياضية بالمغرب,0,standard,neutral
هاد الضحكة للي كنت سباب انها تطلع من القلب و الله ما عندها ثمن و ان شاء الله مأجور عليها من عند,1,dialectal,positive
أجر لك و لي و لمن بعدك,0,standard,positive
هناك دوما اناس طيبين و رائعين يشعرونك بسمو الانسانية رغم فوارق اللغة و الانتماء و المعتقد شكرا لك صديقي على تلك المشاعر النبيلة,0,standard,positive
لا اله الا انت سبحانك اني كنت من الظالمين,0,standard,neutral
سوف افعل غاليتي صافي حطيت عقلي في راسي و ان شاء الله خير,1,dialectal,positive
انت الاصدق اخي,0,standard,positive
نسبة الغياب ترجع لإدارة التعليم أنت وزيرها ما تعرف كيف تدير إدارتك فاشل كبير,0,standard,negative
صحيح اتفق معك لكن للاسف كانت هناك بعض الحركات الاستفزازية للجمهور من قبل حارس الفريق البركاني,0,standard,mixed
موقف جميل,0,standard,positive
ركود العقار يدفع مجموعات استثمارية إلى التصدير,0,standard,neutral
ليس كل من نحب سيحبنا بقدر ما احببناه,0,standard,negative
طيبتونا بالشفاوي,1,dialectal,negative
الله على راحة الله,0,standard,positive
لا سمحلي اعزيز ممتافقاش معاك الاشهار اصلا هو العرس والاشهار كيديروه مالين العرس ماشي الضيوف اما باش واحد من المعزومين ينشر صور العروسين من غير اذنهم هدا راه سميتو انتهاك للحرمة,1,dialectal,negative
الله يعزك اخويا محمد,1,dialectal,positive
و اجمل ما فيه حواره مع المجنون,0,standard,positive
من منا لا يحب الحرية,0,standard,neutral
أبرياء جدد تسفك دمائهم في بلاد الكفار,0,standard,negative
يحاولون التظاهر بقسوة قلوبهم بعدم اهتمامهم بالحب وهم في الحقيقة إليه أحوج وبه تحيا قلوبهم,0,standard,positive
كن بسيطا فإن البساطة بذاتها جمالا,0,standard,positive
حسبنا الله ونعم الوكيل,0,standard,negative
احترم رأيك أخي,0,standard,positive
جيش الاحتلال الصهيوني يتهم قوات إيرانية في بإطلاق صواريخ على عدة مواقع الكيان الصهيوني,0,standard,negative
العتب مرات من كبر المحبة,0,standard,positive
الله يطول فعمرها,1,dialectal,positive
واش بصح شافو الملائكة تحلق في سماء مكناس لا يجوز لأحد – بعد الأنبياء أن يدعي رؤية الملائكة ؛ فهم أجسام نورانية لم يجعل الله تعالى في مقدور البشر رؤيتهم إلا إن تشكلوا فتاوى اللجنة الدائمة ،,0,standard,neutral
وان لم تجدوا ما تفعلوه استغفروا,0,standard,positive
مالكوم اليوم كلشي طالع ليه الدم,1,dialectal,negative
رمضان اللهم لا تخرجنا من رمضان إلا وقد غفرت لنا اللهم تقبل منا صالح الاعمال,0,standard,positive
مهما حرصت واجتهدت في تدبير أمرك فإن حكمة الله نافذة وما يختاره لك فيه الخير,0,standard,neutral
أن تحسن لمن أحسن إليك الكل يستطيع ذلك لكن أن تحسن لمن أساء إليك فذلك لا يستطيع فعله إلا العظماء,0,standard,positive
صباحكم خير وسعادة,0,standard,positive
اسحب كلامي,0,standard,neutral
الجالية الإماراتية المقيمة في المغرب قلوبنا معكم و لن نترككم ويمكنكم في الهزائم أن تراهنوا علينا وكفى,0,standard,positive
كلام مرفوض لأنه يدعو الى الكره و البغض,0,standard,negative
كان في البداية ناجح لكن في النصف الثاني أضاع الخطة و أصبح جد ممل,0,standard,mixed
موجودات غير هو نتا ف الرباط مانظمنش ليك تلقا فيها,1,dialectal,neutral
صباح الفرح نفتح اعيننا ولكل مايشغله فلا نترك هموم الدنيا تأخذنا ولنركز في الأهم وهو ايمانك بأن لك رب يسمعك وماتمر به فهو بعلمه وهو المقدره عليك لأسباب لا يعلمها الا هو فلتطمئن انك بصبرك وبحمدك مأجور واعطاك الحلول منها استغفر الله الحمدالله لااله إلا الله والله اكبر,0,standard,neutral
جزاك الله خير على التصحيح وصلتني على الواتس اب من صديق,0,standard,positive
الحب هاداك,1,dialectal,positive
لا اتفق معك نحن اخدنا نصيب الأسد من التركيز على حياتنا و اكثر من هذا تخللها كثيرا من الظلم و الافتراء في حق اعراضنا لكن الان سقط قناع التمسك بالدين الذي كانت بلاد الحرمين توهم به العالم و ان السعودية مختلقة عن باقي العربات,0,standard,negative
هانية حنا هنا باش نشجعوا المواهب الكوميدية الجديدة,1,dialectal,neutral
الله ينتقم منهم اجمعين,0,standard,negative
اوهموك اني نسيتك للأسف,0,standard,negative
أيام جميلة كانت,0,standard,positive
لقد اثبت التاريخ ان لا أحد يتعلم من التاريخ,0,standard,neutral
ياالله يسر أمري سهل طريقي أسعد قلبي أرح بالي وحقق حلمي إنك على كل شيء قدير,0,standard,positive
اسعد الله أوقاتك بكل خير,0,standard,positive
وسخ الدنيا الله يعزك,0,standard,mixed
لو كنت بالمغرب للبيت النداء لكن القلب هناك غدا ان شاء الله,0,standard,positive
هاد الجواب كيوضح بان الخطاب ديالك متناقض مع احترامي,0,standard,negative
تحطم ماكس يسقط أسهم بوينغ بالبورصة,0,standard,neutral
وي وي على الرومانسية,1,dialectal,positive
إمكانية التخلي عن الساعة الإضافية,0,standard,neutral
مرورك الأجمل,0,standard,positive
اتفق و بشدة,0,standard,positive
رجل يحبها اكثر من ابيها,0,standard,positive
المسامحة ا الخوت الموت هادشي بزاف على,1,dialectal,positive
لذلك وصفناه بالقذر,0,standard,negative
ثقيلة طبع ، لكن بالهوى طفلة,0,standard,mixed
الله يخفف ما نزل,1,dialectal,positive
الشجاعة هي كولشي,1,dialectal,positive
لتعلم أنك حاضر بي هنا في أعماق نقطة بداخلي تشع في كل أشيائي المظلمة حاضر بالرغم من أنني لا أراك,0,standard,positive
احم ابصحتك,1,dialectal,positive
بعض المرات عندما ارى لوحة لرسام اطيل النظر اليها حتى ان لم استوعب شيئا اقول انه يخربق لا اقل و لا اكثر مجرد دمج للالوان اي احد يستطيع فعلها,1,dialectal,negative
نعم آتعلمي مني ونتعلم منك بارك الله فيك شاف سومية,1,dialectal,positive
اكبر اجحاف في حق ابناء هذا الوطن العزيز,0,standard,negative
نعم التربية,0,standard,positive
أسعد الله يومكم بكل خير,0,standard,positive
عقود من الحقد على منطقة الريف,0,standard,negative
الحمد لله على السلامة طبتم وطاب المساء بحضوركم,0,standard,positive
المغربي لكبير يخوض تجربة جديدة في السويد,0,standard,neutral
اسهل طريقة لزيادة عدد المعجبين لصفحة الفيس بوك,0,standard,neutral
يا مجمل الصبح بعيوني يا طلة الصبح الجميل,0,standard,positive
الحمد لله انتبه لنفسك انت لان القلم سيتعب من كتابة سيئاتك,1,dialectal,positive
ليل الخير على الجميع,0,standard,positive
السلام عليكم ورحمة الله وبركاته,0,standard,positive
أربعة أشياء لا تتركها في حياتك لا تترك الشكر فتحرم الزيادة ولئن شكرتم لأزيدنكم ولا تترك ذكر الله فتحرم ذكر الله لك فاذكروني أذكركم ولا تترك الدعاء فتحرم الاستجابة أدعوني أستجب لكم ولا تترك الاستغفار فتحرم النجاة وما كان الله معذبهم وهم يستغفرون,0,standard,neutral
مساء الخير عليكم,0,standard,positive
اخ اشتقت للحلقات الاولى,0,standard,neutral
كملوا يعطيكم الصحة,1,dialectal,positive
الدولة تخرب ما بقي من التعليم و التعاقد,0,standard,negative
الله يرحمها ويغفر لها يارب,1,dialectal,positive
جمعة مباركة للجميع,0,standard,positive
اللهم اغننا بحلالك عن حرامك وبفضلك عمن سواك,0,standard,positive
يعني حاطة لمغرب مقسوم على اثنين وجاية تسولي هاد السؤال ياخي بركا من النفاق,1,dialectal,negative
اهلا بصاحب القيلولة,0,standard,positive
لا لا باينا الذكاء عمل جيد واصلي,1,dialectal,positive
هذا مانتمنى الله يرفرحنا,0,standard,positive
اكبر عصابة في أمريكا هما شركات التأمين راه ارباحهم خرافية,1,dialectal,negative
اغضب كما شئت لكن لا تجرح احدا,0,standard,positive
أكاديمية فاس تتخلى رسميا عن نظام التعاقد,0,standard,neutral
لن تحقق النهضة أهدافها بصفقات مع المجرمين,0,standard,negative
ثنائي التحدي والمغامرات,0,standard,positive
جعل الله يوم الجمعه لكم نورا وظهره سرورا وعصره إستبشارا ومغربه غفرانا وجعل لكم دعوة لا ترد ووهبكم رزقا لا يعد وفتح لكم بابا إلى الجنة لا يسد,0,standard,positive
السكوت علامة الرضا,0,standard,positive
هذا الدجال الكبير هو من افتى بقتل مسلمين,0,standard,negative
بالصحة و الراحة و الله يطول عمرها,1,dialectal,positive
انا كنشجع الفرقة ماشي البراهش,1,dialectal,negative
اللهم اغفر له و ارحمه و تجاوز عنه,0,standard,positive
كل ما فكرت فيك ابتسمت,0,standard,positive
القرف هو ماتنضح به مخيلتك الخصبة,0,standard,negative
أحب فيك الحيا والثقل والغيره وعيونك الناعسات وبسمة عيونك,0,standard,positive
اولا انا لست صاحبة النشر اذا بتلاحظ أنا فقط اعدت التغريدة و هدا ما نقوم به جميعنا هنا بتويتر ثانيا الاساءة من الفعل نفسه و ليس من نشره ثالثا لماذا لا نسمع لكم حس و لا اعتراض و لا انتقاد عندما يساء لمسمعة مغربية عندما يطعن في شرفه,0,standard,negative
لا ذنب للمخلوق في خلقه,0,standard,neutral
نجم المقابلة,0,standard,positive
جعل كل النسمات في قلبك,0,standard,positive
فعلا صدقت وقبلك صدق رب العالمين,0,standard,positive
اوا الحمد لله,1,dialectal,positive
لا لا يمكن,0,standard,neutral
و يومك اسعد عفاف,0,standard,positive
وكان حصار المتظاهرين واستئجار البلطجية لضربهم وقتلهم ومنعهم من العلاج,0,standard,negative
ياك الحمد لله,1,dialectal,positive
الله ياخد الحق,1,dialectal,positive
ناوي تزوج زعما,1,dialectal,neutral
مزيان حتى هادي فكرة,1,dialectal,positive
كثيرا جدا جزيلا,0,standard,positive
اصلا الدراجي ملي بدا الماتش و هو يقول خروج اسبانيا عطاهم الفال وخا عندهم ماتش ساهل,1,dialectal,positive
هانية اخويا اشرف غير ضاحكين حمدلله,1,dialectal,positive
هو يبني البلاد بروحه و البعض بهدم ما بناه بارواح غيره حسبنا الله و نعم الوكيل على الكلاب المصعورة,0,standard,negative
كيعجبوني الاباء لي كيربيو ولادهم على الشخصية القوية,1,dialectal,positive
نفايات المملكة تتكاثر بالنصف عام البيضاء في الصدارة,0,standard,negative
ملامحك في خاطري عيت تغيب,1,dialectal,positive
مدينة هادئة,0,standard,positive
أحسن حاجة وقعات ليا هاد الأسبوع تصورو معايا أطفال الصم والبكم و كبرو بيا,1,dialectal,positive
قبل ان تشرب القهوة ستشعر انك تكره جميع الناس، وبعد ان تشربها ستظل تكرم لأن القهوة ما عندها علاقة بالموضوع,0,standard,neutral
مبروك للوداد و الوداديين البطولة قريبة ان شاء الله,1,dialectal,positive
من شيمك الجميلة,0,standard,positive
مبروك التأهل,0,standard,positive
هذا حالنا للاسف انا همي الجيل اللي جاي خصوصا ابناء منطقتي لا ابخل عليهم بالمساعدة و المشورة و الله كاينين ناس دبا ف لافاك باقين يطلعوني على شي مسائل و يستشرو معي و لله الحمد والتلاميذ اللي مقبلين على الامتحانات ضروري ما يجو يستاشروا,1,dialectal,negative
كان لا يزال يرفعه,0,standard,neutral
صحيح الاباء و تربيتهم هي الاساس,0,standard,positive
بما في ذلك الحجاب الشرعي,0,standard,neutral
مادام انه قمر ليلي لا اشوف النجم لو يكثر,0,standard,positive
آمين يا غالية ربي يطول في عمرك يا رب,1,dialectal,positive
مواجهة التانغو وديا اختيار عشوائي أم نظرة تسويقية للمغرب,0,standard,neutral
هناك استثناءات بالطبع,0,standard,neutral
سلمت وسلمت اناملك ودام عزك ونبض قلبك وقلمك أدع ربي الكون يحفظكم طبتم وطاب بكل الود إخوتكم,0,standard,positive
نتمنى تفوز الرجاء,0,standard,positive
إن الله لا ينظر إلى أجسامكم ولا إلى صوركم ولكن ينظر إلى قلوبكم,0,standard,neutral
اللهم امين حسبنا الله و نعم الوكيل,0,standard,negative
عيد استقلال لمن تتحروا من الإستعمار الفكري و الفعلي أما الورقي يظل ورق,0,standard,negative
الحب ليس كلمات تؤخذ من الأغاني وليس حجارة تستخدم لبناء قصر أوهامي الحب إحساس بقلب يخاف عليك يمنحك الابتسامه,0,standard,neutral
كلنا في الهوى سوى فصبر جميل,0,standard,positive
والله يعلم وأنتم لا تعلمون,0,standard,neutral
لاء ولكن انا اي واحد كيربح كنفرح معاه وفتش كيخسر كنضحك عليه,1,dialectal,positive
معك حق ما دامت الاستفادة حاضرة غاب التفكير في المغادرة,0,standard,positive
وجهة نظر,0,standard,neutral
وفي يوم الجمعة يارب طهر أيامنا من الهم والحزن وافتح لنا أبواب السعادة وامل نسألك بعظمتك أن تجعل للحزن مكانا في قلبنا,0,standard,positive
خطأ فادح من حكيمي يتسبب في هزيمة قاسية,0,standard,negative
تشجيعك الأروع والله,0,standard,positive
اه مزيان,1,dialectal,positive
الدنيا متااع وخير متاعها المرآة الصالحة,0,standard,neutral
لأول مرة كنشوف شركة كتدير للإشهار لمنتوجين متنافسين في السوق,1,dialectal,neutral
آميين كل واحد و كيف يفكر كل واحد و العقلية اللي تحكمو,0,standard,neutral
و ال سعود يذلهم الله على يد فاجر,0,standard,negative
فعلا يا قلبي الله يبشرك بما تتمنينه عاجلا يارب يارب,0,standard,positive
على سبيل الترفيه و الضحك,0,standard,positive
ان كان الخبر صحيحا فحسبنا الله ونعم الوكيل في كل لئيم تجرأ على اخوانه المسلمين,0,standard,negative
لا حول و لا قوة الا بالله,0,standard,neutral
برافو الاصدقاء و الصديقات بفرع تمارة لجمعية باطلاق الاذاعة الجمعوية بمدينة تمارة هنيئا لنا بهذا المولود الجديد و كل التوفيق في رسالتكم الإعلامية,1,dialectal,positive
منهم عدد خويا الواحد هو اللي يكون منطقي مع راسو اولا عاد يشوف عباد الله,1,dialectal,neutral
أمين ممشا معاك باس اخويا,1,dialectal,positive
يسعد ايامك,0,standard,positive
افعل بهم كما يفعلون بك,0,standard,neutral
اللهم امين و جميع امهات المسلمين,0,standard,neutral
حتى عندنا موجود و لله الحمد حتى في بعض المناطق عندنا يسموه الدلاع,0,standard,neutral
شفت وانصدمت,0,standard,negative
مبتلي بحبها ، أي والله إنها أجمل ذنوبي,0,standard,positive
و الشعوب التي تعرف انها لا تخدم مصالحها و لا تحرك ساكنا تستحق ان يكذب عليها,0,standard,negative
سؤال محير بقدر سهولته تتجلى صعوبته لا ارى مكان سامتنع عن زيارته ان اتيحت الفرصة,0,standard,neutral
ماصدقتيش,1,dialectal,negative
هي مجرد تغريدات,0,standard,neutral
معبرة وحق الله,1,dialectal,positive
وييه كنت عارف اتكوني ملاهيا مع الضياف ماشي مشكل الله يخليكم داىما مجموعين يارب,1,dialectal,neutral
الله يسر للجميع,0,standard,positive
الخدمة الخدمة,1,dialectal,neutral
هذا عنوان لقصتي المستقبلية,0,standard,neutral
الاخوان المفسدون,0,standard,negative
علاش تتعاير,1,dialectal,negative
حشمتيني و الله,1,dialectal,neutral
نطالب من المحسنين ترميم المدارس والحجرات الدراسية,0,standard,positive
صباح الخير على الجميع,0,standard,positive
هل من ترحيب,0,standard,positive
أنا ما رجاوي ما ودادي أنا كنموت على ليفربول لكن مقارنتي الشخصية كنقول اليوم أفضل من مباراة الخميس,1,dialectal,positive
إمضي في طريقك لا تنظر إلى الوراء,0,standard,neutral
اتفق بشدة,0,standard,positive
المجرم اللي نهار او مطال ونتا كتقلب عليه هاهو كيلعب فالجردة,1,dialectal,negative
الله يحفظك ماعنديش فكرة والله اعلم عموما شكرا بزاف جواد,1,dialectal,positive
شكرا شكرا ليك رااه غنصايبها احسن منك دابا تشوفي,1,dialectal,positive
رجل معقول هذا,1,dialectal,positive
العفو أخي,0,standard,positive
رأي الأخرين عنك لا يهمك يا صديقي الأهم هو رأيك عن نفسك ركز على نفسك وتطور,0,standard,positive
قناة مريضة,1,dialectal,negative
بنت الدار الكبيرة مستحيل تقلق,1,dialectal,positive
عندما يتجسد الوفاء,0,standard,positive
احسن مادرتي فحياتك,1,dialectal,positive
هادوك هما المنشطات,1,dialectal,neutral
حظر استعمال الهاتف فوق الدراجات,0,standard,neutral
ادخل و تعرف لاش حنا باقييين معطليين,1,dialectal,neutral
الزهر يضع عينه على تحطيم رقم النيبت بالليغا,0,standard,neutral
الله الله شكون عندوا اختو العزيزة تتهلا فيه الله يخليك ليا ربي ينورك لبا بنوتة الصغيرة ديالي,1,dialectal,positive
هذا المكان أين روعة ما شاء الله,0,standard,positive
مستوى ضعيف بزاف,1,dialectal,negative
يبدو اننا سنرى ماركو رويس بعد فترة ليست بالقصيرة لم يشارك فيها مع المانشافت في بطولة عالمية و السبب كلما اقترب موعد احدى البطولات يصاب اللاعب,0,standard,neutral
كنت مفهوما بشكل خاطئ طيلة الوقت للأسف,0,standard,negative
ماعدت أثق ف أحد أبد إحساسي المخذول مات,0,standard,negative
ماشاء الله اللهم حفظنا من الفتن,0,standard,positive
عالق في أذهاننا,0,standard,neutral
انا ضحيه جفاك وكذبة ظروفك,0,standard,negative
اي هذه الحطة الاولى قبل دجاج محمر,1,dialectal,neutral
رئيس سيراليون يرأس بالبيضاء منتدى دوليا للتنمية,0,standard,neutral
هاد الصهد خاااادع,1,dialectal,neutral
تشابه الفرح و الحزن الحنان و الجفاء و الهجر و الوصال لا عاطفة,0,standard,mixed
وهبي التعاقد لا يوفر ضمانات قانونية للأساتذة وهذه إمكانية الإدماج,0,standard,neutral
راني غير ضاحك تحياتي,1,dialectal,positive
قريت هاد الخير فانفجرت ضاحكا لا ما تشوفيش هاد الجانب نسايه شوفي الجانب المشرق و الاستقرار,1,dialectal,positive
شكرا خويا هشام على الإستظافة القادم احلى,1,dialectal,positive
الجزء الاول باحدى المطاعم و الجزء الباقي في البيت,0,standard,neutral
فعلا بين الفينة و الاخرى و في المنازل ايضاا,0,standard,neutral
كملت المسلسل المصري ديال هاني سلامة لي كنت نتفرج فيه,1,dialectal,neutral
سلام وجوه الخير أي واحد كيتسنى الأغنية الجديدة يدير ڤيديو صغير يقول فيه الاسم والمدينة فين ساكن,1,dialectal,positive
تستحق نطبقوها حتى ف البيت,1,dialectal,positive
هي حبيبتي و لو حبنا كله خصام,0,standard,positive
صلي بخشوع و تعطلي في السجود و قولي داكشي لي فخاطرك و غتبكي دغيا وغتخرج ديك الطاقة السلبية والخنقة لي حاسة بيها,1,dialectal,positive
الفقراء ليهم الله اخاي,1,dialectal,positive
فاش كنشوف شي واحد كيزيد معالق ديال السكر فكاس ديال اتاي,1,dialectal,neutral
نتشرف اهلا و سهلا تابع الاخوة المغاربة,0,standard,positive
فراق الاحبة اشد من الموت,0,standard,negative
الله ينتقم من اللي كان السبب وصافي,1,dialectal,negative
هي المصدر غير موثوق,1,dialectal,neutral
آختي سومية روح جميلة تملك التقدير والإحساس فتربيتها وفهمها للحياة يملؤها بالرحمة واللطف والمحبة العميقة الروح الجميلة لا تحدث كهدا فحسب حفضك الله ورعاك وفرح قلبك,0,standard,positive
ياحبيبي الله يصبرك,1,dialectal,positive
نعم كثير مرات,0,standard,neutral
رب آتنا من السعة في القلب و الرزق ما لا تشق به الحياة علينا ولا نشقى,0,standard,positive
صباح النور حبابي جمعة مباركة ابن جرير,1,dialectal,positive
ياليل ياجامع على الود قلبين,0,standard,positive
سبحانه وتعالى,0,standard,positive
الله المستعان,0,standard,negative
سكت اولد لحرام,1,dialectal,negative
أعجبني واحد الإعلان دانماركي على الخريطة ديال استفزوا فيه الكيان الصهيوني ياريت يكونوا اشهارات او إعلانات عربية مماثلة,1,dialectal,positive
عموما الموضوع ليس صحيح جملة وتفصيلا اثاره من يحب اشعال نار الفتن وهو امر مختلق تماما,0,standard,negative
قيل لاعرابيه ما هو الذل قالت وقوف الكريم في باب لئيم ثم لا يؤذن له,0,standard,neutral
غير بغا يلعب معاك,1,dialectal,positive
غالبا عندك الحق,1,dialectal,positive
الله يرزقنا من فضله,0,standard,positive
بين جبال الأطلس المغربية تاج من البياض لمملكة البحيرات منطقة خنيفرة المليئه بالسحر,0,standard,positive
عيد مبارك سعيد رغم الإعتقال للمعتقلين السياسين للشعب المغربي على رآسهم الصنديد ناصر الزفزافي الحرية له ولي كافة المعتقلين السياسيين,0,standard,mixed
لن أصدق كتب التاريخ بعد اليوم وقد رأيت الحاضر يزيف بلا حياء فكيف بتاريخ كتبه منتصر,0,standard,negative
لا تخبروني عمن يكرهني أو يتكلم عني اتركوني أحب الجميع و أظن أن الجميع يحبني,0,standard,positive
بعد سنوات الرصاص أملنا كان أن تتحسن حالة البلد لكن يبدو أن حليمة عادت لعادتها القديمة,0,standard,negative
مزيانة للبلاد,1,dialectal,positive
يخافو عليهم من حقهم و لكن التدليع لاعلى درجة لاش بما اني ولد البادية فالمشكلة ما بقيت تلقا دوك الولاد الحرشين الحارين كما نقولو,1,dialectal,neutral
اكثر شعور يوجع,0,standard,negative
عام الحصاد على اتم وجه في وجود الدافع الايجابي من الحبيبة الغالية,0,standard,positive
رسالة شكر وتقدير إلى كل أم وأخت وإبنة تعبت في إعداد مائدة الإفطار لأسرتها وما جزاء الإحسان إلا الإحسان فأحسنوا بالكلمة الطيبة والقول الجميل,0,standard,positive
و حفظك الرحمان,0,standard,positive
الهند وباكستان يتفقان على طريق للزوار السيخ,0,standard,neutral
مشينا لأحسن بحر و لكن وقع ليا مشكل خطير,0,standard,mixed
ابيات شعرية,0,standard,neutral
صباح الخيرات احبائي,0,standard,positive
متخلق و معلم,0,standard,positive
سير عطيني التساع ما متبعاك ما متبعني ا وقر عليك الناس,1,dialectal,negative
نحمد الله ونشكره وأنت كيف حالك,0,standard,positive
سير عند شي فرقة ديال غناوة يعلموك,1,dialectal,neutral
زائد اللي جاب أي كتابة كايلصقها لشي شخصية تاريخية أو يدير شي تصويرة لا تمث للموضوع العبثية,1,dialectal,neutral
يحفظ الله الأمة بالمصلحين,0,standard,positive
الشعب في واد يعاني الويلات و هاد الناس في واد يخططون و يعيشون حياتهم دون مراعاة للطرف الاخر,0,standard,negative
الا يعلم المسلمين ان اليهود هدفهم الغدر وهل اليهود يأتمن لهم حتى ننتظر منهم خيرا العيب فبنا و ليس في غيرنا,0,standard,negative
الله يوقف معاك آ الضرافات و يغلبك على الزمان,1,dialectal,positive
ويسعدك يا أحلى عمو في الدنيا,0,standard,positive
دمت طيبة و بارك الله لك في كل ما تتمنين,0,standard,positive
يستاهل بوقال,1,dialectal,positive
غزة تحت القصف الصهيوني,0,standard,negative
لا قلب و لا ضمير,0,standard,negative
آمين في آمان الله,0,standard,positive
داك اليوم كلنا له العبرة بما قدمت تحياتي,0,standard,positive
انتبه لنفسك جيدا كي لا تقع في فخ اعداءك,0,standard,positive
احب نفسك و اهلك و دينك و بلدك و لا تهتم بمن يكرهك,0,standard,positive
هل تسمحين لي باخذها,0,standard,neutral
حبيبي تشرفت بالتواجد معكم وإن شاء الله أنتم تأمرون أتشرف أي وقت,0,standard,positive
لا اظن ان الجزء الاول موجود على الشكل الالكتروني,0,standard,neutral
كل شيء اصبح مملآ والحياة تنقاد نحو الهلاك,0,standard,negative
الرجاء مشات فيها يا خويا,1,dialectal,negative
اداء رائع من الفريق الوطني المغربي المنتخب البرتغالي سرق الفوز فقط معليش معليش,0,standard,positive
عجائب و غرائب الانسان لا تنتهي دائما صدمات للأسف,0,standard,negative
ابتسم فأنت في دولة عربية,0,standard,positive
صداقه واحدة أجمل من ألف حب,0,standard,positive
فوز الريال و بحصة كبيرة ان شاء الله,0,standard,positive
أمطار الخير في مدينتي,0,standard,positive
نحن امام انهيار لشرعية المجلس الأعلى,0,standard,negative
مرحبا خويا,1,dialectal,positive
هادي هي حقيقة التيتيزات للاسف,1,dialectal,negative
الله الله تبارك الله ماشاء الله يتربى فعزكم يا ربي,0,standard,positive
افضل برنامج,0,standard,positive
أنت في التميز عنوان وفي الجمال والأخلاق آية دمت ودام ابداعك المتواصل,0,standard,positive
يجيلك الخير و البركة سلامتك,1,dialectal,positive
محفظة منزلية الصنع,1,dialectal,neutral
ان شاء الله اخي,0,standard,positive
في امان الله و حفظه و رعايته,0,standard,positive
مات شرفهم وجدوه مسفوحا على شجرة,0,standard,negative
مخلط مع شي حاجة اخرى داكشي علاش المفعول قوي,1,dialectal,neutral
لاتثق بالكلام ، ثق بالأفعال فقط,0,standard,neutral
رمضان اللهم إني اسألك راحة تغنينا عن كل شيء,0,standard,positive
نرجو من الله ان نكون منهم حفظكي لله وحماكي ورعاكي بعينه التي لا تنام,0,standard,positive
صدام الله يرحمه كان الجدار العظيم اللي صد إيران الأن إيران تمرح في الخليج بدون حسيب ولا رقيب,1,dialectal,positive
بديتها بداية خايبة بزاف باقة عاقلة على داك نهار كحل موراها مرضت كثر من شهر من بعد تبدلو بزاف د الحوايج بديت خدمة جديدة ف مدينة جديدة عرفت ناس جداد واخا ماشي كلهم صدقو ولكن لي دازت على الراس تنفع ان شاء الله تكون احسن,1,dialectal,mixed
ليا نفس الشرف و اكثر,1,dialectal,positive
صورة من المباراة,0,standard,neutral
كن صديقا للمصحف فأنه ينطق يوم تبعثون,0,standard,positive
كان اختيار الصورة جد موفق روعاتك,0,standard,positive
إن قسى قلبي عليك لحظة ويحن,0,standard,mixed
حسبي الله و نعم الوكيل في كل ظالم و مفتري و الله يعين الشعب,0,standard,negative
عندما لا يكون في هذا العالم أحد يسمع صوت قلبك، راقب النجوم ليهدأ,0,standard,neutral
انا فالمرحلة الاخيرة,1,dialectal,neutral
قمة النذل و التفاهة مجتمع سعودي مكبوت على الاخر مع احترامي للاقلية حسبنا الله و نعم الوكيل فيكم و لكم وزر كل من سب او شتم اخوته المسلمين,0,standard,negative
قال الحسن البصري رحمه الله يا ابن ادم انما انت ايام كلما ذهب يومك ذهب بعضك,0,standard,neutral
ولو حبيبتي امين يا رب,0,standard,positive
ما اجمل براءة الصغر,0,standard,positive
يمكنك أن تغفر جرحا لكنك لن تنساه,0,standard,mixed
الله لن يغفر لكم يا ظلمة,0,standard,negative
إنا لله وإنا إليه راجعون نسأل الله لها الرحمة والمغفرة,0,standard,positive
التدمير البيئي يهدد محيط قلعة غيلان بطنجة,0,standard,negative
مستنيااك ياروحيي بشوق كل العشاق,0,standard,positive
عندما يجتمع جمال المكان والاجواء مع لذة الاكل طاجين مغربي شهي في المطاعم المطلة على في,0,standard,positive
جبتيها لاصقة,1,dialectal,positive
بزاف بزاف ا ختي امل تكايسي ربي يخليك,1,dialectal,positive
تبارك الذي جعل في السماء بروجا وجعل فيها سراجا وقمرا منيرا,0,standard,positive
قل الحمد لله دوما,0,standard,positive
تبا لقد وقعنا في الفخ,0,standard,negative
غ ندير راسي بحال الى فهمت و غ نضحك,1,dialectal,positive
صاب العمى قلبي ولا غيرك يشوف,0,standard,mixed
هكذا هي الأيام حرمتني حتى من الأحلام عشقت الوحدة والعذاب,0,standard,negative
الللهم اغفر له و ارحمه و ارزق اهله الصبر و السلوان,0,standard,positive
حدثوني من القرآن عن آية واحدة لامست قلوبكم,0,standard,neutral
اللهم صلي وسلم عليه,0,standard,positive
في أي منطقة بالضبط من الريف,0,standard,neutral
القرارات التي تصنعها الكرامة صائبة حتى وإن أوجعتنا,0,standard,positive
اللهم كف عني ظلم البشر وخبث مقاصدهم وسوء نواياهم وامنحني سلاما نفسيا وسعادة لا استمدها من بشر واكفني بحبك وفضلك عمن سواك,0,standard,mixed
ليس هناك اسوأ من تضع ثقتك بهم ويخذلونك,0,standard,negative
صفاء القلوب دليل على رقى الاخلاق,0,standard,positive
المغرب فيه كلشي ممكن,1,dialectal,neutral
أنت العمر و العمر مره بالعمر,0,standard,positive
بعيدا عن السياسة كلنا مع المنتخب الروسي الشقيق في مباراة الافتتاح في كأس العالم,0,standard,positive
وعليكم السلام اي سرفيس مرحبا,1,dialectal,positive
كل الاحترام وتقدير لكم لقد كسبتم تضمننا وقلوبنا دعوتنا معكم,0,standard,positive
الاختيار وسط الأحزاب و السياسيين المغاربة هو اختيار السيئ من الأسوأ,0,standard,negative
سبحان الخالق المصور,0,standard,positive
شيئ مؤسف,0,standard,negative
الى بقينا ف الحياة,1,dialectal,neutral
هذا العمل الإرهابي الشنيع يجب أن تحمل مسؤوليته الحكومات التي تقاعست في تجريم الإسلاموفوبيا,0,standard,negative
الله يكثر ايمانه,0,standard,positive
في بعض البلدان لا يعتمدون مبدأ الرسوب في الابتدائي و في بلدان أخرى يحتفلون بالراسب كما الناجح و يحفزونه لتصحيح مساره في بلدي الطفل اذا لم ينجح يتم تحقيره من طرف المحيطين به دون مراعاة لمشاعره فالاباء يعتبرونه فضيحة لهم علما ان سبب فشله يقدر يكون من جوانب أخرى,1,dialectal,mixed
بصح حتى التربية ديال الوالدين عندها دور كبير,1,dialectal,neutral
جبال الاطلس الصغير بالمغرب تفراوت,0,standard,positive
رصيف الصحافة ملايير لتحديث زي وأحذية الجنود المغاربة,0,standard,neutral
ما هدا المستوى الذي ضهر به الفريق هزيل و غير مقبول,0,standard,negative
كل ساعه في غيابك تمضي من عمري سنة,0,standard,negative
لٱ حول ولا قوة الا بالله اش هاذ المنكر,0,standard,negative
باش ماتجرحش ليا المشاعر,1,dialectal,neutral
السلام عليكم,0,standard,neutral
الخلافات والذنوب سبب لهزائم الأمة وفشلها,0,standard,negative
بعض الصحبة تأتي مثل طوق الورد على القلب,0,standard,positive
يا مديم النعم أدم لي أمي وأبي,0,standard,positive
امين العقبة ليك يا رب,1,dialectal,positive
ولاد الحرام,1,dialectal,negative
عليك دائما أن تتخطى أن تتخطى ما ليس لك به حيلة,0,standard,neutral
كلهم صليبيين و هدفهم المسلمين لماذا الاستغراب يعني,0,standard,neutral
لا حول و لا قوة إلا بالله لا رحمة و لا شفقة عجيبة هي قلوب هؤلاء المجرمين,0,standard,negative
دام عزك و نصرك اخي الفاضل,0,standard,positive
لعنة الله على الخسيس المجرم,0,standard,negative
ما أجمل الحياة,0,standard,positive
أنا في الحقيقة كنت احاول أن اشرح لها الفكرة ببساطة ولا أقصد الانتقاص من حجم الفلسفة طبعا من الصعب أن تشرح نظرة سيوران للحياة والوجود وغياب المعنى وعبثية الحياة الأمر يحتاج للكثير,0,standard,neutral
شي أغاني أول مرة كنشوفهم راه كارثة,1,dialectal,negative
حيا الله اصلك اخونا يا ابن الاصول نتشرف بامثالك اخوة اعزاء اوفياء تحية لك معفنة بالود و الاحترام والتقدير,0,standard,positive
لا تعاتب أحد عامله كما يعاملك,0,standard,neutral
ما عندهم هو قلة احترام للمشتركين وقلة ادب تجاه المشاهدين,0,standard,negative
شعوب أوروبا و أمريكا مدمنين على خمور عكس الشعوب المسلمة المدمنه على التخلق والتحلي بالصبر في ضيق الأسري,0,standard,mixed
الله احفضك ويسر امرك,0,standard,positive
ان شاء الله مرحبا بيك,1,dialectal,positive
رسومات إبداعية نابضة بالحياة,0,standard,positive
لن تندمي على قرائتها الكاتب راااائع,0,standard,positive
معلوم نفرح براسي راه حاجة زوينة وعاطيها قيمة كبيرة لا توصف الزواج كنتمناو ينجح لينا مع الانسانة اللي تستاحق تكون زوجة,1,dialectal,positive
شكون سعيد الحظ و ماعرضتيني گاع,1,dialectal,positive
يبدو ان عيوش تطاول كثيرا على مقدسات هذا البلد فهو يستعد لعقد ندوة حول حرية الردة و الشذوذ و الزنا و المساواة في الارث و هذا تحت امرة امارة المؤمنين و في ظل دولة الحق و القانون,0,standard,negative
الحمد لله على سلامتك احبيبة,1,dialectal,positive
ويبقى بداخلك ما لا يجبر وما لا يقال,0,standard,negative
والله لاعب بموهبة و شخصية كبيرتين أتوقع له مستقبل كبير ياريت اكون مدريدي,0,standard,positive
الله يصبر ميمات لبنات راه تيبقى فيا لحال فاش تنشوف شباب بحال هكا بهاد العقلية الخامجة الاجرامية,1,dialectal,negative
كثير من البشر لا يهزمهم الأعداء بل يهزمهم اختيارهم,0,standard,neutral
أكيد,0,standard,positive
لا تبرر فالناس لا تسمع إلا ما تريد,0,standard,neutral
الحمد لله كلشي داز مزيان شكرا الناس ديال فاش,1,dialectal,positive
لايهم الخسارة جزء من اللعبة والمهم اللاعبين يراكموا التجربة ونستافدو من هاد المونديال للاستحقاقات قادمة برافو المغرب رغم الخسارة رغم كل شيء,1,dialectal,positive
ما لك مثيل الا السحاب الممتلي طهر و مطر,0,standard,positive
ولنا في القلب أمنيات إجعلها يارب واقعا يسعدنا,0,standard,positive
آعلم آني مجنون ومختل لكني آحب ذالك,0,standard,mixed
مقاطعة الانتخابات من طرف الشباب هي الحل,0,standard,negative
جمعة مباركة على الجميع,0,standard,positive
لو حكيت عن المحبة ما قصدت غيرك أحد,0,standard,positive
و هذه من ابواب المحبة و ولوج قلوب الاحبة,0,standard,positive
ولست أصبر إلا ليقيني بأن الله يرى كل شيء وسيحدث أمرا,0,standard,positive
من يطآرد عصفۆرين يفقدهم جميعا ۆ للقارئ حرية لفهم,0,standard,neutral
مرتاحة البال,0,standard,positive
تبارك الله الكعبي عاطياه الكورة غادي يمشي بعيد ان شاء الله,1,dialectal,positive
اي دين يقولك اذبح امك وابوك اعوذ بالله,0,standard,negative
صوت أمك في البيت أكبر نعمة تستحق أنك تحمد الله عليها,0,standard,positive
إنها تقنية الفيديو,0,standard,neutral
هاكا خلقنا الله,1,dialectal,positive
الحمد لله معرفهاش,1,dialectal,positive
استغفر الله العظيم وأتوب اليه,0,standard,positive
عنوان للصورة,0,standard,neutral
جميل رائعة,0,standard,positive
النحس الرجاء و نهضة بركان و حسنية أكادير في مجموعة واحدة,1,dialectal,negative
لذه الحب بالشي القليل,0,standard,positive
يا غريب و كل شي فيك أعرفه,0,standard,mixed
إذا أردت أن تعيش في أنس وسعادة وراحة زد رصيد علاقاتك بطيب القول والحرص على إماطة الأذى عن مشاعر الناس وقولوا للناس حسنا فإنها مفتاح من مفاتيح القلوب,0,standard,neutral
الفرح ضحكة أمي,0,standard,positive
وبهدوء الفجر اللهم لحظات حلوه تدوم لنهاية العمر,0,standard,positive
سلمت وسلمت اناملك صباح هادىء,0,standard,positive
رحمه الله رحمة الأبرار وغفر لنا وله وجعله في عليين وإنا لله وإنا إليه راجعون وله كتابان كتب الله لهما القبول العجيب ، وهما أيسر التفاسير و منهاج المسلم جعلهما الله له صدقة جارية,0,standard,positive
ولد المغرب على قناة المانية,0,standard,neutral
يارب ٱمين,1,dialectal,positive
عزوز مهرج العصر,0,standard,negative
الواقع المغربي المر,0,standard,negative
الله يكبر بيك الحمدلله شكرا,1,dialectal,positive
كل عام وانتما بألف خير,0,standard,positive
الإعتداء على الشعب السورى همجية وبربرية لا يجب أن نسمح بها,0,standard,negative
مرحبا وسهلا,0,standard,positive
عزيز عليا صبر,1,dialectal,positive
رحلة بين شوارع مدينة فاس,0,standard,neutral
أحداث غيرت العالم,0,standard,neutral
لالا راني متاكدة ماراهاش تخرج عندي حبي,1,dialectal,positive
هاذا سبب اعلامكم الي معادي للمسلمين وشوهتو سمعة الاسلام يالجزيره الحقيره,0,standard,negative
سهيلة منذ نعومة اظافرها وهي فنانة,0,standard,positive
آمييين يا ربي,1,dialectal,positive
كلنا غا ساكنين فيها فين هما السكان الاصليين اذن,1,dialectal,neutral
كلام معقول واتفق معه,0,standard,positive
خيرت قلبي ، واختارك,0,standard,positive
و إياكم,0,standard,positive
قريبا ان شاء الله,0,standard,positive
برنامج ساقط,0,standard,negative
واصنع جميلا في الحياة فإنما باللطف نبلغ في القلوب مقاما,0,standard,positive
و مع ذلك اتمناه اما مغربي أو سوري,0,standard,positive
اتمنى للناطقين بها كل عام و انتم بألف خير,0,standard,positive
تشبهين الورد وكلماتك عطر,0,standard,positive
برنامج مباريات اليوم البطولة الاحترافية,0,standard,neutral
لفرق بين تصرف لبنات ولولاد,1,dialectal,neutral
كانت حلقة ولا أروع ولا أمتع,0,standard,positive
يا جماعة الحيوانات الكل ضدنا,0,standard,negative
ضرب تحت الحزام,0,standard,negative
انه عذاب ومعاناة,0,standard,negative
نعم صحيح طيبة مثل هؤلاء الشرفاء هي المعنى الحقيقي لمبادي معاقل الاسلام الذي تحدث عنها السافل المنحط,1,dialectal,positive
مورينيو مطلعها على المنتخب السعودي,1,dialectal,neutral
أغنى رجل على وجه الأرض,0,standard,neutral
صيام يوم عرفة مرتبط بوقوف الحجيج بجبل عرفة و هذا هو الظاهر من الامر، اما مسألة اليوم الفارق فالله أعلم,0,standard,neutral
أعلم أن الدول تبحث عن مصالحها وهذا أيضا يدخل في إطار بحثنا عن مصالحنا مادمت السعودية تبحث عن مصالحها واي دولة تعادي مصالحنا نعاديها,0,standard,negative
الحمد والشكر لله,0,standard,positive
متناقض انا فيك ، أنت الوجع وأنت العافيه,0,standard,mixed
منو عداد مابغاوش يتفهمو ليا,1,dialectal,negative
مهما كانت نيتك صافية لن تنجو من ظنون الناس السيئة,0,standard,mixed
اسفل من بعضهم,0,standard,negative
اللهم إن لى أحبة فيك افحظهم واغفرلهم,0,standard,positive
مين مدحك يا عروسة خالتي اخت امي,0,standard,neutral
غير هضرة خاوية نفاها المتحدث الرسمي باسم الجامعة,1,dialectal,neutral
جمعة مباركة اخي,0,standard,positive
اللاعب قوي بدنيا و تسديداته قويةو حسن التمركز والكرات الهوائية يعيب عليه فقط الانفعال في بعض الاحيان,0,standard,mixed
هناك ورد وهناك من يستحقه,0,standard,positive
توهامي حققت حلمي بالانضمام للمنتخب الوطني,0,standard,neutral
لا نحتاج المال كي نزداد جمالا جوهرنا هنا يسموا يتلا,0,standard,neutral
قهروني حرام,0,standard,negative
ماعرفتش,1,dialectal,neutral
حتى انا مخلوعة منها الله استر,1,dialectal,negative
أرفض تماما وأدين ضرب الأساتذة,0,standard,negative
تبقى مجرد نظرة خاطفة لماذا لا يوجد في الصف الاول اي لاعب ذو بشرة سوداء,0,standard,neutral
السبب في هذه المجزرة البشعة,0,standard,negative
سبحان خالق هذا الجمال,0,standard,positive
الصناعة التقليدية في مراكش,0,standard,neutral
اااه سازورها عما قريب ان شاء الله الاسم لو سمحت,0,standard,neutral
كتبولي الأغنية لي كتعجبكم فكومنطير,1,dialectal,positive
ادا كان لك شعب بدون فكر لن تستطيع ان تبني به مجد الاجيال ابدا,0,standard,neutral
قتل صحفيين ابرياء,0,standard,negative
يارب توفيقك,0,standard,positive
و نعم الموازين,0,standard,positive
إخفاء الحقيقةللأسف,0,standard,negative
خاصك ديري شي صدقة عليه,1,dialectal,neutral
تذكر إنك قطعة مني لا مسك الضر مسني ضعفه,0,standard,positive
أنا وعائلتي الصغيرة,0,standard,neutral
حرام عليك والله,0,standard,negative
كاع الاشياء نسبية,1,dialectal,neutral
عظم الله اجركم,0,standard,positive
حظا موفقا يا أخي,0,standard,positive
نعم الوفاء,0,standard,positive
حظ موفق لرفقاء الكابتن وليد و ماجد,0,standard,positive
في انتظار حلقة غد بفارغ الصبر,0,standard,positive
قدر الله وما شآء فعل,0,standard,neutral
احلى كوبل في تاريخ الدراما التركية,1,dialectal,positive
آنتم الآروع يا غالية رواياتي آنت الآولى من سيقرآها ربي يحميك,0,standard,positive
القهر و الظلم,0,standard,negative
انشااء الله يارب كلشي اللي مكتابة وفيها خير ربي يجيبها,1,dialectal,positive
مبارك عليكم الشهر,0,standard,positive
يهديهم الله و يشوفو من حالنا,1,dialectal,positive
بارك الله فيك اخي حسن ويحفظك ويحفظ السودان من كل شر ويوفقه لما فيه خير للسودانيين والامة العربية والاسلامية,0,standard,positive
همسة كن قويا لأن الله معك، غنيا لأن الله رازقك، منشرح الصدر لأن الله وليك فلا تهتم ولا تغتم ولا تحزن ثق بالله دائما وأبدا كل شيء في هذه الدنيا إما أن يتركك أو أن تتركه،إلا الله إن أقبلت إليه أغناك و إن تركته ناداك اللهم أكرمنا ولا تهنا واسترنا ولا تفضحنا,0,standard,positive
سجلتها لأنني لازم أحللها,0,standard,neutral
مرحبا قلوبنا مفتوحة وأذاننا تصغي,0,standard,positive
الكلمة أحيانا تكفي عن الشرح,0,standard,neutral
الليلة نتيجة محزنة لأنصار,0,standard,negative
يستغلون الجهل والفقر,0,standard,negative
شكرا ربي يخليك,0,standard,positive
كنهضر على الاصل ديالو ماقلتش زياش تزاد هنا,1,dialectal,neutral
بدون كرامة الموت احسن,0,standard,negative
من عرفتك قبلك نسيته,0,standard,positive
عطايا الله جميله و انت اجملها,0,standard,positive
والو باس ربي يخليك,1,dialectal,positive
شكرا ربي يخليك ليك,0,standard,positive
اذا كان خائف فله ان يستقيل من منصبه,1,dialectal,negative
ايتها كافرة فاجرة,0,standard,negative
انت قليل أدب,0,standard,negative
انتقلت الى منطقة جميلة,0,standard,positive
الله يرحمو ويوسع عليه إنا لله وإنا إليه راجعون,1,dialectal,positive
زعما راك استاذ خاص تغريدات ديالك تكون القمة في اخلاق,1,dialectal,negative
هو و أبوه جعل السعودية أضحوكة للعالم,0,standard,negative
إذا ارتقت العقول بأفكارها طابت الألسن بحديثها,0,standard,positive
نتمنى يكون بيخير دابا,1,dialectal,positive
مباراة جماهيرية بامتياز روعة روعة,0,standard,positive
ماهي آرائكم متتبعي الكرام,0,standard,neutral
دوماج غادي نكون فالخدمة بغيت غير نضحك شي شوية,1,dialectal,mixed
الله يعزك و بنصرك اخي الفاضل,0,standard,positive
حنا يهمنا اخلاقنا و اخلاق االجيل الصاعد نحافظو على ما بقي منها اما المال كلشي غا يتحاسب على كل فلس,1,dialectal,positive
بين الألم والأمل,0,standard,mixed
قصدك تعصمه عن الاتهيار و التمزق كلام جميل و في الصميم,0,standard,positive
الله يحفظك اختي وطول عمرك تستاهلي اكثر,0,standard,positive
ربي يوفقها ويعين اهلها على تعليمها فنحن محتاجين لافضل النماذج للنهوض ببلادنا والله يصلح حالنا الى الافضل ان شاء الله,0,standard,positive
أنا من النوع الذي يقرأ عدة كتب في نفس الآن بسبب طباعي المشاكسة لكني أنصاع لقراءة كتابين شهريا واحد في تخصصي و الثاني ثقافة عامة,0,standard,neutral
إذا لم ينجح في اقناعها فهو ليس ملحد حقا واذا لم تنجح في اقناعه فهي ليست مؤمنة وإذا لم يتنازل أحدهم فليس هناك حب,0,standard,neutral
يد مدت إلى الله لن ترجع خائبة فلا تبخلو على انفسكم بالدعاءو اليقين بالاجابة رب اغفر لي و لوالدي و لأحبتي و لجميع المسلمين و المسلمات و المؤمنين و المؤمنات الأحياء منهم و الأموات,0,standard,positive
لا مزال ماوصلت اهاد المستوى من المعرفة,1,dialectal,neutral
تأخر في رصد ألعاب الإنترنيت,0,standard,neutral
اللي قراها ما يقول مبتدئة صراحة ما شاء الله عليك,1,dialectal,positive
ماش بهاد الكلمة خويا لعزيز,1,dialectal,positive
إلى اللقاء دوزوا بخير,1,dialectal,positive
الله يجيب تيسير,1,dialectal,positive
قل بفضل الله وبرحمته فبذلك فليفرحوا هو خير مما يجمعون تقبل الله منا ومنكم صالح الأعمال عيدكم مبارك سعيد وكل عام وأنتم بخير,0,standard,positive
المكسيك تفوقت في كل شيء على الألمان سرعة في الاداء لا مثيل لها تحول من الهجوم للدفاع و العكس يدرس,0,standard,positive
لا تصدق كل ماتقوله الحكومة,0,standard,neutral
ما يحدث مع المعتقلين السياسيين فى السجون الان جريمة جديدة ضد الانسانية كفاكم جرائم,0,standard,negative
إنا لله وإنا إليه راجعون كان إنسان طيب نسأل الله له المغفرة,0,standard,positive
اعشق بلدي,0,standard,positive
الله يبدل محبة بالصبر الغالية هذه هي الدنيا,0,standard,positive
القانون يجب ان يطبق على الكل,1,dialectal,positive
هناك مكان في قاع الجحيم لمن اخترع تويتر,0,standard,negative
مسا الخير الزين ديالنا,1,dialectal,positive
نجاة سائق بأعجوبة من حادثة سير بالرباط,0,standard,positive
تلميح العثماني ب تزوير الانتخابات يثير الغضب في وزارة الداخلية,0,standard,negative
الله يعطي لكل واحد على قد نيتو,1,dialectal,neutral
لست قلقا من تطور الاوضاع في ولا اتوقع ان تخرج المظاهرات السلمية عن اطارها السلمي,0,standard,neutral
واخا مداير حتى ذنب المرض كايكون ابتلاء كيغفر الله فيه الخطايا السابقة واللاحقة طهورا إن شاء الله,1,dialectal,positive
الله يلعنها تحية بالناقص منها,1,dialectal,negative
درجات الحرارة الدنيا والعليا المرتقبة الجمعة,0,standard,neutral
شكرا اخي على هذه المعلومة القيمة و المفيدة,0,standard,positive
الحياة تعلمك الحب و التجارب تعلمك من تحب و المواقف تعلمك من يحبك,0,standard,positive
ماقلتش حاجة,1,dialectal,neutral
الله يعطيك الخير ناس الكرم,0,standard,positive
هالعار اسعادة رئيس إلى ماهضر معه إفتحنا الحدود غير شي يومين,1,dialectal,neutral
مخرج المباراة سعودي نقل لا علاقة هاوي,0,standard,negative
مره أقرب من وريد ومره أبعد من خيال,0,standard,mixed
في القمه أختاه,0,standard,positive
مالي تنسعى في سيدي بولقنادل و الله تسمعك أمينة حتى تشوفك النجوم في عز الظهر أسكع,1,dialectal,negative
كل واحد و مكتابه,1,dialectal,neutral
العزيزة حسناء اسعدني مرورك يا غالية,0,standard,positive
هذا مجرد تخويف و ضرب لعواطفنا الحليب ما يخسر للفلاح عطا ربي الحلول يقدر يبيعو يقدر يخرج منو الزبدة و الحليب اصلا هو خاسر بداك الثمن باش يبيعو ليهم,1,dialectal,negative
ما يمكنشي تبعد من شي بلية ونتا باقي كتجمع مع اللي بلاواك,1,dialectal,neutral
والشكر لكم ولكل من ساهم من قريب او من بعيد ولكل من سيساهم في نشر المعرفة في اي مكان في العالم الفكرة تنجح بفضلكم,0,standard,positive
المغرب مع المدرب الفرنسي رونار أفضل من البرازيل في الكرة واي لقاء بيناتهم غادي نربحو البرازيل بواحد لصفر,1,dialectal,positive
أنا ضد من يحاول الكذب,0,standard,negative
أكثر من مائة ألف طفل سلبوا الحياة في سوريا,0,standard,negative
غير قالو ليهم زيدو لينا في الشهرية مبغاوش,1,dialectal,neutral
تدوم ضحكتك يا رب,0,standard,positive
في الميراث ماخوها ما خته كلها خو راسه,1,dialectal,negative
من اجمل ما سمعته في الملاعب العربية والعالمية نبض الشعوب تحية لأهلنا في المغرب,0,standard,positive
اللهم آمين و إياك,0,standard,positive
أكيد و اروع بكثير,0,standard,positive
اللهم امين نضحكو و نشطو هنا هذا هو المهم,1,dialectal,positive
أكره التفاصيل,1,dialectal,negative
عداوة على الإسلام الله يذمرهم,0,standard,negative
ما مرني ليل مامريت في بالي,0,standard,positive
والله ما كذبتي,1,dialectal,neutral
لا يمكنني الاقتراب أكثر و الا هلكنا معا ليس جفاء و لكنه الحب,0,standard,mixed
الواحد يدير اللي عليه و الله لا يضيع اجر من احسن عملا,0,standard,positive
وما الحب إلا أن تخاف الله في من تحب,0,standard,positive
الله اعطيك الخير اخويا والله ارحم والدينا ووالديك اخويا شكرا,1,dialectal,positive
تماما النصيحة لها مفعول وتبقى اختيار الطرف الاخر يعمل بها و لا ما يعمل شغلو هداك,1,dialectal,neutral
يكفي ان تكوني انتي جميلة,0,standard,positive
سنلتزم ان شاء الله,0,standard,positive
الله يفرحك بيهم,1,dialectal,positive
أيها العالم سحقا لك,0,standard,negative
الطموح ما عندو حدود العام الجاي نشوفوه فاوروبا,1,dialectal,positive
اخويا بحالي بحالك صدموني وحق الله,1,dialectal,negative
و جميع موتى المسلمين,1,dialectal,positive
روعة احساسك سيدي,0,standard,positive
واش كاين شي إنتخابات و انا ما في راسيش ولا شنوا,1,dialectal,neutral
والله بغيت نذوق منها والله,1,dialectal,neutral
أخشى أن الضرر و الدمار الناتج من طريقة و أسلوب إدارة البلاد منذ الثورة حتى الآن لن يمكن إصلاحه,0,standard,negative
التحكيم المصري لا علاقة و الدليل اعتماد الإتحاد المصري على الحكام الأجانب,1,dialectal,negative
تغييرات تطال زيارة البابا للمغرب ضريح ومرشدون وأغان دينية,0,standard,neutral
رحم الله عبدا عمل عملا فآتقنهآردوغان,0,standard,positive
نتيجة لا تهمكم,0,standard,neutral
بالعكس احضنت في بلدها لاجئين مسلمين لم يحضنوهم في بلدان مسلمة,0,standard,positive
انت خويا خويا بوگوص سمعو الأغنية كاملة كنتمنى تعجبكم,1,dialectal,positive
الإعتذارات المتأخرة تفقد نصف قيمتها,0,standard,negative
شي نقابيين عوض يتحملو المسؤولية ويروينا حنة يديهم بداو يتهموا التلاميذ بالانخراط في مؤامرة كونية ضد عيش وماتحضيش,1,dialectal,negative
الله يحد الباس,1,dialectal,positive
الفيديو صحيح للأسف,0,standard,negative
لا تتحسف على انسان ماعرف قدرك,0,standard,positive
امين يا رب العالمين,0,standard,positive
ومفهمتهاش واش مبقيناش من دول عدم الانحياز,1,dialectal,neutral
وكل اوقاتك يا رب,0,standard,positive
صباح الخير يومكم سعيد,0,standard,positive
شكرا لك أيتها الأخت الطيبة,0,standard,positive
شكرا حبيبتي ربي يخليك,1,dialectal,positive
بغض النظر عن النحت تصوير راائع,0,standard,positive
صباحك مبروك,0,standard,positive
يالله أنا هنا أنتظر منك أن تحدث معجزة تغير بها كل شيء يحدث معى,0,standard,positive
نتا كل مرة بوجه مرة الصدق و الضرافة و مرة النفاق و الخداع,1,dialectal,mixed
والله ماعرفت,1,dialectal,neutral
فاس مدينة زوينة ناقصها غير الأمن والله,0,standard,positive
أتطلع إلى التحاور معكم لمعرفة المزيد,0,standard,neutral
تقبل الله منا و منكم صالح الأعمال عيدكم مبارك سعيد,0,standard,positive
العفو رائع هذا د نسيم الحداد,1,dialectal,positive
اه بصح هادي راه معلومة صحيحة و لكن ما تنفعك ف والو,0,standard,positive
بقيتي فيا السي جمال على نتائج الملكي,1,dialectal,neutral
المجتمع الألماني يحتاج زيادة المواليد والمهاجرين,0,standard,neutral
امين و يباركك يا رب و يهنئ قلبك غاليتي,0,standard,positive
لازم نجرب كي لا نحكم من فرااغ,1,dialectal,neutral
تافهين جدا,0,standard,negative
لي تلف ماغاديش نقوليه يشد الأرض خاصو يفيق ويفكر أشنو يدير,1,dialectal,neutral
هاديك شروط تعجيزية باش المغرب ماينظمش كأس العالم,1,dialectal,negative
أخبث خلق الله هادي عارفينها كاملين لكن علاش تقدموا علينا بخطوات,1,dialectal,negative
تصبحين علي خير يا غاليتي ليلة سعيدة واحلام جميلة الله يسعدك في دارين,0,standard,positive
فسخ الخطوبه قرار صعب لكنه أفضل من زواج فاشل مع أو ضد,0,standard,neutral
تقبل الله صيامكم,0,standard,positive
مودتي لكم جميعا وشكرا استاذ ياسر معرفتكم شرف,0,standard,positive
اصلا عادي هادشي كيوقع فكلشي البلدان العربية,1,dialectal,neutral
الله يحسن العون ربي يساعدكم علاش الرجل ميساهمش فغسيل الآواني,1,dialectal,neutral
يعني نسبة كبيرة جدا انني منتجحش فيها,1,dialectal,negative
بدمعتين هطلتا مني اشكر على حفاوة الاستقبال,0,standard,positive
رمضان اللهم ارزقنا توبة قبل الموت وشهادة عند الموت وجنة بعد الموت,0,standard,positive
صباح الخيرات والمسرات احبابي,0,standard,positive
قفة الذل والعار,0,standard,negative
اكتب اجمل سطر قريته,0,standard,neutral
لا تعش على مزاج الآخرين,0,standard,neutral
شرف لي نتلاقى بعلاء الظرافات حوار شيق داز معاه تسناوني قريبا على شوف تيڤي,1,dialectal,positive
ماهي الفرحة الكبرى,0,standard,positive
الحب الدي يجي بدون اسباب صعب ينتهي,0,standard,positive
ماننساش الصحراء حيت فيها دوزت أجمل أيام العطلة,1,dialectal,positive
ختي انا اسف تصبحون على الخير واقسم اني لن اقول كلمة بعد الان تحياتي,1,dialectal,positive
ماكنحلفش بالله على الكذوب,1,dialectal,positive
أحسنت القول أخي,0,standard,positive
في بلاد الغربة ليس ليا سوى الله,0,standard,negative
لا الحمد لله حاليا الوضع مستقر,1,dialectal,positive
اللهم أنت الغني ونحن الفقراءأنت الكريم ونحن البخلاءأنت القوي ونحن الضعفاءأظلنا بجوراك ونعمنا بجنانك وأرزقنا من حيث لا نحتسب رضاك وغفرانك,0,standard,positive
اللهم خذهم اخد عزيز مقتدر فانهم لا يرحموا الضعفاء اللهم سلط عليهم عذابك فانهم ارونا الويلات,0,standard,negative
ما أحقر القاتل حين يبرر جريمتة,0,standard,negative
الطبيعة فبعض الأوقات كتخليك مرتاح نفسيا شكرا لكل الناس لي كيسولو فيا و كيدعموني كنبغيكم,1,dialectal,positive
صدقني ياصديقي إذا كانت لديك شخصية قوية وقلب أبيض فسيحترمك ويحبك الناس بغض النضر عن مضهرك,0,standard,positive
آمين يا ربي,0,standard,positive
هي دافعت عن شرفها و كانت النتيجة موت الضحية,0,standard,negative
واضح أنك تفهم أقل من الحيوان,0,standard,negative
على سلامتك و سلامتنا,0,standard,positive
يااا رب يفشل,0,standard,negative
صح كلامك خويا كلشي تيتعوض الا الصحة و العمر,0,standard,positive
الهضرة بزااااف بلاش الفعل أحسن بس كلشي فالإيجابيات,1,dialectal,positive
رسالة صباحية يارب إفتح لنا أبواب رحمتك و أكتب لنا السعادة حيثما كنا,0,standard,positive
الله يسعدك صديقي لك مني الف تحية,0,standard,positive
اودي صافي وصلات ليهم للعظم هربات عليكم ببزاف,1,dialectal,negative
الشرطة توقف شخصا أطلق الرصاص في مارتيل,0,standard,neutral
ميزك ربي من الناس و عطاك,0,standard,positive
الجزائر تشهد أضخم احتجاجات في رابع جمعة للمطالبة برحيل بوتفليقة,0,standard,negative
لم يعد بيننا وبين رمضان الا ايام معدودات اللهم بلغنا شهر التوبة والغفران لا فاقدين ولا مفقودين,0,standard,positive
قال الامام الفقيه محمد بن صالح العثيمين رحمه الله في مثل هذا الحال إذا شرع إنسان في صيام أيام الست ناسيا أن عليه قضاء؛ فإنه إذا تذكر القضاء يصوم القضاء الذي عليه ثم يكمل أيام الست؛ لأن الترتيب هنا سقط لنسيانه ما عليه، والترتيب يسقط بالنسيان المرجع اللقاء الشهري,0,standard,neutral
هاد التلاميذ و الأولياء ديولهم و الله ما يستحقوا هاد العناء و التكرفيص,1,dialectal,positive
ليش من دون الناس حبيتك,1,dialectal,positive
حنة بزيت زيتون,1,dialectal,neutral
رضي الله عنه و ارضاه,0,standard,positive
دوركم في المنظومة يهمنا اختي فلا تبخلي على ابناء الوطن بالنصائح,0,standard,positive
لا ادري اي اسلام يدعون والمسلم هو من سلم الناس من لسانه,0,standard,negative
تحياتي على هذا المعلومات القيمة,0,standard,positive
اتكلو على الله,0,standard,positive
فعسى أن تكرهوا شيئا ويجعل الله فيه خيرا كثيرا لو قال خيرا لكفى فكيف وقد قال خيرا كثيرا ابتسم في وجه البلاء فربما حمل لك العطاء فقط أحسنوا ظنكم بالله، أسعدكم الله في الدارين,0,standard,positive
قديم مع راسك,1,dialectal,negative
إنهم فاشلون,0,standard,negative
حتى بغيابك لك في خيالي لقى,0,standard,mixed
مبووك تستاهلوا الفرحة,0,standard,positive
الله يجمعكم بخير وعن قريب يا رب,0,standard,positive
البهجا هو سبب تطور الكورة السعودية,1,dialectal,positive
و لي كايهرب جبان,1,dialectal,negative
مشيت عمرة,0,standard,neutral
العثماني ليس لديه الجرأة لقول لا,1,dialectal,negative
حتى حنا دبا مازال غ ضاحكين,1,dialectal,positive
حربا على الاسلام عندما رخص الدم بسوريا اصبح قتل المسلم ودمائه رخيصة هانت على الكافرين قتل كل من يوحد الله,0,standard,negative
آمين يارب,0,standard,positive
آمين والله يرحم الوالد ويجعل مثواه الجنة,1,dialectal,positive
صباح النور اية,0,standard,positive
هذا الزعيم,0,standard,positive
الى كل صحفي صمتك مؤسف امام قتل زميل واعتقال اخر واهانة ثالث,0,standard,negative
أسواق المغرب العتيقة,0,standard,neutral
امين يفرحك و تحققي كاع متمنيتي ان شاء الله,1,dialectal,positive
لكم الشرف اني ننضم,1,dialectal,positive
اللهم إنا نسألك أن تغفر لنا ما فات وتقبل منا ما هو آت,0,standard,positive
هذا الفديو يوضح حقيق هؤلاء الخونة المنافقين,0,standard,negative
من ابداعات الحب,0,standard,positive
قد يعشق المرء من لا مال في يده و يكره قلبه من في كفه الذهب,0,standard,mixed
الله يرحمنا الخوت,1,dialectal,positive
جعل الله دعاءك في ميزان حسناتك,0,standard,positive
تعجبني,0,standard,positive
و الله هذا اللي من المفروض يعملوه يرجعو الوراق لاصحابها باش ما يضيعوهم ماديا,1,dialectal,neutral
هذه السيدة وطنيتها حرة مغربية حتى النخاع,0,standard,positive
لم يعد المنطق واحد حيث اصبح لكل منا منطق خاص به,0,standard,neutral
الله على دعواتك أميرتي آمين أجمعين يا عسل انتي,0,standard,positive
أنا شخص سيء الحظ وأنت أسوأ مني على ما أعتقد,0,standard,negative
لا حول ولا قوة الا بالله,0,standard,neutral
سأحضر هذا المعرض الأسبوع القادم,0,standard,neutral
الله يجمل حالك شكرا,0,standard,positive
الى ما سحرت ليه نت ماكاينش للي يسحر ليه,1,dialectal,negative
غ يجي واحد النهار غنفرحوا و تتحسن الاوضاع,1,dialectal,positive
لازالت النتائج الرسمية لم تظهر,0,standard,neutral
اذا نامت عيونك اصير بليلي يتيم,0,standard,negative
شكرا بزاف معلومات قيمة في انتظار أسئلة أخرى,1,dialectal,positive
كل شئ سيكون جميلا قد لا يكون اليوم ولكن بالتأكيد سيكون ذات يوم,0,standard,positive
شحال زوين يكون عندك عمك كيفهمك,1,dialectal,positive
ربي يخليك ا ختي امين يا رب شكرا,1,dialectal,positive
ضحكتها تنسيني الأغاني ، وعيونها عن عيون الناس تكفيني,0,standard,positive
ما أشبعك لو كل وقتي معك,0,standard,positive
شكرا و لك المثل و أكثر,0,standard,positive
الله يشافيك و يشافي جميع المسلمين يارب,0,standard,positive
وفي كل مرة تظن بالله خيرا يكرمك بأكثر مما ظننت صبحكم الله بالخير,0,standard,positive
اش هاد الباطل,1,dialectal,negative
إعلامنا العربي إعلام التفاهة للأسف,0,standard,negative
صباح مشرق بنور الله,0,standard,positive
أعطني قليلا من الشرفاء و أنا أحطم لك جيشا من اللصوص المفسدين و العملاء,0,standard,mixed
ألا يعلم الوزير المتدين أن الكذب حرام، وأن الله لن يقبل صلاته إذا كان كاذبا,0,standard,negative
حسبنا الله ونعم الوكيل فيكم,0,standard,negative
عمرني شفت بارصا تلعب بهذا اسلوب حقير فقير,1,dialectal,negative
وصلت ل الف متابع أخيرا,0,standard,neutral
طبعا اخرجت عن اطارها السلمي بفعلة فاعل ، ولا شك في ذلك ،,0,standard,neutral
تقبل الله منا ومنكم تعيدو و تعاودو إن شاء الله,0,standard,positive
امين جعل الله دعاؤك في ميزان حسناتك,0,standard,positive
خايفة من الموت زعما,1,dialectal,neutral
ا مالك على السيدة حشومة قرا اشنو كتبت بشوية لم تقلل من شأن المغرب,1,dialectal,positive
تمادوا في الظلم و قهر الشعب هؤلاء المجرمين,0,standard,negative
أنا أحبك فوق مجمل ظنونك,0,standard,positive
أشرس أعداء الإسلام,0,standard,negative
الله يرحم جميع اموات المسلمين,0,standard,positive
أنا الآن أكثر خفة مما كنت عليه,0,standard,neutral
ممكن أتفق معك,1,dialectal,positive
قنوات العار والفساد المغربية,0,standard,negative
بمتابعته ستعرف مدى انحطاط و قذارة الصحافة المغربية,0,standard,negative
الله يسر الامور الدنيا هنا باقية الانسان يدير الخير و ينساه,1,dialectal,positive
الله يرحمه,0,standard,positive
فيك ابتسامات الصباح,0,standard,positive
انا فاش تندوز شي كونكور وتنمشي على الله,1,dialectal,neutral
أرضية الملعب كانت عيانة,1,dialectal,negative
ويأتيالصباحفيكلمرهليخبرناأنفيالعمرمتسعللحياةللأملللعفوللتسامحوللسعادهولأشياءاخرى,0,standard,positive
عجبتي اللقب,1,dialectal,positive
تجارة دبي الخارجية تسجل تريليون درهم,0,standard,neutral
هكذا حصر الوزاني دستور المغرب بين سيادة الأمة وإلجام السلطة,0,standard,neutral
صباح النور و السرور,0,standard,positive
شكراا,0,standard,positive
معك حق العنصرية والتكبر سبب شتات الامة,0,standard,negative
عن ألف قلب اكتفيت ب قلبك,0,standard,positive
و الله تقريبا عندك كل الحق,0,standard,positive
بالفعل اخي الكريم حجات كتيير يكتسبها المرء من التربية لا تشترى بالمال دمت طيبا,0,standard,positive
وتوكل على الحي الذي لا يموت توكل فعل أمر مبني على السكون وهو يفيد الوجوب المستمر أي دائما توكل على الله تعالى لا على غيره تذكر إن الله يحب المتوكلين سبحان الله وبحمده سبحان الله العظيم,0,standard,positive
لا تفكر في صعوبة ظروفك ولكن فكر في قوة وقدرة من تدعوه,0,standard,positive
كاين اللي كيعيش الحياة وكيدخل لتويتر مرة مرة وكاين اللي كيعيش تويتر وكيدخل للحياة مرة مرة,1,dialectal,neutral
صرخت الزوجة على زوجها قائلة لماذا تصر على أن ألبس ما تريد إنك بهذا تحرجني أمام الناس ابتسم الزوج بهدوء وقال وأنت تحرجينني أمام الله شتان مابين عليهم ثياب سندس خضر وإستبرق وبين قطعت لهم ثياب من نار البسوا ما يرضيه ، ليلبسكم ما يرضيكم,0,standard,neutral
صافي مبروك عليكم نابغة,1,dialectal,positive
ماتخافش عليه عندو سبع ارواح,1,dialectal,neutral
يارب احفظهم,0,standard,positive
افضل منبه في الكون هو الام اذا طلبت منها ان توقظك في السابعة صباحأ سوف توقظك في السادسة و تخبرك انها الثامنة و بالتجربة هل مازالت أمك توقظك,0,standard,positive
و شهد شاهد من اهلها اان شاء الله يكون خير متفائلين بالخير,1,dialectal,positive
انت بالذات لا اصدقك,0,standard,negative
التلاوه بصوت كبار السن ، جمال من نوع فاخر,0,standard,positive
مزال ما واعينش,1,dialectal,negative
انت خليك بعيد,1,dialectal,neutral
تعلم فن الصمت ل تتعلم فن الكلام ف لا تدع كلام احد يشغلك او يقسوا عليك او غياب احد يكسرك بل اصمت فقط,0,standard,positive
لم آجد ما آقول لك الله يحفضك ويسترك ويخليك دائما الفوق الفوق يا آغلى انسانة ربي يحفضك الوالديك اللي رباوك يطول عمرهم ويشوفوك كيف تمناو ياااربي,1,dialectal,positive
يمدد عقد لاعبه المغربي,0,standard,neutral
من الاشياء الجميلة التي افتقدناها في الاسواق المغربية و هي وجود ما يسمى بالگراب يروي عطش الناس بثمن رمزي مقابل كأس من الماء بالاضافة الى كون ماء الگربة التي يحملها فوق ظهره يمتاز ببرودة و مذاق يختلف عن الباقي,0,standard,positive
أشياء كثيرة تمنيت حصولها في ولم تتحقق أبرزها أن تستعيد دولتنا عقلها وأن توقف حربها ضد المجتمع وممثليه صحافة سياسيين مناضلين وأن يؤسس عبد الإله بنكيران تجربة سياسية جديدة,0,standard,neutral
للي يسمعك يقول حررتو فلسطين,1,dialectal,negative
انباء عن انقلاب قطار طريق بوقنادل سلا ووجود موتى,0,standard,neutral
قرار مرفوض شكلا وموضوعا الترسيم لابد منه,0,standard,negative
شكرا صديقي,0,standard,positive
اطلالة رائعة,0,standard,positive
الله يحقق المقصد لنا ولكم,0,standard,positive
احب الادب الروسي كثيرا,0,standard,negative
تفاصيلك وأنا النساي ، أذكرها,0,standard,positive
نظام حقير,0,standard,negative
نعم ينحني ظهر الام ليستقيم عمود الأبناء و لا شئ يعوضها ذلك,0,standard,neutral
فاش كنقول غادي نوصل يعني بيكم نتوما و الدعم ديالكم كنفرح فاش كنشوفكم,1,dialectal,positive
أعرف جيدا معنى أن يحتضن الإنسان نفسه بنفسه ويردد أنا بخير,0,standard,positive
كاين شي لبن بلدي,1,dialectal,neutral
تدمي القلب وتدمع العين,0,standard,negative
من أجمل وأفصح وأبلغ ما قرأت سلمت أناملك,0,standard,positive
امييين نتي غ كافحي و حسني النية بالله و الله ما يخيب من كان همه الصلاح,1,dialectal,positive
أحمد عصيد الرائع,0,standard,positive
أزمة الفكر فى مصر أن الأعلى صوتا لا يقول شيئا والأكثر حكمة لا يسمعه أحد,0,standard,negative
مالقيت منقول شكرا شكرا ليك بزاف والله,1,dialectal,positive
يكفى بريقه لتعرف الجمال فى المغرب,0,standard,positive
وقلبك موطن الأزهار وأنا اللي يعشق الأزهار,0,standard,positive
عقبال جائزة نوبل لسلام,1,dialectal,positive
كن مع الله وسيكفيك الحياة ومتاعبها,0,standard,positive
أعظم أسباب كسب النعمة التوكل على الله والاعتماد عليه,0,standard,positive
لا تنتظر أحد ، من يحبك ستجده بجانبك دائما,0,standard,mixed
كنت أعتذر ولا أدري ما خطآي كان كل همي ما أفقدك,0,standard,positive
باحثون عدد ضحايا التلوث يفوق قتلى التدخين,0,standard,negative
صباح الأمل,0,standard,positive
حسبي الله عليكم الله لا يسامحكم,0,standard,negative
و ما المانع,0,standard,neutral
موسم الحج الجديد,0,standard,neutral
إن أبلغ درس يتعلمه الإنسان من الحياة هو أنه ليس هناك ألم لايستطيع المرء أن يتخلص منه بعد فترة معقولة من الزمن أو أن يصادقه ويتعايش معه أو يحيله الي أنس وسعادة بشيء من سعة الأفق وعمق البصيرة والنظرة الشاملة للحياة التي تري كل مافيها من جوانب طاغور,0,standard,neutral
علينا و عليك,0,standard,positive
بالصحة و الراحة عقيد,0,standard,positive
اقترح تحويلهم الى طبيب نفسي و ليس الى القضاء,0,standard,negative
الحركة الانتقالية للتعليم تسفر عن مستفيدا,0,standard,neutral
للعلم ففرنسا مازالت تتقاضى ضرائب من دولة افريقية بدريعة تنميتهم من ايام الاستعمار,0,standard,neutral
أعتذر عن سوء الفهم من قبلي و أتشرف بكي و بمتابعتكي اخت عزيزة و غالية بنت بلدي,0,standard,positive
لا أعلم مصدر الضوء في منزلنا أعتقد أنه قلب أمي,0,standard,positive
يا لذة الليل الطويل,0,standard,positive
البرازيل لعب فردي غالب,0,standard,neutral
فعلا و لله الحمد و الشكر,0,standard,positive
ستظل تسامح من تحب ، حتى تكر بقناعه,0,standard,mixed
القضية الفلسطينية باعوها اصحابها هم قبل غيرهم اليكم عباس الصهيوني نمودج وقضية بلدي فوق اي اعتبار,0,standard,negative
الحمد لله على نعمة العقل,0,standard,positive
اعتذر روما تستحق تقصي البارصا الهدف الثالث فالطريق,1,dialectal,mixed
و تبقى المباريات الودية خدااعة,0,standard,negative
جميعنا نستحق صفعة مؤلمة عندما يأتينا شعور الخذلان,0,standard,negative
انتمي له محبه وانتمي له ولاء ، في مدينة غرامي سيدي و الامير,0,standard,positive
اللهم انتقم من كل من أوصلنا إلى هذه الحالة,0,standard,negative
مبروك التأهل إلى ربع النهائي للمنتخب الياباني الشقيق,0,standard,positive
ما ناقصينا فتن اللي فينا يكفينا,1,dialectal,negative
الانهاك اختي يقدر تنسيك فيه ابتسامة ممن تهتمين لامرهم ابنتك مثلا مجرد رؤيتها سعيدة سيتلاشى كل التعب و الانهاك,1,dialectal,positive
درب النقى دربي ولا ادل غيره,0,standard,positive
يوم جميل رفقة أصدقائي في الطبيعة الخلابة,0,standard,positive
قذارة الانسان تكمن فى سكوته على وساخة ماحوله من اشخاص,0,standard,negative
بإذن الله تعالى,0,standard,neutral
يبكي اكتر ما يضحك و لله,0,standard,negative
بارك الله فيك سيدي,0,standard,positive
وقع لي نفس الشي مع ناس عزاز على قلبي ولكن لم أستسلم,1,dialectal,positive
فعلا برنامج ساقط واللي يتابعه أسقط منه,0,standard,negative
يولد الشعور بكلمة ويموت بموقف,0,standard,mixed
اكتسب مهارة الأستماع أكثر من الكلام,0,standard,neutral
نهاية اسبوع رائعة للجميع,0,standard,positive
يخبئ الله في أقدارنا أشياء جميلة كن على ثقة بذلك,0,standard,positive
راااائعة,0,standard,positive
مشردون بلا عنوان,0,standard,negative
يحكي أن نفسا رضيت بالأقدار فباتت سعيدة,0,standard,positive
